ci95_high,ci95_low,direction,layer,mask_condition,mean,metric,n,pack,position_group,positive_frac,prompt_runs,rank_mean,scale,stage
0.20270270270270271,-0.18243243243243243,corrupt,0,answer_mask,0.02027027027027027,hidden_target_logit_effect,37,primary,answer_adjacent,0.43243243243243246,37,0.02702702702702703,1.0,hidden_lattice
0.11486486486486487,-0.13513513513513514,corrupt,0,shifted_mask,-0.006756756756756757,hidden_target_logit_effect,37,primary,answer_adjacent,0.43243243243243246,37,0.10810810810810811,1.0,hidden_lattice
0.11486486486486487,-0.18243243243243243,corrupt,0,shuffled_mask,-0.033783783783783786,hidden_target_logit_effect,37,primary,answer_adjacent,0.2972972972972973,37,0.0,1.0,hidden_lattice
0.1891891891891892,-0.10135135135135136,corrupt,0,union_mask,0.0472972972972973,hidden_target_logit_effect,37,primary,answer_adjacent,0.4594594594594595,37,0.08108108108108109,1.0,hidden_lattice
0.8108108108108109,-0.8175675675675675,corrupt,0,answer_mask,-0.02702702702702703,hidden_target_logit_effect,37,primary,top_hidden_delta,0.43243243243243246,37,2.027027027027027,1.0,hidden_lattice
-0.12837837837837837,-1.385135135135135,corrupt,0,shifted_mask,-0.6959459459459459,hidden_target_logit_effect,37,primary,top_hidden_delta,0.35135135135135137,37,0.2702702702702703,1.0,hidden_lattice
0.19594594594594594,-0.6418918918918919,corrupt,0,shuffled_mask,-0.20945945945945946,hidden_target_logit_effect,37,primary,top_hidden_delta,0.35135135135135137,37,0.16216216216216217,1.0,hidden_lattice
0.668918918918919,-0.5675675675675675,corrupt,0,union_mask,-0.006756756756756757,hidden_target_logit_effect,37,primary,top_hidden_delta,0.35135135135135137,37,1.1081081081081081,1.0,hidden_lattice
11.944256756756756,3.641891891891892,corrupt,0,answer_mask,7.76097972972973,hidden_target_logit_effect,37,primary,visual+answer,0.7027027027027027,37,555.972972972973,1.0,hidden_lattice
6.418918918918919,0.16216216216216217,corrupt,0,shifted_mask,3.179054054054054,hidden_target_logit_effect,37,primary,visual+answer,0.6486486486486487,37,122.02702702702703,1.0,hidden_lattice
7.27027027027027,2.260135135135135,corrupt,0,shuffled_mask,4.635135135135135,hidden_target_logit_effect,37,primary,visual+answer,0.5675675675675675,37,48.08108108108108,1.0,hidden_lattice
13.535472972972974,4.871621621621622,corrupt,0,union_mask,9.108952702702704,hidden_target_logit_effect,37,primary,visual+answer,0.7297297297297297,37,593.9459459459459,1.0,hidden_lattice
11.842905405405405,3.5878378378378377,corrupt,0,answer_mask,7.679898648648648,hidden_target_logit_effect,37,primary,visual_span,0.6756756756756757,37,510.6216216216216,1.0,hidden_lattice
6.527027027027027,0.34121621621621623,corrupt,0,shifted_mask,3.2871621621621623,hidden_target_logit_effect,37,primary,visual_span,0.6216216216216216,37,121.56756756756756,1.0,hidden_lattice
7.341216216216216,2.2533783783783785,corrupt,0,shuffled_mask,4.655405405405405,hidden_target_logit_effect,37,primary,visual_span,0.6216216216216216,37,50.37837837837838,1.0,hidden_lattice
13.423986486486486,4.793918918918919,corrupt,0,union_mask,9.01266891891892,hidden_target_logit_effect,37,primary,visual_span,0.7297297297297297,37,548.5945945945946,1.0,hidden_lattice
0.1875,-0.08614864864864864,restore,0,answer_mask,0.05320945945945946,hidden_target_logit_effect,37,primary,answer_adjacent,0.4594594594594595,37,27.10810810810811,1.0,hidden_lattice
0.12162162162162163,-0.2195945945945946,restore,0,shifted_mask,-0.0472972972972973,hidden_target_logit_effect,37,primary,answer_adjacent,0.35135135135135137,37,2.054054054054054,1.0,hidden_lattice
0.16891891891891891,-0.09121621621621621,restore,0,shuffled_mask,0.037162162162162164,hidden_target_logit_effect,37,primary,answer_adjacent,0.43243243243243246,37,2.1621621621621623,1.0,hidden_lattice
0.19932432432432431,-0.03800675675675676,restore,0,union_mask,0.0785472972972973,hidden_target_logit_effect,37,primary,answer_adjacent,0.4864864864864865,37,20.243243243243242,1.0,hidden_lattice
10.403716216216216,2.39527027027027,restore,0,answer_mask,6.413851351351352,hidden_target_logit_effect,37,primary,top_hidden_delta,0.6216216216216216,37,578.7837837837837,1.0,hidden_lattice
5.621621621621622,-0.2972972972972973,restore,0,shifted_mask,2.429054054054054,hidden_target_logit_effect,37,primary,top_hidden_delta,0.5135135135135135,37,118.45945945945945,1.0,hidden_lattice
6.587837837837838,2.189189189189189,restore,0,shuffled_mask,4.216216216216216,hidden_target_logit_effect,37,primary,top_hidden_delta,0.7297297297297297,37,38.270270270270274,1.0,hidden_lattice
11.97635135135135,3.277027027027027,restore,0,union_mask,7.60472972972973,hidden_target_logit_effect,37,primary,top_hidden_delta,0.6216216216216216,37,609.7027027027027,1.0,hidden_lattice
12.015202702702704,3.7212837837837838,restore,0,answer_mask,7.829391891891892,hidden_target_logit_effect,37,primary,visual+answer,0.6756756756756757,37,580.7567567567568,1.0,hidden_lattice
6.625,0.375,restore,0,shifted_mask,3.358108108108108,hidden_target_logit_effect,37,primary,visual+answer,0.6486486486486487,37,123.10810810810811,1.0,hidden_lattice
7.381756756756757,2.489864864864865,restore,0,shuffled_mask,4.8175675675675675,hidden_target_logit_effect,37,primary,visual+answer,0.6216216216216216,37,39.21621621621622,1.0,hidden_lattice
13.43918918918919,4.841216216216216,restore,0,union_mask,9.10472972972973,hidden_target_logit_effect,37,primary,visual+answer,0.7297297297297297,37,612.7837837837837,1.0,hidden_lattice
11.947635135135135,3.675675675675676,restore,0,answer_mask,7.761824324324325,hidden_target_logit_effect,37,primary,visual_span,0.6756756756756757,37,580.8378378378378,1.0,hidden_lattice
6.658783783783784,0.32094594594594594,restore,0,shifted_mask,3.3513513513513513,hidden_target_logit_effect,37,primary,visual_span,0.6216216216216216,37,123.1891891891892,1.0,hidden_lattice
7.25,2.358108108108108,restore,0,shuffled_mask,4.6824324324324325,hidden_target_logit_effect,37,primary,visual_span,0.6216216216216216,37,39.189189189189186,1.0,hidden_lattice
13.422297297297296,4.8074324324324325,restore,0,union_mask,9.02364864864865,hidden_target_logit_effect,37,primary,visual_span,0.7297297297297297,37,612.6486486486486,1.0,hidden_lattice
0.0945945945945946,-0.18243243243243243,corrupt,1,answer_mask,-0.04054054054054054,hidden_target_logit_effect,37,primary,answer_adjacent,0.32432432432432434,37,0.0,1.0,hidden_lattice
0.08783783783783784,-0.1891891891891892,corrupt,1,shifted_mask,-0.0472972972972973,hidden_target_logit_effect,37,primary,answer_adjacent,0.3783783783783784,37,0.0,1.0,hidden_lattice
0.11486486486486487,-0.22972972972972974,corrupt,1,shuffled_mask,-0.060810810810810814,hidden_target_logit_effect,37,primary,answer_adjacent,0.32432432432432434,37,0.0,1.0,hidden_lattice
0.12162162162162163,-0.16891891891891891,corrupt,1,union_mask,-0.02027027027027027,hidden_target_logit_effect,37,primary,answer_adjacent,0.3783783783783784,37,0.02702702702702703,1.0,hidden_lattice
0.7567567567567568,-0.75,corrupt,1,answer_mask,-0.010135135135135136,hidden_target_logit_effect,37,primary,top_hidden_delta,0.35135135135135137,37,2.135135135135135,1.0,hidden_lattice
-0.04054054054054054,-1.0608108108108107,corrupt,1,shifted_mask,-0.527027027027027,hidden_target_logit_effect,37,primary,top_hidden_delta,0.32432432432432434,37,0.10810810810810811,1.0,hidden_lattice
0.19594594594594594,-0.7432432432432432,corrupt,1,shuffled_mask,-0.28378378378378377,hidden_target_logit_effect,37,primary,top_hidden_delta,0.35135135135135137,37,0.16216216216216217,1.0,hidden_lattice
0.22297297297297297,-0.722972972972973,corrupt,1,union_mask,-0.2702702702702703,hidden_target_logit_effect,37,primary,top_hidden_delta,0.2972972972972973,37,0.3783783783783784,1.0,hidden_lattice
10.795608108108109,2.7364864864864864,corrupt,1,answer_mask,6.739864864864865,hidden_target_logit_effect,37,primary,visual+answer,0.6756756756756757,37,463.2432432432432,1.0,hidden_lattice
6.5641891891891895,0.28378378378378377,corrupt,1,shifted_mask,3.266891891891892,hidden_target_logit_effect,37,primary,visual+answer,0.6216216216216216,37,139.05405405405406,1.0,hidden_lattice
6.466216216216216,1.7837837837837838,corrupt,1,shuffled_mask,4.013513513513513,hidden_target_logit_effect,37,primary,visual+answer,0.6216216216216216,37,32.189189189189186,1.0,hidden_lattice
12.278716216216216,3.7179054054054053,corrupt,1,union_mask,8.005067567567568,hidden_target_logit_effect,37,primary,visual+answer,0.7027027027027027,37,492.8378378378378,1.0,hidden_lattice
10.791385135135135,2.8277027027027026,corrupt,1,answer_mask,6.73902027027027,hidden_target_logit_effect,37,primary,visual_span,0.6756756756756757,37,446.1081081081081,1.0,hidden_lattice
6.427364864864865,0.16891891891891891,corrupt,1,shifted_mask,3.16722972972973,hidden_target_logit_effect,37,primary,visual_span,0.6216216216216216,37,138.35135135135135,1.0,hidden_lattice
6.4358108108108105,1.787162162162162,corrupt,1,shuffled_mask,4.006756756756757,hidden_target_logit_effect,37,primary,visual_span,0.5405405405405406,37,34.027027027027025,1.0,hidden_lattice
12.283783783783784,3.8175675675675675,corrupt,1,union_mask,8.05320945945946,hidden_target_logit_effect,37,primary,visual_span,0.6756756756756757,37,478.43243243243245,1.0,hidden_lattice
0.23986486486486486,-0.05405405405405406,restore,1,answer_mask,0.0945945945945946,hidden_target_logit_effect,37,primary,answer_adjacent,0.4594594594594595,37,-8.756756756756756,1.0,hidden_lattice
0.1858108108108108,-0.1554054054054054,restore,1,shifted_mask,0.016891891891891893,hidden_target_logit_effect,37,primary,answer_adjacent,0.43243243243243246,37,3.972972972972973,1.0,hidden_lattice
0.2195945945945946,-0.11148648648648649,restore,1,shuffled_mask,0.05405405405405406,hidden_target_logit_effect,37,primary,answer_adjacent,0.3783783783783784,37,1.6486486486486487,1.0,hidden_lattice
0.13851351351351351,-0.0472972972972973,restore,1,union_mask,0.04391891891891892,hidden_target_logit_effect,37,primary,answer_adjacent,0.3783783783783784,37,-13.702702702702704,1.0,hidden_lattice
11.383445945945946,3.060810810810811,restore,1,answer_mask,7.2449324324324325,hidden_target_logit_effect,37,primary,top_hidden_delta,0.6756756756756757,37,580.1621621621622,1.0,hidden_lattice
6.054054054054054,0.10810810810810811,restore,1,shifted_mask,2.864864864864865,hidden_target_logit_effect,37,primary,top_hidden_delta,0.6216216216216216,37,120.86486486486487,1.0,hidden_lattice
6.881756756756757,2.0304054054054053,restore,1,shuffled_mask,4.283783783783784,hidden_target_logit_effect,37,primary,top_hidden_delta,0.5945945945945946,37,38.270270270270274,1.0,hidden_lattice
12.375,3.72972972972973,restore,1,union_mask,8.003378378378379,hidden_target_logit_effect,37,primary,top_hidden_delta,0.6756756756756757,37,611.2162162162163,1.0,hidden_lattice
11.95945945945946,3.831081081081081,restore,1,answer_mask,7.883445945945946,hidden_target_logit_effect,37,primary,visual+answer,0.6756756756756757,37,580.7297297297297,1.0,hidden_lattice
6.418918918918919,0.32432432432432434,restore,1,shifted_mask,3.222972972972973,hidden_target_logit_effect,37,primary,visual+answer,0.6216216216216216,37,122.94594594594595,1.0,hidden_lattice
7.266891891891892,2.4695945945945947,restore,1,shuffled_mask,4.72972972972973,hidden_target_logit_effect,37,primary,visual+answer,0.6216216216216216,37,39.13513513513514,1.0,hidden_lattice
13.493243243243244,5.179054054054054,restore,1,union_mask,9.27364864864865,hidden_target_logit_effect,37,primary,visual+answer,0.7297297297297297,37,612.7027027027027,1.0,hidden_lattice
12.054054054054054,3.864864864864865,restore,1,answer_mask,7.930743243243243,hidden_target_logit_effect,37,primary,visual_span,0.7027027027027027,37,580.7567567567568,1.0,hidden_lattice
6.496621621621622,0.4391891891891892,restore,1,shifted_mask,3.310810810810811,hidden_target_logit_effect,37,primary,visual_span,0.6216216216216216,37,122.91891891891892,1.0,hidden_lattice
7.239864864864865,2.489864864864865,restore,1,shuffled_mask,4.756756756756757,hidden_target_logit_effect,37,primary,visual_span,0.6486486486486487,37,39.0,1.0,hidden_lattice
13.361486486486486,4.89527027027027,restore,1,union_mask,9.077702702702704,hidden_target_logit_effect,37,primary,visual_span,0.7027027027027027,37,612.4864864864865,1.0,hidden_lattice
0.0945945945945946,-0.19594594594594594,corrupt,2,answer_mask,-0.0472972972972973,hidden_target_logit_effect,37,primary,answer_adjacent,0.3783783783783784,37,-0.05405405405405406,1.0,hidden_lattice
0.0945945945945946,-0.25675675675675674,corrupt,2,shifted_mask,-0.07432432432432433,hidden_target_logit_effect,37,primary,answer_adjacent,0.2702702702702703,37,0.10810810810810811,1.0,hidden_lattice
0.08108108108108109,-0.20945945945945946,corrupt,2,shuffled_mask,-0.060810810810810814,hidden_target_logit_effect,37,primary,answer_adjacent,0.43243243243243246,37,0.1891891891891892,1.0,hidden_lattice
0.08108108108108109,-0.2635135135135135,corrupt,2,union_mask,-0.08783783783783784,hidden_target_logit_effect,37,primary,answer_adjacent,0.32432432432432434,37,0.05405405405405406,1.0,hidden_lattice
0.47635135135135137,-0.972972972972973,corrupt,2,answer_mask,-0.2939189189189189,hidden_target_logit_effect,37,primary,top_hidden_delta,0.35135135135135137,37,1.2972972972972974,1.0,hidden_lattice
0.16891891891891891,-1.027027027027027,corrupt,2,shifted_mask,-0.39864864864864863,hidden_target_logit_effect,37,primary,top_hidden_delta,0.4594594594594595,37,0.10810810810810811,1.0,hidden_lattice
0.8986486486486487,-0.5472972972972973,corrupt,2,shuffled_mask,0.16216216216216217,hidden_target_logit_effect,37,primary,top_hidden_delta,0.43243243243243246,37,0.32432432432432434,1.0,hidden_lattice
0.4527027027027027,-0.7567567567567568,corrupt,2,union_mask,-0.18243243243243243,hidden_target_logit_effect,37,primary,top_hidden_delta,0.32432432432432434,37,0.2972972972972973,1.0,hidden_lattice
10.848817567567568,2.829391891891892,corrupt,2,answer_mask,6.811655405405405,hidden_target_logit_effect,37,primary,visual+answer,0.6756756756756757,37,441.86486486486484,1.0,hidden_lattice
6.510135135135135,0.28040540540540543,corrupt,2,shifted_mask,3.2533783783783785,hidden_target_logit_effect,37,primary,visual+answer,0.5945945945945946,37,137.86486486486487,1.0,hidden_lattice
6.570945945945946,1.864864864864865,corrupt,2,shuffled_mask,4.097972972972973,hidden_target_logit_effect,37,primary,visual+answer,0.5945945945945946,37,29.64864864864865,1.0,hidden_lattice
12.222972972972974,3.6182432432432434,corrupt,2,union_mask,7.94847972972973,hidden_target_logit_effect,37,primary,visual+answer,0.6756756756756757,37,473.7567567567568,1.0,hidden_lattice
10.94679054054054,2.8783783783783785,corrupt,2,answer_mask,6.8454391891891895,hidden_target_logit_effect,37,primary,visual_span,0.6756756756756757,37,499.4864864864865,1.0,hidden_lattice
6.641891891891892,0.43243243243243246,corrupt,2,shifted_mask,3.3817567567567566,hidden_target_logit_effect,37,primary,visual_span,0.5945945945945946,37,138.59459459459458,1.0,hidden_lattice
6.550675675675675,1.8243243243243243,corrupt,2,shuffled_mask,4.0675675675675675,hidden_target_logit_effect,37,primary,visual_span,0.5675675675675675,37,29.027027027027028,1.0,hidden_lattice
12.25,3.6782094594594597,corrupt,2,union_mask,7.975506756756757,hidden_target_logit_effect,37,primary,visual_span,0.6756756756756757,37,528.1621621621622,1.0,hidden_lattice
0.21621621621621623,-0.08108108108108109,restore,2,answer_mask,0.06925675675675676,hidden_target_logit_effect,37,primary,answer_adjacent,0.40540540540540543,37,27.62162162162162,1.0,hidden_lattice
0.1858108108108108,-0.125,restore,2,shifted_mask,0.033783783783783786,hidden_target_logit_effect,37,primary,answer_adjacent,0.4864864864864865,37,6.648648648648648,1.0,hidden_lattice
0.15202702702702703,-0.08108108108108109,restore,2,shuffled_mask,0.033783783783783786,hidden_target_logit_effect,37,primary,answer_adjacent,0.40540540540540543,37,1.6756756756756757,1.0,hidden_lattice
0.24324324324324326,-0.018581081081081082,restore,2,union_mask,0.10641891891891891,hidden_target_logit_effect,37,primary,answer_adjacent,0.4864864864864865,37,16.756756756756758,1.0,hidden_lattice
7.581081081081081,1.3158783783783783,restore,2,answer_mask,4.41722972972973,hidden_target_logit_effect,37,primary,top_hidden_delta,0.5945945945945946,37,-242.51351351351352,1.0,hidden_lattice
5.881756756756757,0.26013513513513514,restore,2,shifted_mask,2.8277027027027026,hidden_target_logit_effect,37,primary,top_hidden_delta,0.6216216216216216,37,121.56756756756756,1.0,hidden_lattice
5.216216216216216,1.6824324324324325,restore,2,shuffled_mask,3.39527027027027,hidden_target_logit_effect,37,primary,top_hidden_delta,0.5945945945945946,37,37.67567567567568,1.0,hidden_lattice
8.800675675675675,1.2060810810810811,restore,2,union_mask,4.95945945945946,hidden_target_logit_effect,37,primary,top_hidden_delta,0.5945945945945946,37,-211.7027027027027,1.0,hidden_lattice
11.95777027027027,3.70777027027027,restore,2,answer_mask,7.795608108108108,hidden_target_logit_effect,37,primary,visual+answer,0.6756756756756757,37,580.6756756756756,1.0,hidden_lattice
6.530405405405405,0.46959459459459457,restore,2,shifted_mask,3.364864864864865,hidden_target_logit_effect,37,primary,visual+answer,0.6486486486486487,37,123.10810810810811,1.0,hidden_lattice
7.3074324324324325,2.5777027027027026,restore,2,shuffled_mask,4.804054054054054,hidden_target_logit_effect,37,primary,visual+answer,0.6486486486486487,37,38.91891891891892,1.0,hidden_lattice
13.287162162162161,4.851351351351352,restore,2,union_mask,9.04391891891892,hidden_target_logit_effect,37,primary,visual+answer,0.7027027027027027,37,612.5675675675676,1.0,hidden_lattice
12.0625,3.768581081081081,restore,2,answer_mask,7.890202702702703,hidden_target_logit_effect,37,primary,visual_span,0.7027027027027027,37,580.8378378378378,1.0,hidden_lattice
6.469594594594595,0.44594594594594594,restore,2,shifted_mask,3.3378378378378377,hidden_target_logit_effect,37,primary,visual_span,0.6216216216216216,37,123.08108108108108,1.0,hidden_lattice
7.371621621621622,2.614864864864865,restore,2,shuffled_mask,4.864864864864865,hidden_target_logit_effect,37,primary,visual_span,0.6756756756756757,37,39.0,1.0,hidden_lattice
13.47972972972973,4.95945945945946,restore,2,union_mask,9.138513513513514,hidden_target_logit_effect,37,primary,visual_span,0.7027027027027027,37,612.4594594594595,1.0,hidden_lattice
0.0945945945945946,-0.2905405405405405,corrupt,3,answer_mask,-0.0945945945945946,hidden_target_logit_effect,37,primary,answer_adjacent,0.2972972972972973,37,-0.05405405405405406,1.0,hidden_lattice
0.05405405405405406,-0.2972972972972973,corrupt,3,shifted_mask,-0.12837837837837837,hidden_target_logit_effect,37,primary,answer_adjacent,0.32432432432432434,37,0.02702702702702703,1.0,hidden_lattice
0.10810810810810811,-0.31756756756756754,corrupt,3,shuffled_mask,-0.11486486486486487,hidden_target_logit_effect,37,primary,answer_adjacent,0.32432432432432434,37,0.05405405405405406,1.0,hidden_lattice
0.04054054054054054,-0.2905405405405405,corrupt,3,union_mask,-0.12837837837837837,hidden_target_logit_effect,37,primary,answer_adjacent,0.2702702702702703,37,-0.10810810810810811,1.0,hidden_lattice
0.10135135135135136,-1.472972972972973,corrupt,3,answer_mask,-0.722972972972973,hidden_target_logit_effect,37,primary,top_hidden_delta,0.35135135135135137,37,1.3513513513513513,1.0,hidden_lattice
0.12837837837837837,-1.0945945945945945,corrupt,3,shifted_mask,-0.4391891891891892,hidden_target_logit_effect,37,primary,top_hidden_delta,0.3783783783783784,37,0.0,1.0,hidden_lattice
0.3310810810810811,-0.44594594594594594,corrupt,3,shuffled_mask,-0.05405405405405406,hidden_target_logit_effect,37,primary,top_hidden_delta,0.43243243243243246,37,0.21621621621621623,1.0,hidden_lattice
0.5945945945945946,-0.7094594594594594,corrupt,3,union_mask,-0.08108108108108109,hidden_target_logit_effect,37,primary,top_hidden_delta,0.35135135135135137,37,0.2702702702702703,1.0,hidden_lattice
10.858108108108109,2.9375,corrupt,3,answer_mask,6.8699324324324325,hidden_target_logit_effect,37,primary,visual+answer,0.6756756756756757,37,462.97297297297297,1.0,hidden_lattice
6.481418918918919,0.19256756756756757,corrupt,3,shifted_mask,3.2010135135135136,hidden_target_logit_effect,37,primary,visual+answer,0.5945945945945946,37,135.9189189189189,1.0,hidden_lattice
6.47972972972973,1.7094594594594594,corrupt,3,shuffled_mask,3.9662162162162162,hidden_target_logit_effect,37,primary,visual+answer,0.5675675675675675,37,29.54054054054054,1.0,hidden_lattice
12.33445945945946,3.9864864864864864,corrupt,3,union_mask,8.175675675675675,hidden_target_logit_effect,37,primary,visual+answer,0.7027027027027027,37,489.56756756756755,1.0,hidden_lattice
10.721283783783784,2.7195945945945947,corrupt,3,answer_mask,6.677364864864865,hidden_target_logit_effect,37,primary,visual_span,0.6756756756756757,37,497.4594594594595,1.0,hidden_lattice
6.351351351351352,0.14527027027027026,corrupt,3,shifted_mask,3.114864864864865,hidden_target_logit_effect,37,primary,visual_span,0.5945945945945946,37,132.35135135135135,1.0,hidden_lattice
6.378378378378378,1.7567567567567568,corrupt,3,shuffled_mask,3.9594594594594597,hidden_target_logit_effect,37,primary,visual_span,0.5945945945945946,37,27.216216216216218,1.0,hidden_lattice
12.371621621621621,3.983108108108108,corrupt,3,union_mask,8.172297297297296,hidden_target_logit_effect,37,primary,visual_span,0.7027027027027027,37,525.5945945945946,1.0,hidden_lattice
0.8108108108108109,-0.037162162162162164,restore,3,answer_mask,0.30489864864864863,hidden_target_logit_effect,37,primary,answer_adjacent,0.43243243243243246,37,-40.7027027027027,1.0,hidden_lattice
0.12162162162162163,-0.20945945945945946,restore,3,shifted_mask,-0.04391891891891892,hidden_target_logit_effect,37,primary,answer_adjacent,0.43243243243243246,37,-1.027027027027027,1.0,hidden_lattice
0.22972972972972974,-0.11824324324324324,restore,3,shuffled_mask,0.05405405405405406,hidden_target_logit_effect,37,primary,answer_adjacent,0.5405405405405406,37,3.189189189189189,1.0,hidden_lattice
0.46621621621621623,-0.0016891891891891893,restore,3,union_mask,0.21199324324324326,hidden_target_logit_effect,37,primary,answer_adjacent,0.5945945945945946,37,-34.945945945945944,1.0,hidden_lattice
9.54054054054054,1.9391891891891893,restore,3,answer_mask,5.66722972972973,hidden_target_logit_effect,37,primary,top_hidden_delta,0.6216216216216216,37,498.7837837837838,1.0,hidden_lattice
6.0,0.46621621621621623,restore,3,shifted_mask,2.929054054054054,hidden_target_logit_effect,37,primary,top_hidden_delta,0.5945945945945946,37,120.43243243243244,1.0,hidden_lattice
5.45945945945946,1.4695945945945945,restore,3,shuffled_mask,3.2162162162162162,hidden_target_logit_effect,37,primary,top_hidden_delta,0.6756756756756757,37,36.432432432432435,1.0,hidden_lattice
11.39864864864865,3.016891891891892,restore,3,union_mask,7.236486486486487,hidden_target_logit_effect,37,primary,top_hidden_delta,0.6756756756756757,37,530.5675675675676,1.0,hidden_lattice
12.070945945945946,3.89527027027027,restore,3,answer_mask,7.951013513513513,hidden_target_logit_effect,37,primary,visual+answer,0.7027027027027027,37,580.918918918919,1.0,hidden_lattice
6.547297297297297,0.5067567567567568,restore,3,shifted_mask,3.385135135135135,hidden_target_logit_effect,37,primary,visual+answer,0.5945945945945946,37,122.97297297297297,1.0,hidden_lattice
7.324324324324325,2.574324324324324,restore,3,shuffled_mask,4.837837837837838,hidden_target_logit_effect,37,primary,visual+answer,0.6756756756756757,37,38.972972972972975,1.0,hidden_lattice
13.412162162162161,4.993243243243243,restore,3,union_mask,9.125,hidden_target_logit_effect,37,primary,visual+answer,0.7297297297297297,37,612.4864864864865,1.0,hidden_lattice
12.302364864864865,4.0574324324324325,restore,3,answer_mask,8.12668918918919,hidden_target_logit_effect,37,primary,visual_span,0.7027027027027027,37,581.027027027027,1.0,hidden_lattice
6.672297297297297,0.5506756756756757,restore,3,shifted_mask,3.47972972972973,hidden_target_logit_effect,37,primary,visual_span,0.5945945945945946,37,123.0,1.0,hidden_lattice
7.452702702702703,2.625,restore,3,shuffled_mask,4.912162162162162,hidden_target_logit_effect,37,primary,visual_span,0.6486486486486487,37,39.108108108108105,1.0,hidden_lattice
13.533783783783784,5.101351351351352,restore,3,union_mask,9.239864864864865,hidden_target_logit_effect,37,primary,visual_span,0.7027027027027027,37,612.4594594594595,1.0,hidden_lattice
-0.05405405405405406,-0.4527027027027027,corrupt,4,answer_mask,-0.25,hidden_target_logit_effect,37,primary,answer_adjacent,0.2972972972972973,37,-0.02702702702702703,1.0,hidden_lattice
-0.05405405405405406,-0.49324324324324326,corrupt,4,shifted_mask,-0.2635135135135135,hidden_target_logit_effect,37,primary,answer_adjacent,0.2702702702702703,37,0.0,1.0,hidden_lattice
-0.08783783783783784,-0.4527027027027027,corrupt,4,shuffled_mask,-0.2635135135135135,hidden_target_logit_effect,37,primary,answer_adjacent,0.16216216216216217,37,-0.05405405405405406,1.0,hidden_lattice
-0.07432432432432433,-0.4594594594594595,corrupt,4,union_mask,-0.2702702702702703,hidden_target_logit_effect,37,primary,answer_adjacent,0.2702702702702703,37,-0.16216216216216217,1.0,hidden_lattice
0.5777027027027027,-1.070945945945946,corrupt,4,answer_mask,-0.28040540540540543,hidden_target_logit_effect,37,primary,top_hidden_delta,0.40540540540540543,37,0.24324324324324326,1.0,hidden_lattice
0.3310810810810811,-0.5540540540540541,corrupt,4,shifted_mask,-0.10135135135135136,hidden_target_logit_effect,37,primary,top_hidden_delta,0.43243243243243246,37,0.2972972972972973,1.0,hidden_lattice
0.5743243243243243,-0.42567567567567566,corrupt,4,shuffled_mask,0.0472972972972973,hidden_target_logit_effect,37,primary,top_hidden_delta,0.3783783783783784,37,0.35135135135135137,1.0,hidden_lattice
0.4189189189189189,-0.8175675675675675,corrupt,4,union_mask,-0.22297297297297297,hidden_target_logit_effect,37,primary,top_hidden_delta,0.3783783783783784,37,0.4594594594594595,1.0,hidden_lattice
10.494932432432432,2.6114864864864864,corrupt,4,answer_mask,6.496621621621622,hidden_target_logit_effect,37,primary,visual+answer,0.6216216216216216,37,422.4054054054054,1.0,hidden_lattice
6.152027027027027,0.14189189189189189,corrupt,4,shifted_mask,3.0304054054054053,hidden_target_logit_effect,37,primary,visual+answer,0.5945945945945946,37,128.83783783783784,1.0,hidden_lattice
6.118243243243243,1.635135135135135,corrupt,4,shuffled_mask,3.777027027027027,hidden_target_logit_effect,37,primary,visual+answer,0.5405405405405406,37,23.16216216216216,1.0,hidden_lattice
12.099662162162161,3.810810810810811,corrupt,4,union_mask,7.962837837837838,hidden_target_logit_effect,37,primary,visual+answer,0.7027027027027027,37,448.3243243243243,1.0,hidden_lattice
10.453547297297296,2.4966216216216215,corrupt,4,answer_mask,6.4113175675675675,hidden_target_logit_effect,37,primary,visual_span,0.6216216216216216,37,527.8378378378378,1.0,hidden_lattice
6.168918918918919,0.13175675675675674,corrupt,4,shifted_mask,3.010135135135135,hidden_target_logit_effect,37,primary,visual_span,0.5945945945945946,37,129.02702702702703,1.0,hidden_lattice
6.266891891891892,1.7702702702702702,corrupt,4,shuffled_mask,3.902027027027027,hidden_target_logit_effect,37,primary,visual_span,0.5675675675675675,37,23.83783783783784,1.0,hidden_lattice
11.97972972972973,3.6554054054054053,corrupt,4,union_mask,7.813344594594595,hidden_target_logit_effect,37,primary,visual_span,0.7027027027027027,37,551.1351351351351,1.0,hidden_lattice
0.2533783783783784,-0.24493243243243243,restore,4,answer_mask,-0.016891891891891893,hidden_target_logit_effect,37,primary,answer_adjacent,0.2972972972972973,37,-98.78378378378379,1.0,hidden_lattice
0.07094594594594594,-0.25675675675675674,restore,4,shifted_mask,-0.08783783783783784,hidden_target_logit_effect,37,primary,answer_adjacent,0.32432432432432434,37,2.945945945945946,1.0,hidden_lattice
0.18243243243243243,-0.13513513513513514,restore,4,shuffled_mask,0.02027027027027027,hidden_target_logit_effect,37,primary,answer_adjacent,0.3783783783783784,37,1.864864864864865,1.0,hidden_lattice
0.10641891891891891,-0.23817567567567569,restore,4,union_mask,-0.07432432432432433,hidden_target_logit_effect,37,primary,answer_adjacent,0.3783783783783784,37,-100.32432432432432,1.0,hidden_lattice
9.199324324324325,2.2972972972972974,restore,4,answer_mask,5.671452702702703,hidden_target_logit_effect,37,primary,top_hidden_delta,0.5675675675675675,37,55.86486486486486,1.0,hidden_lattice
6.206081081081081,0.9155405405405406,restore,4,shifted_mask,3.3378378378378377,hidden_target_logit_effect,37,primary,top_hidden_delta,0.5675675675675675,37,122.32432432432432,1.0,hidden_lattice
4.827702702702703,0.581081081081081,restore,4,shuffled_mask,2.5236486486486487,hidden_target_logit_effect,37,primary,top_hidden_delta,0.5675675675675675,37,35.86486486486486,1.0,hidden_lattice
8.903716216216216,1.6089527027027026,restore,4,union_mask,5.191722972972973,hidden_target_logit_effect,37,primary,top_hidden_delta,0.5405405405405406,37,52.24324324324324,1.0,hidden_lattice
12.003378378378379,3.75,restore,4,answer_mask,7.829391891891892,hidden_target_logit_effect,37,primary,visual+answer,0.7027027027027027,37,580.7837837837837,1.0,hidden_lattice
6.418918918918919,0.40878378378378377,restore,4,shifted_mask,3.2837837837837838,hidden_target_logit_effect,37,primary,visual+answer,0.5945945945945946,37,122.97297297297297,1.0,hidden_lattice
7.337837837837838,2.5236486486486487,restore,4,shuffled_mask,4.797297297297297,hidden_target_logit_effect,37,primary,visual+answer,0.5945945945945946,37,38.891891891891895,1.0,hidden_lattice
13.375,5.023648648648648,restore,4,union_mask,9.131756756756756,hidden_target_logit_effect,37,primary,visual+answer,0.7027027027027027,37,612.4324324324324,1.0,hidden_lattice
12.14527027027027,3.810810810810811,restore,4,answer_mask,7.9375,hidden_target_logit_effect,37,primary,visual_span,0.7027027027027027,37,580.9459459459459,1.0,hidden_lattice
6.574324324324325,0.46621621621621623,restore,4,shifted_mask,3.391891891891892,hidden_target_logit_effect,37,primary,visual_span,0.6216216216216216,37,123.0,1.0,hidden_lattice
7.47972972972973,2.4662162162162162,restore,4,shuffled_mask,4.858108108108108,hidden_target_logit_effect,37,primary,visual_span,0.6216216216216216,37,39.027027027027025,1.0,hidden_lattice
13.557432432432432,5.0608108108108105,restore,4,union_mask,9.233108108108109,hidden_target_logit_effect,37,primary,visual_span,0.7027027027027027,37,612.5135135135135,1.0,hidden_lattice
-0.17567567567567569,-0.7297297297297297,corrupt,5,answer_mask,-0.4391891891891892,hidden_target_logit_effect,37,primary,answer_adjacent,0.2972972972972973,37,-0.2972972972972973,1.0,hidden_lattice
-0.013513513513513514,-0.5135135135135135,corrupt,5,shifted_mask,-0.2635135135135135,hidden_target_logit_effect,37,primary,answer_adjacent,0.40540540540540543,37,-0.21621621621621623,1.0,hidden_lattice
-0.12837837837837837,-0.6554054054054054,corrupt,5,shuffled_mask,-0.3918918918918919,hidden_target_logit_effect,37,primary,answer_adjacent,0.24324324324324326,37,-0.2972972972972973,1.0,hidden_lattice
-0.1891891891891892,-0.7702702702702703,corrupt,5,union_mask,-0.47297297297297297,hidden_target_logit_effect,37,primary,answer_adjacent,0.24324324324324326,37,-0.16216216216216217,1.0,hidden_lattice
0.39864864864864863,-1.0135135135135136,corrupt,5,answer_mask,-0.32432432432432434,hidden_target_logit_effect,37,primary,top_hidden_delta,0.3783783783783784,37,-0.02702702702702703,1.0,hidden_lattice
0.49324324324324326,-0.21621621621621623,corrupt,5,shifted_mask,0.1554054054054054,hidden_target_logit_effect,37,primary,top_hidden_delta,0.5945945945945946,37,0.08108108108108109,1.0,hidden_lattice
0.49324324324324326,-0.6486486486486487,corrupt,5,shuffled_mask,-0.05405405405405406,hidden_target_logit_effect,37,primary,top_hidden_delta,0.3783783783783784,37,-0.10810810810810811,1.0,hidden_lattice
0.7432432432432432,-0.3108108108108108,corrupt,5,union_mask,0.17229729729729729,hidden_target_logit_effect,37,primary,top_hidden_delta,0.43243243243243246,37,0.7027027027027027,1.0,hidden_lattice
10.581925675675675,2.8302364864864864,corrupt,5,answer_mask,6.624155405405405,hidden_target_logit_effect,37,primary,visual+answer,0.6756756756756757,37,318.7567567567568,1.0,hidden_lattice
5.952702702702703,0.43243243243243246,corrupt,5,shifted_mask,3.0945945945945947,hidden_target_logit_effect,37,primary,visual+answer,0.5675675675675675,37,64.5945945945946,1.0,hidden_lattice
5.743243243243243,1.679054054054054,corrupt,5,shuffled_mask,3.6317567567567566,hidden_target_logit_effect,37,primary,visual+answer,0.6486486486486487,37,8.81081081081081,1.0,hidden_lattice
11.169763513513514,3.539695945945946,corrupt,5,union_mask,7.262668918918919,hidden_target_logit_effect,37,primary,visual+answer,0.7297297297297297,37,307.4594594594595,1.0,hidden_lattice
10.599662162162161,2.7466216216216215,corrupt,5,answer_mask,6.576858108108108,hidden_target_logit_effect,37,primary,visual_span,0.6486486486486487,37,402.64864864864865,1.0,hidden_lattice
5.837837837837838,0.3581081081081081,corrupt,5,shifted_mask,3.0033783783783785,hidden_target_logit_effect,37,primary,visual_span,0.6216216216216216,37,66.0,1.0,hidden_lattice
5.695945945945946,1.6722972972972974,corrupt,5,shuffled_mask,3.6013513513513513,hidden_target_logit_effect,37,primary,visual_span,0.6216216216216216,37,8.972972972972974,1.0,hidden_lattice
11.527027027027026,3.7027027027027026,corrupt,5,union_mask,7.55152027027027,hidden_target_logit_effect,37,primary,visual_span,0.7027027027027027,37,385.4594594594595,1.0,hidden_lattice
0.706081081081081,-0.27533783783783783,restore,5,answer_mask,0.14695945945945946,hidden_target_logit_effect,37,primary,answer_adjacent,0.40540540540540543,37,-127.08108108108108,1.0,hidden_lattice
0.05067567567567568,-0.3716216216216216,restore,5,shifted_mask,-0.15202702702702703,hidden_target_logit_effect,37,primary,answer_adjacent,0.3783783783783784,37,-1.5675675675675675,1.0,hidden_lattice
0.3108108108108108,-0.12837837837837837,restore,5,shuffled_mask,0.08783783783783784,hidden_target_logit_effect,37,primary,answer_adjacent,0.4864864864864865,37,1.6486486486486487,1.0,hidden_lattice
0.11655405405405406,-0.3614864864864865,restore,5,union_mask,-0.13006756756756757,hidden_target_logit_effect,37,primary,answer_adjacent,0.2972972972972973,37,-130.97297297297297,1.0,hidden_lattice
7.852195945945946,1.8125,restore,5,answer_mask,4.80152027027027,hidden_target_logit_effect,37,primary,top_hidden_delta,0.5405405405405406,37,-514.3513513513514,1.0,hidden_lattice
5.996621621621622,0.7195945945945946,restore,5,shifted_mask,3.1114864864864864,hidden_target_logit_effect,37,primary,top_hidden_delta,0.5405405405405406,37,122.02702702702703,1.0,hidden_lattice
6.1891891891891895,1.8108108108108107,restore,5,shuffled_mask,3.858108108108108,hidden_target_logit_effect,37,primary,top_hidden_delta,0.6486486486486487,37,37.37837837837838,1.0,hidden_lattice
8.535472972972974,1.787162162162162,restore,5,union_mask,5.1613175675675675,hidden_target_logit_effect,37,primary,top_hidden_delta,0.5945945945945946,37,-488.35135135135135,1.0,hidden_lattice
11.95608108108108,3.7010135135135136,restore,5,answer_mask,7.815878378378378,hidden_target_logit_effect,37,primary,visual+answer,0.7027027027027027,37,580.7297297297297,1.0,hidden_lattice
6.591216216216216,0.777027027027027,restore,5,shifted_mask,3.560810810810811,hidden_target_logit_effect,37,primary,visual+answer,0.6216216216216216,37,123.02702702702703,1.0,hidden_lattice
7.22972972972973,2.425675675675676,restore,5,shuffled_mask,4.736486486486487,hidden_target_logit_effect,37,primary,visual+answer,0.6486486486486487,37,38.648648648648646,1.0,hidden_lattice
13.219594594594595,4.962837837837838,restore,5,union_mask,9.010135135135135,hidden_target_logit_effect,37,primary,visual+answer,0.7297297297297297,37,612.4324324324324,1.0,hidden_lattice
12.114864864864865,3.8462837837837838,restore,5,answer_mask,7.964527027027027,hidden_target_logit_effect,37,primary,visual_span,0.7027027027027027,37,580.8378378378378,1.0,hidden_lattice
6.743243243243243,0.875,restore,5,shifted_mask,3.675675675675676,hidden_target_logit_effect,37,primary,visual_span,0.6216216216216216,37,123.02702702702703,1.0,hidden_lattice
7.631756756756757,2.64527027027027,restore,5,shuffled_mask,5.04054054054054,hidden_target_logit_effect,37,primary,visual_span,0.6756756756756757,37,38.891891891891895,1.0,hidden_lattice
13.591216216216216,5.1925675675675675,restore,5,union_mask,9.219594594594595,hidden_target_logit_effect,37,primary,visual_span,0.7027027027027027,37,612.6756756756756,1.0,hidden_lattice
-0.11486486486486487,-0.7297297297297297,corrupt,6,answer_mask,-0.42567567567567566,hidden_target_logit_effect,37,primary,answer_adjacent,0.2972972972972973,37,-0.1891891891891892,1.0,hidden_lattice
-0.060810810810810814,-0.6756756756756757,corrupt,6,shifted_mask,-0.36486486486486486,hidden_target_logit_effect,37,primary,answer_adjacent,0.2702702702702703,37,-0.10810810810810811,1.0,hidden_lattice
-0.14864864864864866,-0.7635135135135135,corrupt,6,shuffled_mask,-0.44594594594594594,hidden_target_logit_effect,37,primary,answer_adjacent,0.21621621621621623,37,-0.24324324324324326,1.0,hidden_lattice
0.0945945945945946,-0.6554054054054054,corrupt,6,union_mask,-0.28378378378378377,hidden_target_logit_effect,37,primary,answer_adjacent,0.2702702702702703,37,0.08108108108108109,1.0,hidden_lattice
1.0202702702702702,-0.6351351351351351,corrupt,6,answer_mask,0.13513513513513514,hidden_target_logit_effect,37,primary,top_hidden_delta,0.3783783783783784,37,2.6216216216216215,1.0,hidden_lattice
0.24324324324324326,-1.0810810810810811,corrupt,6,shifted_mask,-0.34459459459459457,hidden_target_logit_effect,37,primary,top_hidden_delta,0.4594594594594595,37,0.2702702702702703,1.0,hidden_lattice
0.21621621621621623,-0.5540540540540541,corrupt,6,shuffled_mask,-0.17567567567567569,hidden_target_logit_effect,37,primary,top_hidden_delta,0.40540540540540543,37,0.1891891891891892,1.0,hidden_lattice
0.1891891891891892,-0.918918918918919,corrupt,6,union_mask,-0.35135135135135137,hidden_target_logit_effect,37,primary,top_hidden_delta,0.3783783783783784,37,0.1891891891891892,1.0,hidden_lattice
10.619932432432432,3.3361486486486487,corrupt,6,answer_mask,6.944256756756757,hidden_target_logit_effect,37,primary,visual+answer,0.7027027027027027,37,169.27027027027026,1.0,hidden_lattice
6.293918918918919,0.6925675675675675,corrupt,6,shifted_mask,3.358108108108108,hidden_target_logit_effect,37,primary,visual+answer,0.5945945945945946,37,47.4054054054054,1.0,hidden_lattice
5.726351351351352,1.6013513513513513,corrupt,6,shuffled_mask,3.60472972972973,hidden_target_logit_effect,37,primary,visual+answer,0.5675675675675675,37,7.756756756756757,1.0,hidden_lattice
11.304054054054054,4.206081081081081,corrupt,6,union_mask,7.70945945945946,hidden_target_logit_effect,37,primary,visual+answer,0.7027027027027027,37,160.02702702702703,1.0,hidden_lattice
10.307432432432432,2.939189189189189,corrupt,6,answer_mask,6.537162162162162,hidden_target_logit_effect,37,primary,visual_span,0.6486486486486487,37,156.6216216216216,1.0,hidden_lattice
6.1925675675675675,0.6722972972972973,corrupt,6,shifted_mask,3.300675675675676,hidden_target_logit_effect,37,primary,visual_span,0.6216216216216216,37,49.7027027027027,1.0,hidden_lattice
5.702702702702703,1.6452702702702702,corrupt,6,shuffled_mask,3.614864864864865,hidden_target_logit_effect,37,primary,visual_span,0.5945945945945946,37,7.486486486486487,1.0,hidden_lattice
10.804054054054054,3.6317567567567566,corrupt,6,union_mask,7.211148648648648,hidden_target_logit_effect,37,primary,visual_span,0.6756756756756757,37,139.8918918918919,1.0,hidden_lattice
1.277027027027027,-0.3260135135135135,restore,6,answer_mask,0.35135135135135137,hidden_target_logit_effect,37,primary,answer_adjacent,0.4594594594594595,37,79.62162162162163,1.0,hidden_lattice
0.14189189189189189,-0.33783783783783783,restore,6,shifted_mask,-0.09797297297297297,hidden_target_logit_effect,37,primary,answer_adjacent,0.40540540540540543,37,-11.027027027027026,1.0,hidden_lattice
0.125,-0.34121621621621623,restore,6,shuffled_mask,-0.10135135135135136,hidden_target_logit_effect,37,primary,answer_adjacent,0.43243243243243246,37,0.16216216216216217,1.0,hidden_lattice
1.820945945945946,-0.28885135135135137,restore,6,union_mask,0.543918918918919,hidden_target_logit_effect,37,primary,answer_adjacent,0.4864864864864865,37,91.67567567567568,1.0,hidden_lattice
9.844594594594595,2.356418918918919,restore,6,answer_mask,6.069256756756757,hidden_target_logit_effect,37,primary,top_hidden_delta,0.6216216216216216,37,571.8648648648649,1.0,hidden_lattice
6.125,0.30067567567567566,restore,6,shifted_mask,2.983108108108108,hidden_target_logit_effect,37,primary,top_hidden_delta,0.5135135135135135,37,121.24324324324324,1.0,hidden_lattice
5.89527027027027,1.2533783783783783,restore,6,shuffled_mask,3.3817567567567566,hidden_target_logit_effect,37,primary,top_hidden_delta,0.5135135135135135,37,37.08108108108108,1.0,hidden_lattice
9.297297297297296,1.8918918918918919,restore,6,union_mask,5.648648648648648,hidden_target_logit_effect,37,primary,top_hidden_delta,0.6216216216216216,37,596.6216216216217,1.0,hidden_lattice
12.214527027027026,3.5658783783783785,restore,6,answer_mask,7.8766891891891895,hidden_target_logit_effect,37,primary,visual+answer,0.7027027027027027,37,580.5675675675676,1.0,hidden_lattice
6.554054054054054,0.6081081081081081,restore,6,shifted_mask,3.472972972972973,hidden_target_logit_effect,37,primary,visual+answer,0.6216216216216216,37,122.91891891891892,1.0,hidden_lattice
7.114864864864865,2.233108108108108,restore,6,shuffled_mask,4.570945945945946,hidden_target_logit_effect,37,primary,visual+answer,0.6216216216216216,37,38.86486486486486,1.0,hidden_lattice
13.527027027027026,4.716216216216216,restore,6,union_mask,8.996621621621621,hidden_target_logit_effect,37,primary,visual+answer,0.7027027027027027,37,612.4054054054054,1.0,hidden_lattice
12.324324324324325,3.7972972972972974,restore,6,answer_mask,8.059121621621621,hidden_target_logit_effect,37,primary,visual_span,0.7027027027027027,37,580.5135135135135,1.0,hidden_lattice
6.871621621621622,0.6351351351351351,restore,6,shifted_mask,3.6013513513513513,hidden_target_logit_effect,37,primary,visual_span,0.6216216216216216,37,122.78378378378379,1.0,hidden_lattice
7.391891891891892,2.3344594594594597,restore,6,shuffled_mask,4.763513513513513,hidden_target_logit_effect,37,primary,visual_span,0.6216216216216216,37,39.027027027027025,1.0,hidden_lattice
13.608108108108109,4.952702702702703,restore,6,union_mask,9.16554054054054,hidden_target_logit_effect,37,primary,visual_span,0.7027027027027027,37,612.2432432432432,1.0,hidden_lattice
-0.13513513513513514,-0.6554054054054054,corrupt,7,answer_mask,-0.40540540540540543,hidden_target_logit_effect,37,primary,answer_adjacent,0.2972972972972973,37,-0.1891891891891892,1.0,hidden_lattice
0.006756756756756757,-0.6148648648648649,corrupt,7,shifted_mask,-0.2972972972972973,hidden_target_logit_effect,37,primary,answer_adjacent,0.2972972972972973,37,-0.08108108108108109,1.0,hidden_lattice
-0.0945945945945946,-0.6148648648648649,corrupt,7,shuffled_mask,-0.3581081081081081,hidden_target_logit_effect,37,primary,answer_adjacent,0.1891891891891892,37,-0.08108108108108109,1.0,hidden_lattice
0.02702702702702703,-0.6148648648648649,corrupt,7,union_mask,-0.3108108108108108,hidden_target_logit_effect,37,primary,answer_adjacent,0.24324324324324326,37,-0.08108108108108109,1.0,hidden_lattice
0.6418918918918919,-0.8952702702702703,corrupt,7,answer_mask,-0.11148648648648649,hidden_target_logit_effect,37,primary,top_hidden_delta,0.5405405405405406,37,0.02702702702702703,1.0,hidden_lattice
-0.08783783783783784,-1.5135135135135136,corrupt,7,shifted_mask,-0.7297297297297297,hidden_target_logit_effect,37,primary,top_hidden_delta,0.24324324324324326,37,0.2702702702702703,1.0,hidden_lattice
0.2635135135135135,-0.5743243243243243,corrupt,7,shuffled_mask,-0.16891891891891891,hidden_target_logit_effect,37,primary,top_hidden_delta,0.35135135135135137,37,-0.10810810810810811,1.0,hidden_lattice
0.20945945945945946,-0.8716216216216216,corrupt,7,union_mask,-0.32432432432432434,hidden_target_logit_effect,37,primary,top_hidden_delta,0.35135135135135137,37,0.08108108108108109,1.0,hidden_lattice
10.506756756756756,3.2736486486486487,corrupt,7,answer_mask,6.839527027027027,hidden_target_logit_effect,37,primary,visual+answer,0.6216216216216216,37,173.27027027027026,1.0,hidden_lattice
6.199324324324325,0.722972972972973,corrupt,7,shifted_mask,3.304054054054054,hidden_target_logit_effect,37,primary,visual+answer,0.5945945945945946,37,56.5945945945946,1.0,hidden_lattice
5.608108108108108,1.4966216216216217,corrupt,7,shuffled_mask,3.4662162162162162,hidden_target_logit_effect,37,primary,visual+answer,0.5405405405405406,37,10.135135135135135,1.0,hidden_lattice
11.121621621621621,3.9324324324324325,corrupt,7,union_mask,7.486486486486487,hidden_target_logit_effect,37,primary,visual+answer,0.7027027027027027,37,157.0,1.0,hidden_lattice
10.20945945945946,3.0135135135135136,corrupt,7,answer_mask,6.5608108108108105,hidden_target_logit_effect,37,primary,visual_span,0.5945945945945946,37,173.8918918918919,1.0,hidden_lattice
6.175675675675675,0.777027027027027,corrupt,7,shifted_mask,3.2567567567567566,hidden_target_logit_effect,37,primary,visual_span,0.5675675675675675,37,59.108108108108105,1.0,hidden_lattice
5.614864864864865,1.472972972972973,corrupt,7,shuffled_mask,3.439189189189189,hidden_target_logit_effect,37,primary,visual_span,0.5405405405405406,37,8.64864864864865,1.0,hidden_lattice
10.692567567567568,3.4966216216216215,corrupt,7,union_mask,7.0675675675675675,hidden_target_logit_effect,37,primary,visual_span,0.6756756756756757,37,149.0810810810811,1.0,hidden_lattice
1.1858108108108107,-0.3716216216216216,restore,7,answer_mask,0.28209459459459457,hidden_target_logit_effect,37,primary,answer_adjacent,0.4594594594594595,37,37.108108108108105,1.0,hidden_lattice
0.08445945945945946,-0.4527027027027027,restore,7,shifted_mask,-0.17567567567567569,hidden_target_logit_effect,37,primary,answer_adjacent,0.35135135135135137,37,-10.108108108108109,1.0,hidden_lattice
0.23648648648648649,-0.17905405405405406,restore,7,shuffled_mask,0.02702702702702703,hidden_target_logit_effect,37,primary,answer_adjacent,0.5135135135135135,37,0.8108108108108109,1.0,hidden_lattice
1.739864864864865,-0.3277027027027027,restore,7,union_mask,0.4594594594594595,hidden_target_logit_effect,37,primary,answer_adjacent,0.4864864864864865,37,46.75675675675676,1.0,hidden_lattice
9.133445945945946,1.9493243243243243,restore,7,answer_mask,5.469594594594595,hidden_target_logit_effect,37,primary,top_hidden_delta,0.5945945945945946,37,432.6756756756757,1.0,hidden_lattice
5.597972972972973,0.04391891891891892,restore,7,shifted_mask,2.6486486486486487,hidden_target_logit_effect,37,primary,top_hidden_delta,0.5405405405405406,37,121.75675675675676,1.0,hidden_lattice
6.324324324324325,1.587837837837838,restore,7,shuffled_mask,3.820945945945946,hidden_target_logit_effect,37,primary,top_hidden_delta,0.5945945945945946,37,37.189189189189186,1.0,hidden_lattice
9.216216216216216,1.7550675675675675,restore,7,union_mask,5.572635135135135,hidden_target_logit_effect,37,primary,top_hidden_delta,0.6216216216216216,37,457.2432432432432,1.0,hidden_lattice
12.06418918918919,3.6537162162162162,restore,7,answer_mask,7.83277027027027,hidden_target_logit_effect,37,primary,visual+answer,0.7027027027027027,37,580.1351351351351,1.0,hidden_lattice
6.533783783783784,0.5777027027027027,restore,7,shifted_mask,3.4121621621621623,hidden_target_logit_effect,37,primary,visual+answer,0.6216216216216216,37,122.72972972972973,1.0,hidden_lattice
6.956081081081081,2.1925675675675675,restore,7,shuffled_mask,4.45945945945946,hidden_target_logit_effect,37,primary,visual+answer,0.6756756756756757,37,38.54054054054054,1.0,hidden_lattice
13.391891891891891,4.763513513513513,restore,7,union_mask,8.986486486486486,hidden_target_logit_effect,37,primary,visual+answer,0.7027027027027027,37,611.6216216216217,1.0,hidden_lattice
11.95777027027027,3.7989864864864864,restore,7,answer_mask,7.903716216216216,hidden_target_logit_effect,37,primary,visual_span,0.7027027027027027,37,580.081081081081,1.0,hidden_lattice
6.608108108108108,0.6486486486486487,restore,7,shifted_mask,3.4864864864864864,hidden_target_logit_effect,37,primary,visual_span,0.5945945945945946,37,122.75675675675676,1.0,hidden_lattice
6.952702702702703,2.1621621621621623,restore,7,shuffled_mask,4.452702702702703,hidden_target_logit_effect,37,primary,visual_span,0.5945945945945946,37,38.75675675675676,1.0,hidden_lattice
13.506756756756756,4.878378378378378,restore,7,union_mask,9.091216216216216,hidden_target_logit_effect,37,primary,visual_span,0.7027027027027027,37,611.8918918918919,1.0,hidden_lattice
-0.10135135135135136,-0.722972972972973,corrupt,8,answer_mask,-0.4189189189189189,hidden_target_logit_effect,37,primary,answer_adjacent,0.24324324324324326,37,-0.16216216216216217,1.0,hidden_lattice
-0.19594594594594594,-0.7297297297297297,corrupt,8,shifted_mask,-0.4527027027027027,hidden_target_logit_effect,37,primary,answer_adjacent,0.21621621621621623,37,-0.13513513513513514,1.0,hidden_lattice
-0.02702702702702703,-0.581081081081081,corrupt,8,shuffled_mask,-0.2972972972972973,hidden_target_logit_effect,37,primary,answer_adjacent,0.2702702702702703,37,-0.24324324324324326,1.0,hidden_lattice
0.033783783783783786,-0.7027027027027027,corrupt,8,union_mask,-0.34459459459459457,hidden_target_logit_effect,37,primary,answer_adjacent,0.24324324324324326,37,0.13513513513513514,1.0,hidden_lattice
0.7702702702702703,-0.3581081081081081,corrupt,8,answer_mask,0.1891891891891892,hidden_target_logit_effect,37,primary,top_hidden_delta,0.5405405405405406,37,0.7297297297297297,1.0,hidden_lattice
0.7364864864864865,0.013513513513513514,corrupt,8,shifted_mask,0.36486486486486486,hidden_target_logit_effect,37,primary,top_hidden_delta,0.5675675675675675,37,0.7297297297297297,1.0,hidden_lattice
0.42567567567567566,-0.3918918918918919,corrupt,8,shuffled_mask,0.02027027027027027,hidden_target_logit_effect,37,primary,top_hidden_delta,0.43243243243243246,37,0.02702702702702703,1.0,hidden_lattice
0.10810810810810811,-1.0202702702702702,corrupt,8,union_mask,-0.42567567567567566,hidden_target_logit_effect,37,primary,top_hidden_delta,0.40540540540540543,37,0.13513513513513514,1.0,hidden_lattice
10.777027027027026,3.320945945945946,corrupt,8,answer_mask,7.033783783783784,hidden_target_logit_effect,37,primary,visual+answer,0.6216216216216216,37,214.6216216216216,1.0,hidden_lattice
6.219594594594595,0.6452702702702703,corrupt,8,shifted_mask,3.304054054054054,hidden_target_logit_effect,37,primary,visual+answer,0.6216216216216216,37,61.648648648648646,1.0,hidden_lattice
5.739864864864865,1.4425675675675675,corrupt,8,shuffled_mask,3.527027027027027,hidden_target_logit_effect,37,primary,visual+answer,0.5945945945945946,37,12.972972972972974,1.0,hidden_lattice
11.359797297297296,3.9341216216216215,corrupt,8,union_mask,7.554054054054054,hidden_target_logit_effect,37,primary,visual+answer,0.7027027027027027,37,167.54054054054055,1.0,hidden_lattice
10.37331081081081,2.935810810810811,corrupt,8,answer_mask,6.577702702702703,hidden_target_logit_effect,37,primary,visual_span,0.5945945945945946,37,188.54054054054055,1.0,hidden_lattice
6.158783783783784,0.6891891891891891,corrupt,8,shifted_mask,3.2432432432432434,hidden_target_logit_effect,37,primary,visual_span,0.5945945945945946,37,64.43243243243244,1.0,hidden_lattice
5.6858108108108105,1.462837837837838,corrupt,8,shuffled_mask,3.516891891891892,hidden_target_logit_effect,37,primary,visual_span,0.5945945945945946,37,10.216216216216216,1.0,hidden_lattice
10.820945945945946,3.456081081081081,corrupt,8,union_mask,7.131756756756757,hidden_target_logit_effect,37,primary,visual_span,0.6756756756756757,37,144.83783783783784,1.0,hidden_lattice
1.258445945945946,-0.4543918918918919,restore,8,answer_mask,0.27533783783783783,hidden_target_logit_effect,37,primary,answer_adjacent,0.35135135135135137,37,86.4054054054054,1.0,hidden_lattice
0.12837837837837837,-0.2939189189189189,restore,8,shifted_mask,-0.07432432432432433,hidden_target_logit_effect,37,primary,answer_adjacent,0.40540540540540543,37,-9.513513513513514,1.0,hidden_lattice
0.21621621621621623,-0.2195945945945946,restore,8,shuffled_mask,0.0033783783783783786,hidden_target_logit_effect,37,primary,answer_adjacent,0.4864864864864865,37,3.7027027027027026,1.0,hidden_lattice
1.822635135135135,-0.4172297297297297,restore,8,union_mask,0.46790540540540543,hidden_target_logit_effect,37,primary,answer_adjacent,0.35135135135135137,37,99.45945945945945,1.0,hidden_lattice
8.755067567567568,1.802364864864865,restore,8,answer_mask,5.190878378378378,hidden_target_logit_effect,37,primary,top_hidden_delta,0.5945945945945946,37,306.6216216216216,1.0,hidden_lattice
5.787162162162162,0.32432432432432434,restore,8,shifted_mask,2.810810810810811,hidden_target_logit_effect,37,primary,top_hidden_delta,0.5405405405405406,37,122.21621621621621,1.0,hidden_lattice
6.0675675675675675,1.5608108108108107,restore,8,shuffled_mask,3.6621621621621623,hidden_target_logit_effect,37,primary,top_hidden_delta,0.5405405405405406,37,36.108108108108105,1.0,hidden_lattice
8.966216216216216,1.6486486486486487,restore,8,union_mask,5.33445945945946,hidden_target_logit_effect,37,primary,top_hidden_delta,0.5945945945945946,37,334.5405405405405,1.0,hidden_lattice
12.157094594594595,3.4239864864864864,restore,8,answer_mask,7.819256756756757,hidden_target_logit_effect,37,primary,visual+answer,0.6756756756756757,37,580.2162162162163,1.0,hidden_lattice
6.489864864864865,0.5337837837837838,restore,8,shifted_mask,3.364864864864865,hidden_target_logit_effect,37,primary,visual+answer,0.6216216216216216,37,122.67567567567568,1.0,hidden_lattice
6.739864864864865,2.0135135135135136,restore,8,shuffled_mask,4.263513513513513,hidden_target_logit_effect,37,primary,visual+answer,0.5945945945945946,37,38.054054054054056,1.0,hidden_lattice
13.39527027027027,4.486486486486487,restore,8,union_mask,8.841216216216216,hidden_target_logit_effect,37,primary,visual+answer,0.6756756756756757,37,611.5135135135135,1.0,hidden_lattice
12.02027027027027,3.552364864864865,restore,8,answer_mask,7.7550675675675675,hidden_target_logit_effect,37,primary,visual_span,0.7027027027027027,37,580.2702702702703,1.0,hidden_lattice
6.635135135135135,0.5506756756756757,restore,8,shifted_mask,3.445945945945946,hidden_target_logit_effect,37,primary,visual_span,0.6486486486486487,37,122.70270270270271,1.0,hidden_lattice
7.003378378378378,2.2263513513513513,restore,8,shuffled_mask,4.445945945945946,hidden_target_logit_effect,37,primary,visual_span,0.6486486486486487,37,38.4054054054054,1.0,hidden_lattice
13.31418918918919,4.476351351351352,restore,8,union_mask,8.83445945945946,hidden_target_logit_effect,37,primary,visual_span,0.7027027027027027,37,611.5675675675676,1.0,hidden_lattice
-0.04054054054054054,-1.0945945945945945,corrupt,9,answer_mask,-0.5405405405405406,hidden_target_logit_effect,37,primary,answer_adjacent,0.3783783783783784,37,-0.02702702702702703,1.0,hidden_lattice
-0.060810810810810814,-0.831081081081081,corrupt,9,shifted_mask,-0.43243243243243246,hidden_target_logit_effect,37,primary,answer_adjacent,0.2972972972972973,37,-0.02702702702702703,1.0,hidden_lattice
-0.14864864864864866,-0.8581081081081081,corrupt,9,shuffled_mask,-0.4797297297297297,hidden_target_logit_effect,37,primary,answer_adjacent,0.2972972972972973,37,-0.08108108108108109,1.0,hidden_lattice
-0.10810810810810811,-1.0675675675675675,corrupt,9,union_mask,-0.5675675675675675,hidden_target_logit_effect,37,primary,answer_adjacent,0.2972972972972973,37,0.1891891891891892,1.0,hidden_lattice
0.8378378378378378,-0.16891891891891891,corrupt,9,answer_mask,0.31756756756756754,hidden_target_logit_effect,37,primary,top_hidden_delta,0.4864864864864865,37,0.1891891891891892,1.0,hidden_lattice
0.6148648648648649,-0.20945945945945946,corrupt,9,shifted_mask,0.20945945945945946,hidden_target_logit_effect,37,primary,top_hidden_delta,0.5945945945945946,37,0.24324324324324326,1.0,hidden_lattice
0.4189189189189189,-0.18243243243243243,corrupt,9,shuffled_mask,0.12162162162162163,hidden_target_logit_effect,37,primary,top_hidden_delta,0.4864864864864865,37,0.10810810810810811,1.0,hidden_lattice
0.4527027027027027,-0.41216216216216217,corrupt,9,union_mask,0.02702702702702703,hidden_target_logit_effect,37,primary,top_hidden_delta,0.4594594594594595,37,0.1891891891891892,1.0,hidden_lattice
10.283783783783784,2.9003378378378377,corrupt,9,answer_mask,6.54054054054054,hidden_target_logit_effect,37,primary,visual+answer,0.6756756756756757,37,294.0810810810811,1.0,hidden_lattice
6.239864864864865,0.6418918918918919,corrupt,9,shifted_mask,3.3445945945945947,hidden_target_logit_effect,37,primary,visual+answer,0.5945945945945946,37,74.37837837837837,1.0,hidden_lattice
5.898648648648648,1.2027027027027026,corrupt,9,shuffled_mask,3.472972972972973,hidden_target_logit_effect,37,primary,visual+answer,0.6216216216216216,37,48.91891891891892,1.0,hidden_lattice
10.79391891891892,3.6030405405405403,corrupt,9,union_mask,7.158783783783784,hidden_target_logit_effect,37,primary,visual+answer,0.7297297297297297,37,150.16216216216216,1.0,hidden_lattice
10.224662162162161,2.6655405405405403,corrupt,9,answer_mask,6.375,hidden_target_logit_effect,37,primary,visual_span,0.6486486486486487,37,307.6756756756757,1.0,hidden_lattice
6.462837837837838,0.9459459459459459,corrupt,9,shifted_mask,3.570945945945946,hidden_target_logit_effect,37,primary,visual_span,0.5945945945945946,37,73.02702702702703,1.0,hidden_lattice
6.0574324324324325,1.2939189189189189,corrupt,9,shuffled_mask,3.5912162162162162,hidden_target_logit_effect,37,primary,visual_span,0.5675675675675675,37,39.7027027027027,1.0,hidden_lattice
10.628378378378379,3.010135135135135,corrupt,9,union_mask,6.842905405405405,hidden_target_logit_effect,37,primary,visual_span,0.7027027027027027,37,165.3783783783784,1.0,hidden_lattice
1.0489864864864864,-0.5962837837837838,restore,9,answer_mask,0.13513513513513514,hidden_target_logit_effect,37,primary,answer_adjacent,0.32432432432432434,37,-41.189189189189186,1.0,hidden_lattice
0.030405405405405407,-0.3885135135135135,restore,9,shifted_mask,-0.16891891891891891,hidden_target_logit_effect,37,primary,answer_adjacent,0.2972972972972973,37,-20.594594594594593,1.0,hidden_lattice
0.18243243243243243,-0.28040540540540543,restore,9,shuffled_mask,-0.05067567567567568,hidden_target_logit_effect,37,primary,answer_adjacent,0.43243243243243246,37,4.216216216216216,1.0,hidden_lattice
1.7685810810810811,-0.581081081081081,restore,9,union_mask,0.3530405405405405,hidden_target_logit_effect,37,primary,answer_adjacent,0.40540540540540543,37,-40.16216216216216,1.0,hidden_lattice
9.574324324324325,2.2972972972972974,restore,9,answer_mask,5.829391891891892,hidden_target_logit_effect,37,primary,top_hidden_delta,0.6216216216216216,37,578.2432432432432,1.0,hidden_lattice
5.577702702702703,0.19594594594594594,restore,9,shifted_mask,2.6621621621621623,hidden_target_logit_effect,37,primary,top_hidden_delta,0.4864864864864865,37,121.29729729729729,1.0,hidden_lattice
5.902027027027027,1.527027027027027,restore,9,shuffled_mask,3.550675675675676,hidden_target_logit_effect,37,primary,top_hidden_delta,0.6486486486486487,37,36.432432432432435,1.0,hidden_lattice
9.594594594594595,2.5777027027027026,restore,9,union_mask,6.023648648648648,hidden_target_logit_effect,37,primary,top_hidden_delta,0.7027027027027027,37,606.3513513513514,1.0,hidden_lattice
11.130067567567568,3.1570945945945947,restore,9,answer_mask,7.173986486486487,hidden_target_logit_effect,37,primary,visual+answer,0.6756756756756757,37,578.1081081081081,1.0,hidden_lattice
6.722972972972973,0.722972972972973,restore,9,shifted_mask,3.6013513513513513,hidden_target_logit_effect,37,primary,visual+answer,0.5675675675675675,37,122.35135135135135,1.0,hidden_lattice
6.875,1.9222972972972974,restore,9,shuffled_mask,4.3175675675675675,hidden_target_logit_effect,37,primary,visual+answer,0.5405405405405406,37,38.189189189189186,1.0,hidden_lattice
12.20945945945946,3.97972972972973,restore,9,union_mask,8.219594594594595,hidden_target_logit_effect,37,primary,visual+answer,0.6756756756756757,37,609.5405405405405,1.0,hidden_lattice
11.055743243243244,3.33277027027027,restore,9,answer_mask,7.204391891891892,hidden_target_logit_effect,37,primary,visual_span,0.6486486486486487,37,577.8918918918919,1.0,hidden_lattice
7.094594594594595,1.0337837837837838,restore,9,shifted_mask,3.8716216216216215,hidden_target_logit_effect,37,primary,visual_span,0.5675675675675675,37,122.56756756756756,1.0,hidden_lattice
6.91554054054054,2.0912162162162162,restore,9,shuffled_mask,4.398648648648648,hidden_target_logit_effect,37,primary,visual_span,0.6216216216216216,37,38.486486486486484,1.0,hidden_lattice
12.236486486486486,4.141891891891892,restore,9,union_mask,8.260135135135135,hidden_target_logit_effect,37,primary,visual_span,0.7027027027027027,37,609.1621621621622,1.0,hidden_lattice
0.0,-0.9864864864864865,corrupt,10,answer_mask,-0.47297297297297297,hidden_target_logit_effect,37,primary,answer_adjacent,0.3783783783783784,37,0.0,1.0,hidden_lattice
-0.006756756756756757,-0.7837837837837838,corrupt,10,shifted_mask,-0.36486486486486486,hidden_target_logit_effect,37,primary,answer_adjacent,0.43243243243243246,37,-0.24324324324324326,1.0,hidden_lattice
-0.08783783783783784,-0.8513513513513513,corrupt,10,shuffled_mask,-0.44594594594594594,hidden_target_logit_effect,37,primary,answer_adjacent,0.2702702702702703,37,-0.2972972972972973,1.0,hidden_lattice
-0.060810810810810814,-0.972972972972973,corrupt,10,union_mask,-0.49324324324324326,hidden_target_logit_effect,37,primary,answer_adjacent,0.32432432432432434,37,0.16216216216216217,1.0,hidden_lattice
0.6081081081081081,-0.14189189189189189,corrupt,10,answer_mask,0.21621621621621623,hidden_target_logit_effect,37,primary,top_hidden_delta,0.4864864864864865,37,0.43243243243243246,1.0,hidden_lattice
0.5135135135135135,-0.05405405405405406,corrupt,10,shifted_mask,0.25,hidden_target_logit_effect,37,primary,top_hidden_delta,0.5675675675675675,37,0.2702702702702703,1.0,hidden_lattice
0.4864864864864865,-0.10810810810810811,corrupt,10,shuffled_mask,0.19594594594594594,hidden_target_logit_effect,37,primary,top_hidden_delta,0.5135135135135135,37,0.08108108108108109,1.0,hidden_lattice
0.5675675675675675,-0.20945945945945946,corrupt,10,union_mask,0.18243243243243243,hidden_target_logit_effect,37,primary,top_hidden_delta,0.5135135135135135,37,0.3783783783783784,1.0,hidden_lattice
10.670608108108109,3.125,corrupt,10,answer_mask,6.8125,hidden_target_logit_effect,37,primary,visual+answer,0.6756756756756757,37,415.7567567567568,1.0,hidden_lattice
6.327702702702703,0.7736486486486487,corrupt,10,shifted_mask,3.4527027027027026,hidden_target_logit_effect,37,primary,visual+answer,0.6216216216216216,37,68.0,1.0,hidden_lattice
5.885135135135135,1.162162162162162,corrupt,10,shuffled_mask,3.435810810810811,hidden_target_logit_effect,37,primary,visual+answer,0.6216216216216216,37,48.32432432432432,1.0,hidden_lattice
11.528716216216216,4.023648648648648,corrupt,10,union_mask,7.668918918918919,hidden_target_logit_effect,37,primary,visual+answer,0.7297297297297297,37,255.05405405405406,1.0,hidden_lattice
10.483108108108109,2.608108108108108,corrupt,10,answer_mask,6.481418918918919,hidden_target_logit_effect,37,primary,visual_span,0.6216216216216216,37,461.7837837837838,1.0,hidden_lattice
6.5608108108108105,0.8817567567567568,corrupt,10,shifted_mask,3.5777027027027026,hidden_target_logit_effect,37,primary,visual_span,0.6216216216216216,37,78.27027027027027,1.0,hidden_lattice
6.08445945945946,1.3243243243243243,corrupt,10,shuffled_mask,3.6114864864864864,hidden_target_logit_effect,37,primary,visual_span,0.5135135135135135,37,40.45945945945946,1.0,hidden_lattice
11.109797297297296,3.1621621621621623,corrupt,10,union_mask,7.111486486486487,hidden_target_logit_effect,37,primary,visual_span,0.6756756756756757,37,288.6216216216216,1.0,hidden_lattice
1.027027027027027,-0.5878378378378378,restore,10,answer_mask,0.08783783783783784,hidden_target_logit_effect,37,primary,answer_adjacent,0.3783783783783784,37,-189.02702702702703,1.0,hidden_lattice
0.03209459459459459,-0.41047297297297297,restore,10,shifted_mask,-0.18074324324324326,hidden_target_logit_effect,37,primary,answer_adjacent,0.35135135135135137,37,-29.64864864864865,1.0,hidden_lattice
0.19932432432432431,-0.28378378378378377,restore,10,shuffled_mask,-0.037162162162162164,hidden_target_logit_effect,37,primary,answer_adjacent,0.40540540540540543,37,1.5135135135135136,1.0,hidden_lattice
1.6925675675675675,-0.5540540540540541,restore,10,union_mask,0.35135135135135137,hidden_target_logit_effect,37,primary,answer_adjacent,0.35135135135135137,37,-194.40540540540542,1.0,hidden_lattice
8.52364864864865,1.8158783783783783,restore,10,answer_mask,5.150337837837838,hidden_target_logit_effect,37,primary,top_hidden_delta,0.5945945945945946,37,577.0,1.0,hidden_lattice
5.6891891891891895,0.5236486486486487,restore,10,shifted_mask,2.891891891891892,hidden_target_logit_effect,37,primary,top_hidden_delta,0.5945945945945946,37,122.02702702702703,1.0,hidden_lattice
6.0675675675675675,1.7533783783783783,restore,10,shuffled_mask,3.7837837837837838,hidden_target_logit_effect,37,primary,top_hidden_delta,0.7027027027027027,37,37.4054054054054,1.0,hidden_lattice
10.175675675675675,3.016891891891892,restore,10,union_mask,6.543918918918919,hidden_target_logit_effect,37,primary,top_hidden_delta,0.7027027027027027,37,605.7567567567568,1.0,hidden_lattice
12.079391891891891,3.2972972972972974,restore,10,answer_mask,7.66722972972973,hidden_target_logit_effect,37,primary,visual+answer,0.6756756756756757,37,579.7837837837837,1.0,hidden_lattice
6.530405405405405,0.8851351351351351,restore,10,shifted_mask,3.5878378378378377,hidden_target_logit_effect,37,primary,visual+answer,0.6216216216216216,37,122.37837837837837,1.0,hidden_lattice
6.8141891891891895,2.1182432432432434,restore,10,shuffled_mask,4.378378378378378,hidden_target_logit_effect,37,primary,visual+answer,0.5675675675675675,37,38.2972972972973,1.0,hidden_lattice
13.256756756756756,4.243243243243243,restore,10,union_mask,8.60472972972973,hidden_target_logit_effect,37,primary,visual+answer,0.6756756756756757,37,611.5945945945946,1.0,hidden_lattice
12.00168918918919,3.3091216216216215,restore,10,answer_mask,7.572635135135135,hidden_target_logit_effect,37,primary,visual_span,0.6486486486486487,37,579.5675675675676,1.0,hidden_lattice
6.60472972972973,1.0337837837837838,restore,10,shifted_mask,3.6554054054054053,hidden_target_logit_effect,37,primary,visual_span,0.5945945945945946,37,122.29729729729729,1.0,hidden_lattice
6.733108108108108,2.050675675675676,restore,10,shuffled_mask,4.283783783783784,hidden_target_logit_effect,37,primary,visual_span,0.5945945945945946,37,38.32432432432432,1.0,hidden_lattice
13.327702702702704,4.324324324324325,restore,10,union_mask,8.692567567567568,hidden_target_logit_effect,37,primary,visual_span,0.7027027027027027,37,611.3513513513514,1.0,hidden_lattice
-0.006756756756756757,-1.195945945945946,corrupt,11,answer_mask,-0.5540540540540541,hidden_target_logit_effect,37,primary,answer_adjacent,0.3783783783783784,37,0.1891891891891892,1.0,hidden_lattice
0.22297297297297297,-0.668918918918919,corrupt,11,shifted_mask,-0.19594594594594594,hidden_target_logit_effect,37,primary,answer_adjacent,0.43243243243243246,37,-0.02702702702702703,1.0,hidden_lattice
0.22972972972972974,-0.4391891891891892,corrupt,11,shuffled_mask,-0.10810810810810811,hidden_target_logit_effect,37,primary,answer_adjacent,0.4594594594594595,37,-0.05405405405405406,1.0,hidden_lattice
0.12162162162162163,-1.0405405405405406,corrupt,11,union_mask,-0.4189189189189189,hidden_target_logit_effect,37,primary,answer_adjacent,0.3783783783783784,37,0.2972972972972973,1.0,hidden_lattice
0.581081081081081,-0.006756756756756757,corrupt,11,answer_mask,0.28378378378378377,hidden_target_logit_effect,37,primary,top_hidden_delta,0.4864864864864865,37,0.24324324324324326,1.0,hidden_lattice
0.30405405405405406,-0.20270270270270271,corrupt,11,shifted_mask,0.060810810810810814,hidden_target_logit_effect,37,primary,top_hidden_delta,0.5405405405405406,37,0.13513513513513514,1.0,hidden_lattice
0.3581081081081081,-0.16891891891891891,corrupt,11,shuffled_mask,0.0945945945945946,hidden_target_logit_effect,37,primary,top_hidden_delta,0.5405405405405406,37,0.0,1.0,hidden_lattice
0.5675675675675675,-0.22297297297297297,corrupt,11,union_mask,0.17567567567567569,hidden_target_logit_effect,37,primary,top_hidden_delta,0.5675675675675675,37,0.05405405405405406,1.0,hidden_lattice
10.932432432432432,3.3783783783783785,corrupt,11,answer_mask,7.047297297297297,hidden_target_logit_effect,37,primary,visual+answer,0.7837837837837838,37,671.1081081081081,1.0,hidden_lattice
5.8175675675675675,0.40202702702702703,corrupt,11,shifted_mask,3.0067567567567566,hidden_target_logit_effect,37,primary,visual+answer,0.5675675675675675,37,43.75675675675676,1.0,hidden_lattice
6.297297297297297,1.195945945945946,corrupt,11,shuffled_mask,3.652027027027027,hidden_target_logit_effect,37,primary,visual+answer,0.5945945945945946,37,78.27027027027027,1.0,hidden_lattice
11.516891891891891,4.111486486486487,corrupt,11,union_mask,7.716216216216216,hidden_target_logit_effect,37,primary,visual+answer,0.7567567567567568,37,373.3243243243243,1.0,hidden_lattice
10.863175675675675,3.0878378378378377,corrupt,11,answer_mask,6.836148648648648,hidden_target_logit_effect,37,primary,visual_span,0.6756756756756757,37,659.9459459459459,1.0,hidden_lattice
5.929054054054054,0.6655405405405406,corrupt,11,shifted_mask,3.2162162162162162,hidden_target_logit_effect,37,primary,visual_span,0.5675675675675675,37,39.027027027027025,1.0,hidden_lattice
6.719594594594595,1.6114864864864864,corrupt,11,shuffled_mask,4.094594594594595,hidden_target_logit_effect,37,primary,visual_span,0.5945945945945946,37,72.24324324324324,1.0,hidden_lattice
11.114864864864865,3.510135135135135,corrupt,11,union_mask,7.300675675675675,hidden_target_logit_effect,37,primary,visual_span,0.7297297297297297,37,314.27027027027026,1.0,hidden_lattice
1.1824324324324325,-0.5996621621621622,restore,11,answer_mask,0.21114864864864866,hidden_target_logit_effect,37,primary,answer_adjacent,0.4864864864864865,37,184.32432432432432,1.0,hidden_lattice
0.13513513513513514,-0.42905405405405406,restore,11,shifted_mask,-0.14864864864864866,hidden_target_logit_effect,37,primary,answer_adjacent,0.3783783783783784,37,-43.16216216216216,1.0,hidden_lattice
0.19256756756756757,-0.4560810810810811,restore,11,shuffled_mask,-0.12837837837837837,hidden_target_logit_effect,37,primary,answer_adjacent,0.43243243243243246,37,-0.5405405405405406,1.0,hidden_lattice
1.9594594594594594,-0.4222972972972973,restore,11,union_mask,0.5945945945945946,hidden_target_logit_effect,37,primary,answer_adjacent,0.5135135135135135,37,186.8918918918919,1.0,hidden_lattice
8.304054054054054,1.9358108108108107,restore,11,answer_mask,4.964527027027027,hidden_target_logit_effect,37,primary,top_hidden_delta,0.5945945945945946,37,567.1621621621622,1.0,hidden_lattice
5.712837837837838,0.8986486486486487,restore,11,shifted_mask,3.074324324324324,hidden_target_logit_effect,37,primary,top_hidden_delta,0.6756756756756757,37,121.70270270270271,1.0,hidden_lattice
4.85472972972973,0.9864864864864865,restore,11,shuffled_mask,2.7128378378378377,hidden_target_logit_effect,37,primary,top_hidden_delta,0.5675675675675675,37,33.972972972972975,1.0,hidden_lattice
8.736486486486486,1.9358108108108107,restore,11,union_mask,5.1824324324324325,hidden_target_logit_effect,37,primary,top_hidden_delta,0.7297297297297297,37,580.9459459459459,1.0,hidden_lattice
11.579391891891891,3.8192567567567566,restore,11,answer_mask,7.7550675675675675,hidden_target_logit_effect,37,primary,visual+answer,0.7297297297297297,37,579.7837837837837,1.0,hidden_lattice
6.662162162162162,0.9864864864864865,restore,11,shifted_mask,3.668918918918919,hidden_target_logit_effect,37,primary,visual+answer,0.6486486486486487,37,122.37837837837837,1.0,hidden_lattice
6.618243243243243,1.9324324324324325,restore,11,shuffled_mask,4.222972972972973,hidden_target_logit_effect,37,primary,visual+answer,0.6216216216216216,37,38.189189189189186,1.0,hidden_lattice
12.675675675675675,4.530405405405405,restore,11,union_mask,8.66554054054054,hidden_target_logit_effect,37,primary,visual+answer,0.7567567567567568,37,611.3783783783783,1.0,hidden_lattice
10.858108108108109,3.39527027027027,restore,11,answer_mask,7.177364864864865,hidden_target_logit_effect,37,primary,visual_span,0.6486486486486487,37,578.8108108108108,1.0,hidden_lattice
6.739864864864865,1.1486486486486487,restore,11,shifted_mask,3.7128378378378377,hidden_target_logit_effect,37,primary,visual_span,0.5675675675675675,37,122.13513513513513,1.0,hidden_lattice
6.1925675675675675,1.6756756756756757,restore,11,shuffled_mask,3.8614864864864864,hidden_target_logit_effect,37,primary,visual_span,0.5945945945945946,37,37.891891891891895,1.0,hidden_lattice
12.29391891891892,4.20945945945946,restore,11,union_mask,8.20945945945946,hidden_target_logit_effect,37,primary,visual_span,0.7027027027027027,37,610.5405405405405,1.0,hidden_lattice
0.5608108108108109,-0.8378378378378378,corrupt,12,answer_mask,-0.06756756756756757,hidden_target_logit_effect,37,primary,answer_adjacent,0.6216216216216216,37,0.3783783783783784,1.0,hidden_lattice
0.2702702702702703,-0.527027027027027,corrupt,12,shifted_mask,-0.12837837837837837,hidden_target_logit_effect,37,primary,answer_adjacent,0.5135135135135135,37,0.16216216216216217,1.0,hidden_lattice
0.4527027027027027,-0.2702702702702703,corrupt,12,shuffled_mask,0.0945945945945946,hidden_target_logit_effect,37,primary,answer_adjacent,0.5945945945945946,37,-0.02702702702702703,1.0,hidden_lattice
0.6621621621621622,-0.75,corrupt,12,union_mask,-0.006756756756756757,hidden_target_logit_effect,37,primary,answer_adjacent,0.5405405405405406,37,0.5135135135135135,1.0,hidden_lattice
0.4189189189189189,-0.11486486486486487,corrupt,12,answer_mask,0.14864864864864866,hidden_target_logit_effect,37,primary,top_hidden_delta,0.5675675675675675,37,0.35135135135135137,1.0,hidden_lattice
0.0945945945945946,-0.581081081081081,corrupt,12,shifted_mask,-0.22297297297297297,hidden_target_logit_effect,37,primary,top_hidden_delta,0.35135135135135137,37,0.05405405405405406,1.0,hidden_lattice
0.21621621621621623,-0.3108108108108108,corrupt,12,shuffled_mask,-0.0472972972972973,hidden_target_logit_effect,37,primary,top_hidden_delta,0.4864864864864865,37,0.10810810810810811,1.0,hidden_lattice
0.060810810810810814,-0.5135135135135135,corrupt,12,union_mask,-0.22297297297297297,hidden_target_logit_effect,37,primary,top_hidden_delta,0.32432432432432434,37,0.13513513513513514,1.0,hidden_lattice
11.486486486486486,3.660472972972973,corrupt,12,answer_mask,7.418074324324325,hidden_target_logit_effect,37,primary,visual+answer,0.7837837837837838,37,758.8378378378378,1.0,hidden_lattice
4.486486486486487,0.0033783783783783786,corrupt,12,shifted_mask,2.2466216216216215,hidden_target_logit_effect,37,primary,visual+answer,0.6216216216216216,37,17.972972972972972,1.0,hidden_lattice
5.952702702702703,1.222972972972973,corrupt,12,shuffled_mask,3.510135135135135,hidden_target_logit_effect,37,primary,visual+answer,0.5945945945945946,37,71.45945945945945,1.0,hidden_lattice
11.065033783783784,3.739864864864865,corrupt,12,union_mask,7.379222972972973,hidden_target_logit_effect,37,primary,visual+answer,0.7837837837837838,37,418.72972972972974,1.0,hidden_lattice
11.342905405405405,3.6182432432432434,corrupt,12,answer_mask,7.287162162162162,hidden_target_logit_effect,37,primary,visual_span,0.7567567567567568,37,818.1351351351351,1.0,hidden_lattice
4.462837837837838,0.19594594594594594,corrupt,12,shifted_mask,2.2635135135135136,hidden_target_logit_effect,37,primary,visual_span,0.6486486486486487,37,16.91891891891892,1.0,hidden_lattice
6.168918918918919,1.364864864864865,corrupt,12,shuffled_mask,3.7027027027027026,hidden_target_logit_effect,37,primary,visual_span,0.6216216216216216,37,82.78378378378379,1.0,hidden_lattice
10.900337837837839,3.52027027027027,corrupt,12,union_mask,7.135135135135135,hidden_target_logit_effect,37,primary,visual_span,0.6756756756756757,37,454.4864864864865,1.0,hidden_lattice
1.2347972972972974,-0.7423986486486487,restore,12,answer_mask,0.13766891891891891,hidden_target_logit_effect,37,primary,answer_adjacent,0.3783783783783784,37,-11.18918918918919,1.0,hidden_lattice
0.31756756756756754,-0.34459459459459457,restore,12,shifted_mask,-0.02195945945945946,hidden_target_logit_effect,37,primary,answer_adjacent,0.43243243243243246,37,-66.72972972972973,1.0,hidden_lattice
0.30405405405405406,-0.40540540540540543,restore,12,shuffled_mask,-0.04391891891891892,hidden_target_logit_effect,37,primary,answer_adjacent,0.4864864864864865,37,-9.162162162162161,1.0,hidden_lattice
2.016891891891892,-0.44172297297297297,restore,12,union_mask,0.6021959459459459,hidden_target_logit_effect,37,primary,answer_adjacent,0.5135135135135135,37,-26.135135135135137,1.0,hidden_lattice
7.635135135135135,2.206081081081081,restore,12,answer_mask,4.77027027027027,hidden_target_logit_effect,37,primary,top_hidden_delta,0.6486486486486487,37,540.3513513513514,1.0,hidden_lattice
3.554054054054054,0.14527027027027026,restore,12,shifted_mask,1.7364864864864864,hidden_target_logit_effect,37,primary,top_hidden_delta,0.5675675675675675,37,119.29729729729729,1.0,hidden_lattice
3.820945945945946,0.652027027027027,restore,12,shuffled_mask,2.0844594594594597,hidden_target_logit_effect,37,primary,top_hidden_delta,0.5135135135135135,37,31.83783783783784,1.0,hidden_lattice
8.58445945945946,2.4763513513513513,restore,12,union_mask,5.375,hidden_target_logit_effect,37,primary,top_hidden_delta,0.5405405405405406,37,545.1081081081081,1.0,hidden_lattice
10.658783783783784,2.8429054054054053,restore,12,answer_mask,6.822635135135135,hidden_target_logit_effect,37,primary,visual+answer,0.6486486486486487,37,579.8108108108108,1.0,hidden_lattice
5.402027027027027,0.30743243243243246,restore,12,shifted_mask,2.75,hidden_target_logit_effect,37,primary,visual+answer,0.6216216216216216,37,122.1891891891892,1.0,hidden_lattice
5.510135135135135,1.1925675675675675,restore,12,shuffled_mask,3.2804054054054053,hidden_target_logit_effect,37,primary,visual+answer,0.6216216216216216,37,37.78378378378378,1.0,hidden_lattice
11.905405405405405,3.3344594594594597,restore,12,union_mask,7.679054054054054,hidden_target_logit_effect,37,primary,visual+answer,0.7027027027027027,37,611.2972972972973,1.0,hidden_lattice
9.45945945945946,2.314189189189189,restore,12,answer_mask,5.863175675675675,hidden_target_logit_effect,37,primary,visual_span,0.6216216216216216,37,579.0,1.0,hidden_lattice
5.550675675675675,0.5574324324324325,restore,12,shifted_mask,2.858108108108108,hidden_target_logit_effect,37,primary,visual_span,0.5945945945945946,37,121.91891891891892,1.0,hidden_lattice
5.5,1.385135135135135,restore,12,shuffled_mask,3.3445945945945947,hidden_target_logit_effect,37,primary,visual_span,0.6216216216216216,37,37.567567567567565,1.0,hidden_lattice
10.780405405405405,2.706081081081081,restore,12,union_mask,6.716216216216216,hidden_target_logit_effect,37,primary,visual_span,0.6756756756756757,37,610.3783783783783,1.0,hidden_lattice
0.4864864864864865,-0.8040540540540541,corrupt,13,answer_mask,-0.12162162162162163,hidden_target_logit_effect,37,primary,answer_adjacent,0.5945945945945946,37,0.40540540540540543,1.0,hidden_lattice
0.17567567567567569,-0.6283783783783784,corrupt,13,shifted_mask,-0.22972972972972974,hidden_target_logit_effect,37,primary,answer_adjacent,0.4594594594594595,37,0.05405405405405406,1.0,hidden_lattice
0.28378378378378377,-0.39864864864864863,corrupt,13,shuffled_mask,-0.05405405405405406,hidden_target_logit_effect,37,primary,answer_adjacent,0.43243243243243246,37,-0.13513513513513514,1.0,hidden_lattice
0.8175675675675675,-0.6148648648648649,corrupt,13,union_mask,0.10810810810810811,hidden_target_logit_effect,37,primary,answer_adjacent,0.4864864864864865,37,0.6216216216216216,1.0,hidden_lattice
0.38513513513513514,-0.28378378378378377,corrupt,13,answer_mask,0.0472972972972973,hidden_target_logit_effect,37,primary,top_hidden_delta,0.4864864864864865,37,0.16216216216216217,1.0,hidden_lattice
0.4391891891891892,-0.24324324324324326,corrupt,13,shifted_mask,0.11486486486486487,hidden_target_logit_effect,37,primary,top_hidden_delta,0.5405405405405406,37,0.35135135135135137,1.0,hidden_lattice
0.3716216216216216,-0.23648648648648649,corrupt,13,shuffled_mask,0.08108108108108109,hidden_target_logit_effect,37,primary,top_hidden_delta,0.4594594594594595,37,0.21621621621621623,1.0,hidden_lattice
0.4527027027027027,-0.19594594594594594,corrupt,13,union_mask,0.13513513513513514,hidden_target_logit_effect,37,primary,top_hidden_delta,0.5135135135135135,37,0.1891891891891892,1.0,hidden_lattice
11.761824324324325,4.018581081081081,corrupt,13,answer_mask,7.747466216216216,hidden_target_logit_effect,37,primary,visual+answer,0.8378378378378378,37,816.2702702702703,1.0,hidden_lattice
4.496621621621622,0.40878378378378377,corrupt,13,shifted_mask,2.3885135135135136,hidden_target_logit_effect,37,primary,visual+answer,0.7027027027027027,37,15.378378378378379,1.0,hidden_lattice
6.206081081081081,1.4222972972972974,corrupt,13,shuffled_mask,3.75,hidden_target_logit_effect,37,primary,visual+answer,0.5945945945945946,37,92.83783783783784,1.0,hidden_lattice
11.511824324324325,4.17820945945946,corrupt,13,union_mask,7.855574324324325,hidden_target_logit_effect,37,primary,visual+answer,0.7837837837837838,37,483.64864864864865,1.0,hidden_lattice
11.753378378378379,4.0050675675675675,corrupt,13,answer_mask,7.704391891891892,hidden_target_logit_effect,37,primary,visual_span,0.8108108108108109,37,934.081081081081,1.0,hidden_lattice
4.29054054054054,0.34797297297297297,corrupt,13,shifted_mask,2.2736486486486487,hidden_target_logit_effect,37,primary,visual_span,0.6756756756756757,37,16.45945945945946,1.0,hidden_lattice
6.535472972972973,1.5912162162162162,corrupt,13,shuffled_mask,3.981418918918919,hidden_target_logit_effect,37,primary,visual_span,0.6756756756756757,37,123.4054054054054,1.0,hidden_lattice
11.197635135135135,3.97972972972973,corrupt,13,union_mask,7.530405405405405,hidden_target_logit_effect,37,primary,visual_span,0.8108108108108109,37,558.2432432432432,1.0,hidden_lattice
1.2804054054054055,-0.7550675675675675,restore,13,answer_mask,0.1858108108108108,hidden_target_logit_effect,37,primary,answer_adjacent,0.5135135135135135,37,-59.4054054054054,1.0,hidden_lattice
0.5118243243243243,-0.2972972972972973,restore,13,shifted_mask,0.08952702702702703,hidden_target_logit_effect,37,primary,answer_adjacent,0.4864864864864865,37,-80.70270270270271,1.0,hidden_lattice
0.43243243243243246,-0.4391891891891892,restore,13,shuffled_mask,-0.030405405405405407,hidden_target_logit_effect,37,primary,answer_adjacent,0.40540540540540543,37,-5.378378378378378,1.0,hidden_lattice
2.079391891891892,-0.44594594594594594,restore,13,union_mask,0.6317567567567568,hidden_target_logit_effect,37,primary,answer_adjacent,0.5945945945945946,37,-73.91891891891892,1.0,hidden_lattice
6.8074324324324325,1.947635135135135,restore,13,answer_mask,4.1875,hidden_target_logit_effect,37,primary,top_hidden_delta,0.6756756756756757,37,558.1081081081081,1.0,hidden_lattice
2.902027027027027,0.0945945945945946,restore,13,shifted_mask,1.320945945945946,hidden_target_logit_effect,37,primary,top_hidden_delta,0.4864864864864865,37,119.35135135135135,1.0,hidden_lattice
4.179054054054054,0.7027027027027027,restore,13,shuffled_mask,2.293918918918919,hidden_target_logit_effect,37,primary,top_hidden_delta,0.5675675675675675,37,31.89189189189189,1.0,hidden_lattice
6.5608108108108105,0.6418918918918919,restore,13,union_mask,3.449324324324324,hidden_target_logit_effect,37,primary,top_hidden_delta,0.5675675675675675,37,566.7297297297297,1.0,hidden_lattice
10.60135135135135,2.8496621621621623,restore,13,answer_mask,6.72804054054054,hidden_target_logit_effect,37,primary,visual+answer,0.6216216216216216,37,579.7837837837837,1.0,hidden_lattice
5.722972972972973,0.7027027027027027,restore,13,shifted_mask,3.064189189189189,hidden_target_logit_effect,37,primary,visual+answer,0.6486486486486487,37,122.43243243243244,1.0,hidden_lattice
5.95945945945946,1.4087837837837838,restore,13,shuffled_mask,3.6013513513513513,hidden_target_logit_effect,37,primary,visual+answer,0.6486486486486487,37,36.67567567567568,1.0,hidden_lattice
11.847972972972974,3.5777027027027026,restore,13,union_mask,7.793918918918919,hidden_target_logit_effect,37,primary,visual+answer,0.7027027027027027,37,611.4864864864865,1.0,hidden_lattice
9.065878378378379,2.222972972972973,restore,13,answer_mask,5.711148648648648,hidden_target_logit_effect,37,primary,visual_span,0.6216216216216216,37,579.1081081081081,1.0,hidden_lattice
5.449324324324325,0.5574324324324325,restore,13,shifted_mask,2.85472972972973,hidden_target_logit_effect,37,primary,visual_span,0.6486486486486487,37,122.02702702702703,1.0,hidden_lattice
5.652027027027027,1.462837837837838,restore,13,shuffled_mask,3.4324324324324325,hidden_target_logit_effect,37,primary,visual_span,0.6486486486486487,37,36.7027027027027,1.0,hidden_lattice
10.341216216216216,2.581081081081081,restore,13,union_mask,6.398648648648648,hidden_target_logit_effect,37,primary,visual_span,0.7027027027027027,37,609.9459459459459,1.0,hidden_lattice
0.581081081081081,-1.087837837837838,corrupt,14,answer_mask,-0.21621621621621623,hidden_target_logit_effect,37,primary,answer_adjacent,0.43243243243243246,37,0.5135135135135135,1.0,hidden_lattice
-0.04054054054054054,-1.277027027027027,corrupt,14,shifted_mask,-0.6283783783783784,hidden_target_logit_effect,37,primary,answer_adjacent,0.3783783783783784,37,-0.05405405405405406,1.0,hidden_lattice
0.19594594594594594,-0.6351351351351351,corrupt,14,shuffled_mask,-0.21621621621621623,hidden_target_logit_effect,37,primary,answer_adjacent,0.40540540540540543,37,-0.1891891891891892,1.0,hidden_lattice
0.7837837837837838,-1.087837837837838,corrupt,14,union_mask,-0.07432432432432433,hidden_target_logit_effect,37,primary,answer_adjacent,0.3783783783783784,37,0.8108108108108109,1.0,hidden_lattice
0.0,-0.5472972972972973,corrupt,14,answer_mask,-0.2635135135135135,hidden_target_logit_effect,37,primary,top_hidden_delta,0.32432432432432434,37,0.13513513513513514,1.0,hidden_lattice
0.3716216216216216,-0.34459459459459457,corrupt,14,shifted_mask,0.02702702702702703,hidden_target_logit_effect,37,primary,top_hidden_delta,0.5405405405405406,37,0.21621621621621623,1.0,hidden_lattice
0.16891891891891891,-0.43243243243243246,corrupt,14,shuffled_mask,-0.13513513513513514,hidden_target_logit_effect,37,primary,top_hidden_delta,0.3783783783783784,37,0.10810810810810811,1.0,hidden_lattice
0.1891891891891892,-0.44594594594594594,corrupt,14,union_mask,-0.12837837837837837,hidden_target_logit_effect,37,primary,top_hidden_delta,0.40540540540540543,37,0.08108108108108109,1.0,hidden_lattice
11.22804054054054,3.6537162162162162,corrupt,14,answer_mask,7.297297297297297,hidden_target_logit_effect,37,primary,visual+answer,0.7297297297297297,37,599.5135135135135,1.0,hidden_lattice
3.989864864864865,0.02702702702702703,corrupt,14,shifted_mask,1.929054054054054,hidden_target_logit_effect,37,primary,visual+answer,0.5945945945945946,37,10.864864864864865,1.0,hidden_lattice
5.408783783783784,1.1385135135135136,corrupt,14,shuffled_mask,3.179054054054054,hidden_target_logit_effect,37,primary,visual+answer,0.5675675675675675,37,60.270270270270274,1.0,hidden_lattice
10.777027027027026,3.793918918918919,corrupt,14,union_mask,7.162162162162162,hidden_target_logit_effect,37,primary,visual+answer,0.7567567567567568,37,290.0,1.0,hidden_lattice
11.35135135135135,4.02027027027027,corrupt,14,answer_mask,7.538851351351352,hidden_target_logit_effect,37,primary,visual_span,0.8108108108108109,37,665.5675675675676,1.0,hidden_lattice
3.972972972972973,0.34121621621621623,corrupt,14,shifted_mask,2.1013513513513513,hidden_target_logit_effect,37,primary,visual_span,0.6756756756756757,37,13.405405405405405,1.0,hidden_lattice
5.587837837837838,1.212837837837838,corrupt,14,shuffled_mask,3.293918918918919,hidden_target_logit_effect,37,primary,visual_span,0.6216216216216216,37,96.43243243243244,1.0,hidden_lattice
10.83445945945946,4.155405405405405,corrupt,14,union_mask,7.393581081081081,hidden_target_logit_effect,37,primary,visual_span,0.7837837837837838,37,299.1621621621622,1.0,hidden_lattice
1.5962837837837838,-0.6374577702702703,restore,14,answer_mask,0.41490709459459457,hidden_target_logit_effect,37,primary,answer_adjacent,0.35135135135135137,37,-600.8378378378378,1.0,hidden_lattice
1.116554054054054,-0.23648648648648649,restore,14,shifted_mask,0.38513513513513514,hidden_target_logit_effect,37,primary,answer_adjacent,0.3783783783783784,37,-72.5945945945946,1.0,hidden_lattice
1.1182432432432432,-0.09797297297297297,restore,14,shuffled_mask,0.4560810810810811,hidden_target_logit_effect,37,primary,answer_adjacent,0.4594594594594595,37,1.5135135135135136,1.0,hidden_lattice
2.177364864864865,-0.48669763513513514,restore,14,union_mask,0.6784206081081081,hidden_target_logit_effect,37,primary,answer_adjacent,0.4594594594594595,37,-601.1621621621622,1.0,hidden_lattice
7.175675675675675,2.1925675675675675,restore,14,answer_mask,4.52027027027027,hidden_target_logit_effect,37,primary,top_hidden_delta,0.6756756756756757,37,559.2432432432432,1.0,hidden_lattice
4.530405405405405,0.3547297297297297,restore,14,shifted_mask,2.2533783783783785,hidden_target_logit_effect,37,primary,top_hidden_delta,0.5405405405405406,37,121.35135135135135,1.0,hidden_lattice
2.9121621621621623,0.21283783783783783,restore,14,shuffled_mask,1.385135135135135,hidden_target_logit_effect,37,primary,top_hidden_delta,0.5405405405405406,37,31.72972972972973,1.0,hidden_lattice
7.574324324324325,1.3445945945945945,restore,14,union_mask,4.361486486486487,hidden_target_logit_effect,37,primary,top_hidden_delta,0.6486486486486487,37,578.6486486486486,1.0,hidden_lattice
10.974662162162161,2.7347972972972974,restore,14,answer_mask,6.849662162162162,hidden_target_logit_effect,37,primary,visual+answer,0.6486486486486487,37,580.4324324324324,1.0,hidden_lattice
5.702702702702703,0.5540540540540541,restore,14,shifted_mask,2.9932432432432434,hidden_target_logit_effect,37,primary,visual+answer,0.5675675675675675,37,122.4054054054054,1.0,hidden_lattice
6.243243243243243,1.4087837837837838,restore,14,shuffled_mask,3.722972972972973,hidden_target_logit_effect,37,primary,visual+answer,0.5945945945945946,37,36.351351351351354,1.0,hidden_lattice
12.287162162162161,3.52027027027027,restore,14,union_mask,7.861486486486487,hidden_target_logit_effect,37,primary,visual+answer,0.6486486486486487,37,611.9459459459459,1.0,hidden_lattice
9.902027027027026,2.581081081081081,restore,14,answer_mask,6.241554054054054,hidden_target_logit_effect,37,primary,visual_span,0.6216216216216216,37,579.8378378378378,1.0,hidden_lattice
5.45945945945946,0.6351351351351351,restore,14,shifted_mask,2.9324324324324325,hidden_target_logit_effect,37,primary,visual_span,0.7027027027027027,37,121.8108108108108,1.0,hidden_lattice
5.614864864864865,1.4425675675675675,restore,14,shuffled_mask,3.4425675675675675,hidden_target_logit_effect,37,primary,visual_span,0.5945945945945946,37,36.24324324324324,1.0,hidden_lattice
10.972972972972974,2.949324324324324,restore,14,union_mask,6.902027027027027,hidden_target_logit_effect,37,primary,visual_span,0.6756756756756757,37,610.5945945945946,1.0,hidden_lattice
1.412162162162162,-0.31756756756756754,corrupt,15,answer_mask,0.5540540540540541,hidden_target_logit_effect,37,primary,answer_adjacent,0.5405405405405406,37,0.918918918918919,1.0,hidden_lattice
0.5202702702702703,-0.8243243243243243,corrupt,15,shifted_mask,-0.12162162162162163,hidden_target_logit_effect,37,primary,answer_adjacent,0.4864864864864865,37,0.2702702702702703,1.0,hidden_lattice
0.8175675675675675,-0.25675675675675674,corrupt,15,shuffled_mask,0.27702702702702703,hidden_target_logit_effect,37,primary,answer_adjacent,0.5945945945945946,37,0.16216216216216217,1.0,hidden_lattice
1.554054054054054,-0.7297297297297297,corrupt,15,union_mask,0.4797297297297297,hidden_target_logit_effect,37,primary,answer_adjacent,0.5405405405405406,37,1.5405405405405406,1.0,hidden_lattice
0.16216216216216217,-0.5743243243243243,corrupt,15,answer_mask,-0.1891891891891892,hidden_target_logit_effect,37,primary,top_hidden_delta,0.40540540540540543,37,0.1891891891891892,1.0,hidden_lattice
0.22297297297297297,-0.2702702702702703,corrupt,15,shifted_mask,-0.02027027027027027,hidden_target_logit_effect,37,primary,top_hidden_delta,0.4594594594594595,37,0.10810810810810811,1.0,hidden_lattice
0.4527027027027027,-0.12162162162162163,corrupt,15,shuffled_mask,0.14189189189189189,hidden_target_logit_effect,37,primary,top_hidden_delta,0.35135135135135137,37,0.05405405405405406,1.0,hidden_lattice
0.22972972972972974,-0.25675675675675674,corrupt,15,union_mask,-0.006756756756756757,hidden_target_logit_effect,37,primary,top_hidden_delta,0.40540540540540543,37,0.21621621621621623,1.0,hidden_lattice
9.5625,2.5861486486486487,corrupt,15,answer_mask,6.016891891891892,hidden_target_logit_effect,37,primary,visual+answer,0.7297297297297297,37,338.1081081081081,1.0,hidden_lattice
3.858108108108108,0.26013513513513514,corrupt,15,shifted_mask,1.972972972972973,hidden_target_logit_effect,37,primary,visual+answer,0.6486486486486487,37,7.27027027027027,1.0,hidden_lattice
4.121621621621622,0.46283783783783783,corrupt,15,shuffled_mask,2.2094594594594597,hidden_target_logit_effect,37,primary,visual+answer,0.5675675675675675,37,20.10810810810811,1.0,hidden_lattice
8.837837837837839,1.9966216216216217,corrupt,15,union_mask,5.361486486486487,hidden_target_logit_effect,37,primary,visual+answer,0.7027027027027027,37,113.02702702702703,1.0,hidden_lattice
10.35135135135135,3.695945945945946,corrupt,15,answer_mask,6.910472972972973,hidden_target_logit_effect,37,primary,visual_span,0.7297297297297297,37,438.1081081081081,1.0,hidden_lattice
3.2466216216216215,-0.05067567567567568,corrupt,15,shifted_mask,1.6317567567567568,hidden_target_logit_effect,37,primary,visual_span,0.6216216216216216,37,10.18918918918919,1.0,hidden_lattice
3.7567567567567566,-0.14864864864864866,corrupt,15,shuffled_mask,1.7162162162162162,hidden_target_logit_effect,37,primary,visual_span,0.5945945945945946,37,43.486486486486484,1.0,hidden_lattice
9.158783783783784,3.1587837837837838,corrupt,15,union_mask,6.087837837837838,hidden_target_logit_effect,37,primary,visual_span,0.7297297297297297,37,107.89189189189189,1.0,hidden_lattice
3.6182432432432434,-1.458614864864865,restore,15,answer_mask,1.0122466216216217,hidden_target_logit_effect,37,primary,answer_adjacent,0.5135135135135135,37,-382.8378378378378,1.0,hidden_lattice
1.625,-0.14189189189189189,restore,15,shifted_mask,0.6672297297297297,hidden_target_logit_effect,37,primary,answer_adjacent,0.4594594594594595,37,-59.648648648648646,1.0,hidden_lattice
3.7736486486486487,0.5472972972972973,restore,15,shuffled_mask,2.010135135135135,hidden_target_logit_effect,37,primary,answer_adjacent,0.6216216216216216,37,7.027027027027027,1.0,hidden_lattice
3.72972972972973,-1.7635135135135136,restore,15,union_mask,0.909206081081081,hidden_target_logit_effect,37,primary,answer_adjacent,0.4864864864864865,37,-380.6756756756757,1.0,hidden_lattice
4.927364864864865,1.410472972972973,restore,15,answer_mask,3.0861486486486487,hidden_target_logit_effect,37,primary,top_hidden_delta,0.7297297297297297,37,534.918918918919,1.0,hidden_lattice
4.114864864864865,0.5,restore,15,shifted_mask,2.14527027027027,hidden_target_logit_effect,37,primary,top_hidden_delta,0.40540540540540543,37,121.4054054054054,1.0,hidden_lattice
2.989864864864865,0.5945945945945946,restore,15,shuffled_mask,1.6655405405405406,hidden_target_logit_effect,37,primary,top_hidden_delta,0.7027027027027027,37,27.216216216216218,1.0,hidden_lattice
5.224662162162162,1.1891891891891893,restore,15,union_mask,3.143581081081081,hidden_target_logit_effect,37,primary,top_hidden_delta,0.5675675675675675,37,517.0,1.0,hidden_lattice
11.56081081081081,3.043918918918919,restore,15,answer_mask,7.261824324324325,hidden_target_logit_effect,37,primary,visual+answer,0.5945945945945946,37,580.8108108108108,1.0,hidden_lattice
6.094594594594595,0.918918918918919,restore,15,shifted_mask,3.3716216216216215,hidden_target_logit_effect,37,primary,visual+answer,0.5945945945945946,37,122.62162162162163,1.0,hidden_lattice
7.101351351351352,2.189189189189189,restore,15,shuffled_mask,4.5,hidden_target_logit_effect,37,primary,visual+answer,0.6486486486486487,37,38.5945945945946,1.0,hidden_lattice
12.736486486486486,3.597972972972973,restore,15,union_mask,8.091216216216216,hidden_target_logit_effect,37,primary,visual+answer,0.6486486486486487,37,612.3513513513514,1.0,hidden_lattice
8.381756756756756,1.7736486486486487,restore,15,answer_mask,4.964527027027027,hidden_target_logit_effect,37,primary,visual_span,0.6486486486486487,37,569.1891891891892,1.0,hidden_lattice
5.148648648648648,0.581081081081081,restore,15,shifted_mask,2.6824324324324325,hidden_target_logit_effect,37,primary,visual_span,0.6486486486486487,37,121.78378378378379,1.0,hidden_lattice
4.8108108108108105,1.2331081081081081,restore,15,shuffled_mask,2.9425675675675675,hidden_target_logit_effect,37,primary,visual_span,0.6486486486486487,37,34.24324324324324,1.0,hidden_lattice
9.388513513513514,1.8513513513513513,restore,15,union_mask,5.47972972972973,hidden_target_logit_effect,37,primary,visual_span,0.6756756756756757,37,598.1351351351351,1.0,hidden_lattice
2.114864864864865,-0.07432432432432433,corrupt,16,answer_mask,1.0472972972972974,hidden_target_logit_effect,37,primary,answer_adjacent,0.6216216216216216,37,1.2432432432432432,1.0,hidden_lattice
1.2702702702702702,-0.36486486486486486,corrupt,16,shifted_mask,0.4527027027027027,hidden_target_logit_effect,37,primary,answer_adjacent,0.5135135135135135,37,0.7567567567567568,1.0,hidden_lattice
1.3243243243243243,-0.2635135135135135,corrupt,16,shuffled_mask,0.5,hidden_target_logit_effect,37,primary,answer_adjacent,0.4864864864864865,37,0.2972972972972973,1.0,hidden_lattice
2.135135135135135,0.17567567567567569,corrupt,16,union_mask,1.1554054054054055,hidden_target_logit_effect,37,primary,answer_adjacent,0.5945945945945946,37,1.6216216216216217,1.0,hidden_lattice
0.18243243243243243,-0.4864864864864865,corrupt,16,answer_mask,-0.14864864864864866,hidden_target_logit_effect,37,primary,top_hidden_delta,0.43243243243243246,37,0.05405405405405406,1.0,hidden_lattice
0.20270270270270271,-0.30405405405405406,corrupt,16,shifted_mask,-0.0472972972972973,hidden_target_logit_effect,37,primary,top_hidden_delta,0.3783783783783784,37,0.24324324324324326,1.0,hidden_lattice
0.23648648648648649,-0.24324324324324326,corrupt,16,shuffled_mask,-0.006756756756756757,hidden_target_logit_effect,37,primary,top_hidden_delta,0.35135135135135137,37,0.13513513513513514,1.0,hidden_lattice
0.28378378378378377,-0.13513513513513514,corrupt,16,union_mask,0.07432432432432433,hidden_target_logit_effect,37,primary,top_hidden_delta,0.4594594594594595,37,0.16216216216216217,1.0,hidden_lattice
9.545608108108109,2.6486486486486487,corrupt,16,answer_mask,6.081081081081081,hidden_target_logit_effect,37,primary,visual+answer,0.7567567567567568,37,230.2972972972973,1.0,hidden_lattice
4.304054054054054,0.4864864864864865,corrupt,16,shifted_mask,2.3277027027027026,hidden_target_logit_effect,37,primary,visual+answer,0.6756756756756757,37,7.108108108108108,1.0,hidden_lattice
4.3175675675675675,0.6993243243243243,corrupt,16,shuffled_mask,2.3885135135135136,hidden_target_logit_effect,37,primary,visual+answer,0.5675675675675675,37,11.18918918918919,1.0,hidden_lattice
8.99831081081081,2.2905405405405403,corrupt,16,union_mask,5.6266891891891895,hidden_target_logit_effect,37,primary,visual+answer,0.7027027027027027,37,98.02702702702703,1.0,hidden_lattice
9.952702702702704,3.748310810810811,corrupt,16,answer_mask,6.775337837837838,hidden_target_logit_effect,37,primary,visual_span,0.8108108108108109,37,230.24324324324326,1.0,hidden_lattice
3.331081081081081,0.2702702702702703,corrupt,16,shifted_mask,1.7668918918918919,hidden_target_logit_effect,37,primary,visual_span,0.7027027027027027,37,10.81081081081081,1.0,hidden_lattice
3.5945945945945947,0.14189189189189189,corrupt,16,shuffled_mask,1.7567567567567568,hidden_target_logit_effect,37,primary,visual_span,0.5945945945945946,37,27.16216216216216,1.0,hidden_lattice
8.972972972972974,3.39527027027027,corrupt,16,union_mask,6.121621621621622,hidden_target_logit_effect,37,primary,visual_span,0.8648648648648649,37,77.83783783783784,1.0,hidden_lattice
4.030405405405405,-1.4847972972972974,restore,16,answer_mask,1.179054054054054,hidden_target_logit_effect,37,primary,answer_adjacent,0.5405405405405406,37,401.94594594594594,1.0,hidden_lattice
1.5912162162162162,-0.543918918918919,restore,16,shifted_mask,0.4966216216216216,hidden_target_logit_effect,37,primary,answer_adjacent,0.4864864864864865,37,-210.56756756756758,1.0,hidden_lattice
3.9594594594594597,0.22972972972972974,restore,16,shuffled_mask,1.929054054054054,hidden_target_logit_effect,37,primary,answer_adjacent,0.5405405405405406,37,-22.62162162162162,1.0,hidden_lattice
3.97972972972973,-1.8091216216216217,restore,16,union_mask,1.008445945945946,hidden_target_logit_effect,37,primary,answer_adjacent,0.4864864864864865,37,369.97297297297297,1.0,hidden_lattice
4.129222972972973,0.8690878378378378,restore,16,answer_mask,2.4400337837837838,hidden_target_logit_effect,37,primary,top_hidden_delta,0.6486486486486487,37,285.1081081081081,1.0,hidden_lattice
3.8074324324324325,0.5777027027027027,restore,16,shifted_mask,2.0304054054054053,hidden_target_logit_effect,37,primary,top_hidden_delta,0.5405405405405406,37,121.16216216216216,1.0,hidden_lattice
2.8344594594594597,0.47635135135135137,restore,16,shuffled_mask,1.554054054054054,hidden_target_logit_effect,37,primary,top_hidden_delta,0.5675675675675675,37,28.10810810810811,1.0,hidden_lattice
4.4324324324324325,0.7863175675675675,restore,16,union_mask,2.53125,hidden_target_logit_effect,37,primary,top_hidden_delta,0.6756756756756757,37,287.35135135135135,1.0,hidden_lattice
12.611486486486486,4.043918918918919,restore,16,answer_mask,8.275337837837839,hidden_target_logit_effect,37,primary,visual+answer,0.6216216216216216,37,581.0,1.0,hidden_lattice
6.594594594594595,1.347972972972973,restore,16,shifted_mask,3.7905405405405403,hidden_target_logit_effect,37,primary,visual+answer,0.6486486486486487,37,122.75675675675676,1.0,hidden_lattice
7.550675675675675,2.564189189189189,restore,16,shuffled_mask,4.9391891891891895,hidden_target_logit_effect,37,primary,visual+answer,0.7027027027027027,37,38.513513513513516,1.0,hidden_lattice
13.58108108108108,4.597972972972973,restore,16,union_mask,9.037162162162161,hidden_target_logit_effect,37,primary,visual+answer,0.6486486486486487,37,612.6216216216217,1.0,hidden_lattice
8.797297297297296,1.4797297297297298,restore,16,answer_mask,4.903716216216216,hidden_target_logit_effect,37,primary,visual_span,0.5945945945945946,37,531.027027027027,1.0,hidden_lattice
4.513513513513513,0.34121621621621623,restore,16,shifted_mask,2.2871621621621623,hidden_target_logit_effect,37,primary,visual_span,0.6216216216216216,37,121.83783783783784,1.0,hidden_lattice
4.581081081081081,1.1385135135135136,restore,16,shuffled_mask,2.760135135135135,hidden_target_logit_effect,37,primary,visual_span,0.6486486486486487,37,33.16216216216216,1.0,hidden_lattice
9.510135135135135,1.722972972972973,restore,16,union_mask,5.368243243243243,hidden_target_logit_effect,37,primary,visual_span,0.6486486486486487,37,556.5135135135135,1.0,hidden_lattice
2.7432432432432434,0.11486486486486487,corrupt,17,answer_mask,1.4932432432432432,hidden_target_logit_effect,37,primary,answer_adjacent,0.6486486486486487,37,1.135135135135135,1.0,hidden_lattice
1.7837837837837838,-0.3581081081081081,corrupt,17,shifted_mask,0.6891891891891891,hidden_target_logit_effect,37,primary,answer_adjacent,0.4864864864864865,37,0.6486486486486487,1.0,hidden_lattice
1.972972972972973,0.12162162162162163,corrupt,17,shuffled_mask,0.9864864864864865,hidden_target_logit_effect,37,primary,answer_adjacent,0.5405405405405406,37,0.4594594594594595,1.0,hidden_lattice
2.331081081081081,0.07432432432432433,corrupt,17,union_mask,1.222972972972973,hidden_target_logit_effect,37,primary,answer_adjacent,0.6486486486486487,37,1.864864864864865,1.0,hidden_lattice
0.20945945945945946,-0.39864864864864863,corrupt,17,answer_mask,-0.0945945945945946,hidden_target_logit_effect,37,primary,top_hidden_delta,0.43243243243243246,37,0.10810810810810811,1.0,hidden_lattice
0.18243243243243243,-0.33783783783783783,corrupt,17,shifted_mask,-0.06756756756756757,hidden_target_logit_effect,37,primary,top_hidden_delta,0.40540540540540543,37,0.05405405405405406,1.0,hidden_lattice
0.36486486486486486,-0.1554054054054054,corrupt,17,shuffled_mask,0.09121621621621621,hidden_target_logit_effect,37,primary,top_hidden_delta,0.40540540540540543,37,0.05405405405405406,1.0,hidden_lattice
0.5405405405405406,-0.013513513513513514,corrupt,17,union_mask,0.22972972972972974,hidden_target_logit_effect,37,primary,top_hidden_delta,0.43243243243243246,37,0.0,1.0,hidden_lattice
8.466216216216216,2.14527027027027,corrupt,17,answer_mask,5.277027027027027,hidden_target_logit_effect,37,primary,visual+answer,0.7297297297297297,37,171.72972972972974,1.0,hidden_lattice
3.8986486486486487,0.07432432432432433,corrupt,17,shifted_mask,1.9054054054054055,hidden_target_logit_effect,37,primary,visual+answer,0.5945945945945946,37,5.054054054054054,1.0,hidden_lattice
4.114864864864865,0.6216216216216216,corrupt,17,shuffled_mask,2.27027027027027,hidden_target_logit_effect,37,primary,visual+answer,0.5945945945945946,37,6.1891891891891895,1.0,hidden_lattice
7.91554054054054,1.8581081081081081,corrupt,17,union_mask,4.925675675675675,hidden_target_logit_effect,37,primary,visual+answer,0.7297297297297297,37,47.54054054054054,1.0,hidden_lattice
7.253378378378378,1.9087837837837838,corrupt,17,answer_mask,4.547297297297297,hidden_target_logit_effect,37,primary,visual_span,0.7027027027027027,37,139.51351351351352,1.0,hidden_lattice
2.652027027027027,0.16891891891891891,corrupt,17,shifted_mask,1.3513513513513513,hidden_target_logit_effect,37,primary,visual_span,0.6756756756756757,37,4.72972972972973,1.0,hidden_lattice
2.97972972972973,0.08108108108108109,corrupt,17,shuffled_mask,1.429054054054054,hidden_target_logit_effect,37,primary,visual_span,0.5945945945945946,37,11.513513513513514,1.0,hidden_lattice
6.547297297297297,1.8817567567567568,corrupt,17,union_mask,4.138513513513513,hidden_target_logit_effect,37,primary,visual_span,0.7837837837837838,37,31.027027027027028,1.0,hidden_lattice
5.222972972972973,-0.19256756756756757,restore,17,answer_mask,2.435810810810811,hidden_target_logit_effect,37,primary,answer_adjacent,0.5945945945945946,37,504.4864864864865,1.0,hidden_lattice
2.2837837837837838,-0.16554054054054054,restore,17,shifted_mask,1.0304054054054055,hidden_target_logit_effect,37,primary,answer_adjacent,0.4864864864864865,37,84.75675675675676,1.0,hidden_lattice
4.597972972972973,1.010135135135135,restore,17,shuffled_mask,2.6486486486486487,hidden_target_logit_effect,37,primary,answer_adjacent,0.6756756756756757,37,28.08108108108108,1.0,hidden_lattice
5.760135135135135,0.07094594594594594,restore,17,union_mask,2.8513513513513513,hidden_target_logit_effect,37,primary,answer_adjacent,0.5945945945945946,37,531.2702702702703,1.0,hidden_lattice
2.73902027027027,0.3657094594594595,restore,17,answer_mask,1.5025337837837838,hidden_target_logit_effect,37,primary,top_hidden_delta,0.6756756756756757,37,151.35135135135135,1.0,hidden_lattice
2.2094594594594597,0.19594594594594594,restore,17,shifted_mask,1.1317567567567568,hidden_target_logit_effect,37,primary,top_hidden_delta,0.5945945945945946,37,95.35135135135135,1.0,hidden_lattice
2.185810810810811,0.40202702702702703,restore,17,shuffled_mask,1.212837837837838,hidden_target_logit_effect,37,primary,top_hidden_delta,0.5675675675675675,37,23.35135135135135,1.0,hidden_lattice
3.97972972972973,1.0092905405405406,restore,17,union_mask,2.397804054054054,hidden_target_logit_effect,37,primary,top_hidden_delta,0.6756756756756757,37,171.8918918918919,1.0,hidden_lattice
12.385135135135135,3.949324324324324,restore,17,answer_mask,8.10641891891892,hidden_target_logit_effect,37,primary,visual+answer,0.5945945945945946,37,581.1891891891892,1.0,hidden_lattice
6.5,0.972972972972973,restore,17,shifted_mask,3.581081081081081,hidden_target_logit_effect,37,primary,visual+answer,0.6216216216216216,37,122.83783783783784,1.0,hidden_lattice
7.912162162162162,2.8175675675675675,restore,17,shuffled_mask,5.22972972972973,hidden_target_logit_effect,37,primary,visual+answer,0.6486486486486487,37,38.486486486486484,1.0,hidden_lattice
13.375,4.638513513513513,restore,17,union_mask,8.989864864864865,hidden_target_logit_effect,37,primary,visual+answer,0.6756756756756757,37,612.7027027027027,1.0,hidden_lattice
6.793918918918919,1.0625,restore,17,answer_mask,3.7719594594594597,hidden_target_logit_effect,37,primary,visual_span,0.7027027027027027,37,538.2432432432432,1.0,hidden_lattice
3.918918918918919,0.19932432432432431,restore,17,shifted_mask,2.0135135135135136,hidden_target_logit_effect,37,primary,visual_span,0.6216216216216216,37,121.91891891891892,1.0,hidden_lattice
4.239864864864865,1.0844594594594594,restore,17,shuffled_mask,2.60472972972973,hidden_target_logit_effect,37,primary,visual_span,0.7297297297297297,37,32.810810810810814,1.0,hidden_lattice
7.841216216216216,1.570945945945946,restore,17,union_mask,4.523648648648648,hidden_target_logit_effect,37,primary,visual_span,0.7297297297297297,37,563.1891891891892,1.0,hidden_lattice
2.7837837837837838,0.033783783783783786,corrupt,18,answer_mask,1.4797297297297298,hidden_target_logit_effect,37,primary,answer_adjacent,0.6216216216216216,37,1.2702702702702702,1.0,hidden_lattice
1.8581081081081081,-0.43243243243243246,corrupt,18,shifted_mask,0.6891891891891891,hidden_target_logit_effect,37,primary,answer_adjacent,0.4594594594594595,37,0.6486486486486487,1.0,hidden_lattice
2.114864864864865,0.13513513513513514,corrupt,18,shuffled_mask,1.0743243243243243,hidden_target_logit_effect,37,primary,answer_adjacent,0.5945945945945946,37,0.43243243243243246,1.0,hidden_lattice
2.6283783783783785,0.16891891891891891,corrupt,18,union_mask,1.4189189189189189,hidden_target_logit_effect,37,primary,answer_adjacent,0.6756756756756757,37,2.2162162162162162,1.0,hidden_lattice
0.3108108108108108,-0.21621621621621623,corrupt,18,answer_mask,0.033783783783783786,hidden_target_logit_effect,37,primary,top_hidden_delta,0.3783783783783784,37,0.1891891891891892,1.0,hidden_lattice
0.16216216216216217,-0.25,corrupt,18,shifted_mask,-0.04054054054054054,hidden_target_logit_effect,37,primary,top_hidden_delta,0.4594594594594595,37,0.05405405405405406,1.0,hidden_lattice
0.3581081081081081,-0.14864864864864866,corrupt,18,shuffled_mask,0.10135135135135136,hidden_target_logit_effect,37,primary,top_hidden_delta,0.4594594594594595,37,0.08108108108108109,1.0,hidden_lattice
0.527027027027027,-0.0945945945945946,corrupt,18,union_mask,0.20270270270270271,hidden_target_logit_effect,37,primary,top_hidden_delta,0.4594594594594595,37,0.1891891891891892,1.0,hidden_lattice
8.780405405405405,2.266891891891892,corrupt,18,answer_mask,5.506756756756757,hidden_target_logit_effect,37,primary,visual+answer,0.6756756756756757,37,212.56756756756758,1.0,hidden_lattice
3.8716216216216215,-0.07094594594594594,corrupt,18,shifted_mask,1.8614864864864864,hidden_target_logit_effect,37,primary,visual+answer,0.5945945945945946,37,5.27027027027027,1.0,hidden_lattice
4.297297297297297,0.7364864864864865,corrupt,18,shuffled_mask,2.418918918918919,hidden_target_logit_effect,37,primary,visual+answer,0.6486486486486487,37,8.324324324324325,1.0,hidden_lattice
8.361486486486486,2.2736486486486487,corrupt,18,union_mask,5.300675675675675,hidden_target_logit_effect,37,primary,visual+answer,0.7297297297297297,37,62.5945945945946,1.0,hidden_lattice
7.385135135135135,1.9966216216216217,corrupt,18,answer_mask,4.608108108108108,hidden_target_logit_effect,37,primary,visual_span,0.7027027027027027,37,149.40540540540542,1.0,hidden_lattice
2.6114864864864864,0.17567567567567569,corrupt,18,shifted_mask,1.3006756756756757,hidden_target_logit_effect,37,primary,visual_span,0.6216216216216216,37,5.378378378378378,1.0,hidden_lattice
2.8513513513513513,-0.033783783783783786,corrupt,18,shuffled_mask,1.2804054054054055,hidden_target_logit_effect,37,primary,visual_span,0.5675675675675675,37,12.891891891891891,1.0,hidden_lattice
6.47972972972973,1.8006756756756757,corrupt,18,union_mask,4.118243243243243,hidden_target_logit_effect,37,primary,visual_span,0.8108108108108109,37,31.08108108108108,1.0,hidden_lattice
5.447635135135135,-0.20270270270270271,restore,18,answer_mask,2.579391891891892,hidden_target_logit_effect,37,primary,answer_adjacent,0.6216216216216216,37,518.8648648648649,1.0,hidden_lattice
2.439189189189189,-0.25,restore,18,shifted_mask,1.0675675675675675,hidden_target_logit_effect,37,primary,answer_adjacent,0.4864864864864865,37,85.70270270270271,1.0,hidden_lattice
4.6891891891891895,1.0202702702702702,restore,18,shuffled_mask,2.733108108108108,hidden_target_logit_effect,37,primary,answer_adjacent,0.6756756756756757,37,26.7027027027027,1.0,hidden_lattice
5.864864864864865,0.013513513513513514,restore,18,union_mask,2.949324324324324,hidden_target_logit_effect,37,primary,answer_adjacent,0.6216216216216216,37,544.5405405405405,1.0,hidden_lattice
2.831081081081081,0.6216216216216216,restore,18,answer_mask,1.6849662162162162,hidden_target_logit_effect,37,primary,top_hidden_delta,0.7567567567567568,37,159.75675675675674,1.0,hidden_lattice
2.391891891891892,0.42905405405405406,restore,18,shifted_mask,1.337837837837838,hidden_target_logit_effect,37,primary,top_hidden_delta,0.6486486486486487,37,104.64864864864865,1.0,hidden_lattice
1.8885135135135136,0.3310810810810811,restore,18,shuffled_mask,1.0506756756756757,hidden_target_logit_effect,37,primary,top_hidden_delta,0.5405405405405406,37,23.513513513513512,1.0,hidden_lattice
3.4341216216216215,0.9636824324324325,restore,18,union_mask,2.137668918918919,hidden_target_logit_effect,37,primary,top_hidden_delta,0.6756756756756757,37,190.94594594594594,1.0,hidden_lattice
12.43581081081081,3.920608108108108,restore,18,answer_mask,8.119932432432432,hidden_target_logit_effect,37,primary,visual+answer,0.6216216216216216,37,581.1351351351351,1.0,hidden_lattice
6.429054054054054,0.8783783783783784,restore,18,shifted_mask,3.5033783783783785,hidden_target_logit_effect,37,primary,visual+answer,0.6216216216216216,37,122.86486486486487,1.0,hidden_lattice
7.83445945945946,2.847972972972973,restore,18,shuffled_mask,5.226351351351352,hidden_target_logit_effect,37,primary,visual+answer,0.6756756756756757,37,38.45945945945946,1.0,hidden_lattice
13.41891891891892,4.706081081081081,restore,18,union_mask,9.037162162162161,hidden_target_logit_effect,37,primary,visual+answer,0.6756756756756757,37,612.6216216216217,1.0,hidden_lattice
7.184121621621622,1.0,restore,18,answer_mask,3.9003378378378377,hidden_target_logit_effect,37,primary,visual_span,0.6756756756756757,37,539.8918918918919,1.0,hidden_lattice
4.02027027027027,0.16216216216216217,restore,18,shifted_mask,2.016891891891892,hidden_target_logit_effect,37,primary,visual_span,0.5945945945945946,37,122.0,1.0,hidden_lattice
4.41554054054054,1.1655405405405406,restore,18,shuffled_mask,2.7263513513513513,hidden_target_logit_effect,37,primary,visual_span,0.7837837837837838,37,33.21621621621622,1.0,hidden_lattice
8.412162162162161,1.6824324324324325,restore,18,union_mask,4.851351351351352,hidden_target_logit_effect,37,primary,visual_span,0.7027027027027027,37,573.2702702702703,1.0,hidden_lattice
3.385135135135135,0.28378378378378377,corrupt,19,answer_mask,1.8513513513513513,hidden_target_logit_effect,37,primary,answer_adjacent,0.6486486486486487,37,2.1621621621621623,1.0,hidden_lattice
1.9256756756756757,-0.36486486486486486,corrupt,19,shifted_mask,0.7635135135135135,hidden_target_logit_effect,37,primary,answer_adjacent,0.4594594594594595,37,0.5135135135135135,1.0,hidden_lattice
2.2094594594594597,0.12162162162162163,corrupt,19,shuffled_mask,1.1418918918918919,hidden_target_logit_effect,37,primary,answer_adjacent,0.5675675675675675,37,0.6756756756756757,1.0,hidden_lattice
3.1283783783783785,0.19594594594594594,corrupt,19,union_mask,1.6554054054054055,hidden_target_logit_effect,37,primary,answer_adjacent,0.5675675675675675,37,3.891891891891892,1.0,hidden_lattice
0.1891891891891892,-0.25,corrupt,19,answer_mask,-0.02702702702702703,hidden_target_logit_effect,37,primary,top_hidden_delta,0.3783783783783784,37,0.10810810810810811,1.0,hidden_lattice
0.3310810810810811,-0.14864864864864866,corrupt,19,shifted_mask,0.08108108108108109,hidden_target_logit_effect,37,primary,top_hidden_delta,0.3783783783783784,37,0.10810810810810811,1.0,hidden_lattice
0.39864864864864863,-0.13513513513513514,corrupt,19,shuffled_mask,0.12162162162162163,hidden_target_logit_effect,37,primary,top_hidden_delta,0.43243243243243246,37,0.1891891891891892,1.0,hidden_lattice
0.3716216216216216,-0.2635135135135135,corrupt,19,union_mask,0.033783783783783786,hidden_target_logit_effect,37,primary,top_hidden_delta,0.35135135135135137,37,0.3783783783783784,1.0,hidden_lattice
9.234797297297296,2.652027027027027,corrupt,19,answer_mask,5.900337837837838,hidden_target_logit_effect,37,primary,visual+answer,0.7567567567567568,37,211.59459459459458,1.0,hidden_lattice
3.949324324324324,0.1891891891891892,corrupt,19,shifted_mask,2.0371621621621623,hidden_target_logit_effect,37,primary,visual+answer,0.6756756756756757,37,4.45945945945946,1.0,hidden_lattice
4.27027027027027,0.7601351351351351,corrupt,19,shuffled_mask,2.449324324324324,hidden_target_logit_effect,37,primary,visual+answer,0.5675675675675675,37,7.864864864864865,1.0,hidden_lattice
9.02364864864865,2.7533783783783785,corrupt,19,union_mask,5.888513513513513,hidden_target_logit_effect,37,primary,visual+answer,0.7567567567567568,37,72.02702702702703,1.0,hidden_lattice
6.75,1.6756756756756757,corrupt,19,answer_mask,4.118243243243243,hidden_target_logit_effect,37,primary,visual_span,0.6216216216216216,37,128.3783783783784,1.0,hidden_lattice
2.9425675675675675,0.3581081081081081,corrupt,19,shifted_mask,1.5439189189189189,hidden_target_logit_effect,37,primary,visual_span,0.6486486486486487,37,6.54054054054054,1.0,hidden_lattice
3.0371621621621623,-0.030405405405405407,corrupt,19,shuffled_mask,1.3682432432432432,hidden_target_logit_effect,37,primary,visual_span,0.5405405405405406,37,16.64864864864865,1.0,hidden_lattice
5.763513513513513,1.3581081081081081,corrupt,19,union_mask,3.4695945945945947,hidden_target_logit_effect,37,primary,visual_span,0.7027027027027027,37,24.83783783783784,1.0,hidden_lattice
5.467905405405405,0.30574324324324326,restore,19,answer_mask,2.9324324324324325,hidden_target_logit_effect,37,primary,answer_adjacent,0.6756756756756757,37,523.3513513513514,1.0,hidden_lattice
2.35472972972973,-0.44594594594594594,restore,19,shifted_mask,0.8986486486486487,hidden_target_logit_effect,37,primary,answer_adjacent,0.4864864864864865,37,78.56756756756756,1.0,hidden_lattice
4.402027027027027,1.1047297297297298,restore,19,shuffled_mask,2.685810810810811,hidden_target_logit_effect,37,primary,answer_adjacent,0.6486486486486487,37,22.18918918918919,1.0,hidden_lattice
6.413851351351352,1.287162162162162,restore,19,union_mask,3.829391891891892,hidden_target_logit_effect,37,primary,answer_adjacent,0.7027027027027027,37,545.972972972973,1.0,hidden_lattice
2.518581081081081,0.44256756756756754,restore,19,answer_mask,1.427364864864865,hidden_target_logit_effect,37,primary,top_hidden_delta,0.5405405405405406,37,252.56756756756758,1.0,hidden_lattice
2.4054054054054053,0.3952702702702703,restore,19,shifted_mask,1.3344594594594594,hidden_target_logit_effect,37,primary,top_hidden_delta,0.6486486486486487,37,101.64864864864865,1.0,hidden_lattice
1.8074324324324325,0.2668918918918919,restore,19,shuffled_mask,0.9966216216216216,hidden_target_logit_effect,37,primary,top_hidden_delta,0.5135135135135135,37,22.81081081081081,1.0,hidden_lattice
2.875,0.8783783783783784,restore,19,union_mask,1.8158783783783783,hidden_target_logit_effect,37,primary,top_hidden_delta,0.5945945945945946,37,281.27027027027026,1.0,hidden_lattice
12.47804054054054,3.8885135135135136,restore,19,answer_mask,8.173986486486486,hidden_target_logit_effect,37,primary,visual+answer,0.6756756756756757,37,581.1891891891892,1.0,hidden_lattice
6.412162162162162,0.8952702702702703,restore,19,shifted_mask,3.4932432432432434,hidden_target_logit_effect,37,primary,visual+answer,0.6216216216216216,37,123.02702702702703,1.0,hidden_lattice
7.510135135135135,2.766891891891892,restore,19,shuffled_mask,5.074324324324325,hidden_target_logit_effect,37,primary,visual+answer,0.6486486486486487,37,39.0,1.0,hidden_lattice
13.54391891891892,4.766891891891892,restore,19,union_mask,9.158783783783784,hidden_target_logit_effect,37,primary,visual+answer,0.7297297297297297,37,612.7837837837837,1.0,hidden_lattice
7.673986486486487,1.1047297297297298,restore,19,answer_mask,4.1875,hidden_target_logit_effect,37,primary,visual_span,0.6486486486486487,37,553.3243243243244,1.0,hidden_lattice
4.114864864864865,0.28378378378378377,restore,19,shifted_mask,2.1283783783783785,hidden_target_logit_effect,37,primary,visual_span,0.7027027027027027,37,122.0,1.0,hidden_lattice
4.3141891891891895,0.956081081081081,restore,19,shuffled_mask,2.5945945945945947,hidden_target_logit_effect,37,primary,visual_span,0.6486486486486487,37,33.83783783783784,1.0,hidden_lattice
9.172297297297296,2.027027027027027,restore,19,union_mask,5.378378378378378,hidden_target_logit_effect,37,primary,visual_span,0.7567567567567568,37,581.1621621621622,1.0,hidden_lattice
3.9763513513513513,0.4864864864864865,corrupt,20,answer_mask,2.189189189189189,hidden_target_logit_effect,37,primary,answer_adjacent,0.6486486486486487,37,3.3513513513513513,1.0,hidden_lattice
2.02027027027027,-0.7364864864864865,corrupt,20,shifted_mask,0.5945945945945946,hidden_target_logit_effect,37,primary,answer_adjacent,0.43243243243243246,37,0.918918918918919,1.0,hidden_lattice
2.4662162162162162,-0.12162162162162163,corrupt,20,shuffled_mask,1.1756756756756757,hidden_target_logit_effect,37,primary,answer_adjacent,0.4864864864864865,37,1.2702702702702702,1.0,hidden_lattice
4.033783783783784,0.09121621621621621,corrupt,20,union_mask,2.0675675675675675,hidden_target_logit_effect,37,primary,answer_adjacent,0.6486486486486487,37,6.837837837837838,1.0,hidden_lattice
0.17567567567567569,-0.2702702702702703,corrupt,20,answer_mask,-0.05405405405405406,hidden_target_logit_effect,37,primary,top_hidden_delta,0.35135135135135137,37,0.10810810810810811,1.0,hidden_lattice
0.16891891891891891,-0.2905405405405405,corrupt,20,shifted_mask,-0.0472972972972973,hidden_target_logit_effect,37,primary,top_hidden_delta,0.4594594594594595,37,0.13513513513513514,1.0,hidden_lattice
0.25,-0.14864864864864866,corrupt,20,shuffled_mask,0.04054054054054054,hidden_target_logit_effect,37,primary,top_hidden_delta,0.3783783783783784,37,0.13513513513513514,1.0,hidden_lattice
0.40878378378378377,-0.19594594594594594,corrupt,20,union_mask,0.08445945945945946,hidden_target_logit_effect,37,primary,top_hidden_delta,0.40540540540540543,37,0.2702702702702703,1.0,hidden_lattice
10.128378378378379,3.0777027027027026,corrupt,20,answer_mask,6.52027027027027,hidden_target_logit_effect,37,primary,visual+answer,0.6756756756756757,37,282.27027027027026,1.0,hidden_lattice
4.3175675675675675,0.23648648648648649,corrupt,20,shifted_mask,2.2837837837837838,hidden_target_logit_effect,37,primary,visual+answer,0.6216216216216216,37,6.27027027027027,1.0,hidden_lattice
4.783783783783784,1.010135135135135,corrupt,20,shuffled_mask,2.8344594594594597,hidden_target_logit_effect,37,primary,visual+answer,0.5945945945945946,37,9.783783783783784,1.0,hidden_lattice
10.381756756756756,3.5,corrupt,20,union_mask,6.918918918918919,hidden_target_logit_effect,37,primary,visual+answer,0.7027027027027027,37,163.27027027027026,1.0,hidden_lattice
6.202702702702703,1.4594594594594594,corrupt,20,answer_mask,3.760135135135135,hidden_target_logit_effect,37,primary,visual_span,0.5945945945945946,37,74.35135135135135,1.0,hidden_lattice
2.560810810810811,0.12837837837837837,corrupt,20,shifted_mask,1.2567567567567568,hidden_target_logit_effect,37,primary,visual_span,0.5405405405405406,37,4.837837837837838,1.0,hidden_lattice
2.847972972972973,-0.033783783783783786,corrupt,20,shuffled_mask,1.2939189189189189,hidden_target_logit_effect,37,primary,visual_span,0.4594594594594595,37,11.378378378378379,1.0,hidden_lattice
5.081081081081081,0.9831081081081081,corrupt,20,union_mask,3.0,hidden_target_logit_effect,37,primary,visual_span,0.5945945945945946,37,15.216216216216216,1.0,hidden_lattice
6.138513513513513,0.8733108108108109,restore,20,answer_mask,3.498310810810811,hidden_target_logit_effect,37,primary,answer_adjacent,0.6486486486486487,37,549.1621621621622,1.0,hidden_lattice
3.2128378378378377,-0.20270270270270271,restore,20,shifted_mask,1.4256756756756757,hidden_target_logit_effect,37,primary,answer_adjacent,0.5135135135135135,37,105.1891891891892,1.0,hidden_lattice
4.712837837837838,1.3310810810810811,restore,20,shuffled_mask,3.0033783783783785,hidden_target_logit_effect,37,primary,answer_adjacent,0.5945945945945946,37,29.64864864864865,1.0,hidden_lattice
7.41554054054054,2.0371621621621623,restore,20,union_mask,4.719594594594595,hidden_target_logit_effect,37,primary,answer_adjacent,0.6486486486486487,37,579.7027027027027,1.0,hidden_lattice
2.2905405405405403,0.40540540540540543,restore,20,answer_mask,1.2989864864864864,hidden_target_logit_effect,37,primary,top_hidden_delta,0.6216216216216216,37,227.43243243243242,1.0,hidden_lattice
1.9662162162162162,0.13513513513513514,restore,20,shifted_mask,1.037162162162162,hidden_target_logit_effect,37,primary,top_hidden_delta,0.7027027027027027,37,91.8108108108108,1.0,hidden_lattice
1.7432432432432432,0.40202702702702703,restore,20,shuffled_mask,1.027027027027027,hidden_target_logit_effect,37,primary,top_hidden_delta,0.6756756756756757,37,22.945945945945947,1.0,hidden_lattice
2.614864864864865,0.7635135135135135,restore,20,union_mask,1.6486486486486487,hidden_target_logit_effect,37,primary,top_hidden_delta,0.7297297297297297,37,238.9189189189189,1.0,hidden_lattice
12.388513513513514,4.226351351351352,restore,20,answer_mask,8.315878378378379,hidden_target_logit_effect,37,primary,visual+answer,0.6756756756756757,37,581.081081081081,1.0,hidden_lattice
6.449324324324325,0.7533783783783784,restore,20,shifted_mask,3.5067567567567566,hidden_target_logit_effect,37,primary,visual+answer,0.5405405405405406,37,123.0,1.0,hidden_lattice
7.398648648648648,2.7567567567567566,restore,20,shuffled_mask,4.95945945945946,hidden_target_logit_effect,37,primary,visual+answer,0.6756756756756757,37,39.2972972972973,1.0,hidden_lattice
13.597972972972974,5.212837837837838,restore,20,union_mask,9.41554054054054,hidden_target_logit_effect,37,primary,visual+answer,0.7027027027027027,37,612.7297297297297,1.0,hidden_lattice
6.6858108108108105,1.1452702702702702,restore,20,answer_mask,3.7449324324324325,hidden_target_logit_effect,37,primary,visual_span,0.6216216216216216,37,547.4594594594595,1.0,hidden_lattice
3.9763513513513513,0.6013513513513513,restore,20,shifted_mask,2.239864864864865,hidden_target_logit_effect,37,primary,visual_span,0.7297297297297297,37,121.70270270270271,1.0,hidden_lattice
4.023648648648648,0.9054054054054054,restore,20,shuffled_mask,2.425675675675676,hidden_target_logit_effect,37,primary,visual_span,0.6486486486486487,37,33.16216216216216,1.0,hidden_lattice
8.016891891891891,2.043918918918919,restore,20,union_mask,4.847972972972973,hidden_target_logit_effect,37,primary,visual_span,0.7567567567567568,37,573.6486486486486,1.0,hidden_lattice
3.7871621621621623,-0.033783783783783786,corrupt,21,answer_mask,1.8547297297297298,hidden_target_logit_effect,37,primary,answer_adjacent,0.5945945945945946,37,3.6486486486486487,1.0,hidden_lattice
1.9391891891891893,-1.1081081081081081,corrupt,21,shifted_mask,0.38513513513513514,hidden_target_logit_effect,37,primary,answer_adjacent,0.43243243243243246,37,0.5945945945945946,1.0,hidden_lattice
2.625,0.02027027027027027,corrupt,21,shuffled_mask,1.287162162162162,hidden_target_logit_effect,37,primary,answer_adjacent,0.4864864864864865,37,1.2432432432432432,1.0,hidden_lattice
3.9527027027027026,0.060810810810810814,corrupt,21,union_mask,1.9695945945945945,hidden_target_logit_effect,37,primary,answer_adjacent,0.6216216216216216,37,6.297297297297297,1.0,hidden_lattice
0.14189189189189189,-0.1891891891891892,corrupt,21,answer_mask,-0.02702702702702703,hidden_target_logit_effect,37,primary,top_hidden_delta,0.32432432432432434,37,0.13513513513513514,1.0,hidden_lattice
0.10135135135135136,-0.20945945945945946,corrupt,21,shifted_mask,-0.0472972972972973,hidden_target_logit_effect,37,primary,top_hidden_delta,0.40540540540540543,37,0.0,1.0,hidden_lattice
0.14864864864864866,-0.16891891891891891,corrupt,21,shuffled_mask,-0.013513513513513514,hidden_target_logit_effect,37,primary,top_hidden_delta,0.40540540540540543,37,0.05405405405405406,1.0,hidden_lattice
0.20270270270270271,-0.16891891891891891,corrupt,21,union_mask,0.02702702702702703,hidden_target_logit_effect,37,primary,top_hidden_delta,0.40540540540540543,37,0.16216216216216217,1.0,hidden_lattice
9.233108108108109,2.016891891891892,corrupt,21,answer_mask,5.621621621621622,hidden_target_logit_effect,37,primary,visual+answer,0.6486486486486487,37,170.94594594594594,1.0,hidden_lattice
3.8445945945945947,-0.1891891891891892,corrupt,21,shifted_mask,1.8243243243243243,hidden_target_logit_effect,37,primary,visual+answer,0.5405405405405406,37,3.810810810810811,1.0,hidden_lattice
4.621621621621622,0.8040540540540541,corrupt,21,shuffled_mask,2.6621621621621623,hidden_target_logit_effect,37,primary,visual+answer,0.5945945945945946,37,7.54054054054054,1.0,hidden_lattice
9.359797297297296,2.2533783783783785,corrupt,21,union_mask,5.829391891891892,hidden_target_logit_effect,37,primary,visual+answer,0.6486486486486487,37,103.94594594594595,1.0,hidden_lattice
4.79054054054054,0.5608108108108109,corrupt,21,answer_mask,2.5844594594594597,hidden_target_logit_effect,37,primary,visual_span,0.5135135135135135,37,44.648648648648646,1.0,hidden_lattice
1.7432432432432432,-0.12162162162162163,corrupt,21,shifted_mask,0.7162162162162162,hidden_target_logit_effect,37,primary,visual_span,0.43243243243243246,37,2.3513513513513513,1.0,hidden_lattice
2.179054054054054,-0.38513513513513514,corrupt,21,shuffled_mask,0.7871621621621622,hidden_target_logit_effect,37,primary,visual_span,0.43243243243243246,37,6.351351351351352,1.0,hidden_lattice
4.013513513513513,0.5168918918918919,corrupt,21,union_mask,2.185810810810811,hidden_target_logit_effect,37,primary,visual_span,0.5135135135135135,37,7.216216216216216,1.0,hidden_lattice
7.016891891891892,1.8412162162162162,restore,21,answer_mask,4.386824324324325,hidden_target_logit_effect,37,primary,answer_adjacent,0.7027027027027027,37,560.4054054054054,1.0,hidden_lattice
3.402027027027027,-0.20945945945945946,restore,21,shifted_mask,1.5777027027027026,hidden_target_logit_effect,37,primary,answer_adjacent,0.5405405405405406,37,108.45945945945945,1.0,hidden_lattice
4.97972972972973,1.4966216216216217,restore,21,shuffled_mask,3.2094594594594597,hidden_target_logit_effect,37,primary,answer_adjacent,0.5945945945945946,37,31.81081081081081,1.0,hidden_lattice
7.95945945945946,2.1013513513513513,restore,21,union_mask,5.0675675675675675,hidden_target_logit_effect,37,primary,answer_adjacent,0.7297297297297297,37,590.1351351351351,1.0,hidden_lattice
1.9814189189189189,0.4814189189189189,restore,21,answer_mask,1.1739864864864864,hidden_target_logit_effect,37,primary,top_hidden_delta,0.6216216216216216,37,172.51351351351352,1.0,hidden_lattice
1.537162162162162,0.15878378378378377,restore,21,shifted_mask,0.8040540540540541,hidden_target_logit_effect,37,primary,top_hidden_delta,0.6216216216216216,37,56.21621621621622,1.0,hidden_lattice
1.3783783783783783,0.3344594594594595,restore,21,shuffled_mask,0.8243243243243243,hidden_target_logit_effect,37,primary,top_hidden_delta,0.5675675675675675,37,18.72972972972973,1.0,hidden_lattice
2.0050675675675675,0.5337837837837838,restore,21,union_mask,1.2533783783783783,hidden_target_logit_effect,37,primary,top_hidden_delta,0.6486486486486487,37,192.16216216216216,1.0,hidden_lattice
12.45608108108108,4.263513513513513,restore,21,answer_mask,8.35641891891892,hidden_target_logit_effect,37,primary,visual+answer,0.6486486486486487,37,581.1621621621622,1.0,hidden_lattice
6.344594594594595,0.5608108108108109,restore,21,shifted_mask,3.358108108108108,hidden_target_logit_effect,37,primary,visual+answer,0.5675675675675675,37,122.89189189189189,1.0,hidden_lattice
7.449324324324325,2.733108108108108,restore,21,shuffled_mask,4.993243243243243,hidden_target_logit_effect,37,primary,visual+answer,0.6486486486486487,37,39.2972972972973,1.0,hidden_lattice
13.58445945945946,4.976351351351352,restore,21,union_mask,9.253378378378379,hidden_target_logit_effect,37,primary,visual+answer,0.6756756756756757,37,612.6486486486486,1.0,hidden_lattice
6.236486486486487,1.2010135135135136,restore,21,answer_mask,3.5489864864864864,hidden_target_logit_effect,37,primary,visual_span,0.5945945945945946,37,550.0,1.0,hidden_lattice
3.972972972972973,0.7432432432432432,restore,21,shifted_mask,2.277027027027027,hidden_target_logit_effect,37,primary,visual_span,0.5945945945945946,37,121.56756756756756,1.0,hidden_lattice
3.9054054054054053,0.9155405405405406,restore,21,shuffled_mask,2.331081081081081,hidden_target_logit_effect,37,primary,visual_span,0.5945945945945946,37,33.08108108108108,1.0,hidden_lattice
7.108108108108108,1.7347972972972974,restore,21,union_mask,4.261824324324325,hidden_target_logit_effect,37,primary,visual_span,0.6756756756756757,37,577.8918918918919,1.0,hidden_lattice
5.155405405405405,0.44932432432432434,corrupt,22,answer_mask,2.777027027027027,hidden_target_logit_effect,37,primary,answer_adjacent,0.6756756756756757,37,15.486486486486486,1.0,hidden_lattice
2.1013513513513513,-1.212837837837838,corrupt,22,shifted_mask,0.42567567567567566,hidden_target_logit_effect,37,primary,answer_adjacent,0.43243243243243246,37,1.027027027027027,1.0,hidden_lattice
3.1621621621621623,0.4189189189189189,corrupt,22,shuffled_mask,1.7364864864864864,hidden_target_logit_effect,37,primary,answer_adjacent,0.5675675675675675,37,1.972972972972973,1.0,hidden_lattice
5.39527027027027,0.6452702702702703,corrupt,22,union_mask,3.0337837837837838,hidden_target_logit_effect,37,primary,answer_adjacent,0.6756756756756757,37,16.864864864864863,1.0,hidden_lattice
0.0945945945945946,-0.28378378378378377,corrupt,22,answer_mask,-0.0945945945945946,hidden_target_logit_effect,37,primary,top_hidden_delta,0.24324324324324326,37,0.08108108108108109,1.0,hidden_lattice
0.10810810810810811,-0.16891891891891891,corrupt,22,shifted_mask,-0.02702702702702703,hidden_target_logit_effect,37,primary,top_hidden_delta,0.32432432432432434,37,-0.02702702702702703,1.0,hidden_lattice
0.33783783783783783,-0.02027027027027027,corrupt,22,shuffled_mask,0.1554054054054054,hidden_target_logit_effect,37,primary,top_hidden_delta,0.4594594594594595,37,0.16216216216216217,1.0,hidden_lattice
0.22297297297297297,-0.12837837837837837,corrupt,22,union_mask,0.0472972972972973,hidden_target_logit_effect,37,primary,top_hidden_delta,0.4594594594594595,37,0.16216216216216217,1.0,hidden_lattice
9.837837837837839,2.527027027027027,corrupt,22,answer_mask,6.16722972972973,hidden_target_logit_effect,37,primary,visual+answer,0.6756756756756757,37,143.16216216216216,1.0,hidden_lattice
4.121621621621622,-0.3108108108108108,corrupt,22,shifted_mask,1.9189189189189189,hidden_target_logit_effect,37,primary,visual+answer,0.5135135135135135,37,6.108108108108108,1.0,hidden_lattice
5.1925675675675675,1.385135135135135,corrupt,22,shuffled_mask,3.2195945945945947,hidden_target_logit_effect,37,primary,visual+answer,0.6216216216216216,37,7.891891891891892,1.0,hidden_lattice
10.39695945945946,2.945945945945946,corrupt,22,union_mask,6.653716216216216,hidden_target_logit_effect,37,primary,visual+answer,0.6756756756756757,37,132.83783783783784,1.0,hidden_lattice
3.016891891891892,0.33783783783783783,corrupt,22,answer_mask,1.587837837837838,hidden_target_logit_effect,37,primary,visual_span,0.5135135135135135,37,4.027027027027027,1.0,hidden_lattice
1.4155405405405406,-0.2905405405405405,corrupt,22,shifted_mask,0.4966216216216216,hidden_target_logit_effect,37,primary,visual_span,0.4594594594594595,37,1.054054054054054,1.0,hidden_lattice
1.8344594594594594,-0.3310810810810811,corrupt,22,shuffled_mask,0.6486486486486487,hidden_target_logit_effect,37,primary,visual_span,0.40540540540540543,37,3.0,1.0,hidden_lattice
2.77027027027027,0.22297297297297297,corrupt,22,union_mask,1.4358108108108107,hidden_target_logit_effect,37,primary,visual_span,0.5405405405405406,37,3.4594594594594597,1.0,hidden_lattice
8.41554054054054,2.510135135135135,restore,22,answer_mask,5.461148648648648,hidden_target_logit_effect,37,primary,answer_adjacent,0.7297297297297297,37,574.5675675675676,1.0,hidden_lattice
4.41554054054054,-0.20270270270270271,restore,22,shifted_mask,1.9763513513513513,hidden_target_logit_effect,37,primary,answer_adjacent,0.5405405405405406,37,118.45945945945945,1.0,hidden_lattice
5.58445945945946,1.912162162162162,restore,22,shuffled_mask,3.6385135135135136,hidden_target_logit_effect,37,primary,answer_adjacent,0.7027027027027027,37,35.32432432432432,1.0,hidden_lattice
9.722972972972974,3.2736486486486487,restore,22,union_mask,6.547297297297297,hidden_target_logit_effect,37,primary,answer_adjacent,0.7027027027027027,37,605.972972972973,1.0,hidden_lattice
2.4070945945945947,0.6300675675675675,restore,22,answer_mask,1.4966216216216217,hidden_target_logit_effect,37,primary,top_hidden_delta,0.5945945945945946,37,459.3783783783784,1.0,hidden_lattice
1.4527027027027026,0.20608108108108109,restore,22,shifted_mask,0.7837837837837838,hidden_target_logit_effect,37,primary,top_hidden_delta,0.4594594594594595,37,94.27027027027027,1.0,hidden_lattice
1.3243243243243243,0.34459459459459457,restore,22,shuffled_mask,0.7871621621621622,hidden_target_logit_effect,37,primary,top_hidden_delta,0.5675675675675675,37,19.89189189189189,1.0,hidden_lattice
2.918918918918919,1.027027027027027,restore,22,union_mask,1.9408783783783783,hidden_target_logit_effect,37,primary,top_hidden_delta,0.8108108108108109,37,487.35135135135135,1.0,hidden_lattice
12.282094594594595,4.135135135135135,restore,22,answer_mask,8.201013513513514,hidden_target_logit_effect,37,primary,visual+answer,0.6486486486486487,37,580.9459459459459,1.0,hidden_lattice
6.236486486486487,0.4831081081081081,restore,22,shifted_mask,3.2432432432432434,hidden_target_logit_effect,37,primary,visual+answer,0.5945945945945946,37,122.8108108108108,1.0,hidden_lattice
7.304054054054054,2.6182432432432434,restore,22,shuffled_mask,4.858108108108108,hidden_target_logit_effect,37,primary,visual+answer,0.6486486486486487,37,39.21621621621622,1.0,hidden_lattice
13.47972972972973,4.902027027027027,restore,22,union_mask,9.152027027027026,hidden_target_logit_effect,37,primary,visual+answer,0.7027027027027027,37,612.4594594594595,1.0,hidden_lattice
6.077702702702703,1.0405405405405406,restore,22,answer_mask,3.358108108108108,hidden_target_logit_effect,37,primary,visual_span,0.5945945945945946,37,527.4324324324324,1.0,hidden_lattice
3.739864864864865,0.6216216216216216,restore,22,shifted_mask,2.097972972972973,hidden_target_logit_effect,37,primary,visual_span,0.5135135135135135,37,121.1891891891892,1.0,hidden_lattice
3.777027027027027,0.7702702702702703,restore,22,shuffled_mask,2.185810810810811,hidden_target_logit_effect,37,primary,visual_span,0.6216216216216216,37,31.756756756756758,1.0,hidden_lattice
6.64527027027027,1.5202702702702702,restore,22,union_mask,3.8783783783783785,hidden_target_logit_effect,37,primary,visual_span,0.7027027027027027,37,552.5945945945946,1.0,hidden_lattice
5.27027027027027,0.7128378378378378,corrupt,23,answer_mask,3.0371621621621623,hidden_target_logit_effect,37,primary,answer_adjacent,0.6756756756756757,37,16.37837837837838,1.0,hidden_lattice
2.2905405405405403,-1.0506756756756757,corrupt,23,shifted_mask,0.6216216216216216,hidden_target_logit_effect,37,primary,answer_adjacent,0.4594594594594595,37,1.1891891891891893,1.0,hidden_lattice
3.10472972972973,0.39864864864864863,corrupt,23,shuffled_mask,1.6993243243243243,hidden_target_logit_effect,37,primary,answer_adjacent,0.5675675675675675,37,1.972972972972973,1.0,hidden_lattice
5.658783783783784,0.7972972972972973,corrupt,23,union_mask,3.2567567567567566,hidden_target_logit_effect,37,primary,answer_adjacent,0.6756756756756757,37,18.216216216216218,1.0,hidden_lattice
0.18243243243243243,-0.17567567567567569,corrupt,23,answer_mask,0.0,hidden_target_logit_effect,37,primary,top_hidden_delta,0.24324324324324326,37,0.21621621621621623,1.0,hidden_lattice
0.1554054054054054,-0.14189189189189189,corrupt,23,shifted_mask,0.006756756756756757,hidden_target_logit_effect,37,primary,top_hidden_delta,0.2972972972972973,37,0.08108108108108109,1.0,hidden_lattice
0.1891891891891892,-0.11486486486486487,corrupt,23,shuffled_mask,0.033783783783783786,hidden_target_logit_effect,37,primary,top_hidden_delta,0.40540540540540543,37,0.08108108108108109,1.0,hidden_lattice
0.28378378378378377,0.0,corrupt,23,union_mask,0.14189189189189189,hidden_target_logit_effect,37,primary,top_hidden_delta,0.40540540540540543,37,0.21621621621621623,1.0,hidden_lattice
9.10304054054054,2.4679054054054053,corrupt,23,answer_mask,5.765202702702703,hidden_target_logit_effect,37,primary,visual+answer,0.6756756756756757,37,66.64864864864865,1.0,hidden_lattice
3.9155405405405403,-0.3277027027027027,corrupt,23,shifted_mask,1.787162162162162,hidden_target_logit_effect,37,primary,visual+answer,0.5135135135135135,37,5.054054054054054,1.0,hidden_lattice
4.91554054054054,1.2736486486486487,corrupt,23,shuffled_mask,3.054054054054054,hidden_target_logit_effect,37,primary,visual+answer,0.6216216216216216,37,6.027027027027027,1.0,hidden_lattice
9.712837837837839,2.597972972972973,corrupt,23,union_mask,6.20945945945946,hidden_target_logit_effect,37,primary,visual+answer,0.6486486486486487,37,70.5945945945946,1.0,hidden_lattice
1.472972972972973,0.10810810810810811,corrupt,23,answer_mask,0.7972972972972973,hidden_target_logit_effect,37,primary,visual_span,0.5405405405405406,37,0.5675675675675675,1.0,hidden_lattice
0.24324324324324326,-0.5405405405405406,corrupt,23,shifted_mask,-0.12162162162162163,hidden_target_logit_effect,37,primary,visual_span,0.3783783783783784,37,0.16216216216216217,1.0,hidden_lattice
0.6554054054054054,-0.38513513513513514,corrupt,23,shuffled_mask,0.14864864864864866,hidden_target_logit_effect,37,primary,visual_span,0.40540540540540543,37,0.10810810810810811,1.0,hidden_lattice
1.3952702702702702,0.10472972972972973,corrupt,23,union_mask,0.7601351351351351,hidden_target_logit_effect,37,primary,visual_span,0.6216216216216216,37,0.7297297297297297,1.0,hidden_lattice
9.381756756756756,2.9087837837837838,restore,23,answer_mask,6.140202702702703,hidden_target_logit_effect,37,primary,answer_adjacent,0.7027027027027027,37,579.5675675675676,1.0,hidden_lattice
5.202702702702703,0.16554054054054054,restore,23,shifted_mask,2.560810810810811,hidden_target_logit_effect,37,primary,answer_adjacent,0.5945945945945946,37,121.78378378378379,1.0,hidden_lattice
6.236486486486487,2.233108108108108,restore,23,shuffled_mask,4.114864864864865,hidden_target_logit_effect,37,primary,answer_adjacent,0.7027027027027027,37,38.4054054054054,1.0,hidden_lattice
10.675675675675675,3.739864864864865,restore,23,union_mask,7.246621621621622,hidden_target_logit_effect,37,primary,answer_adjacent,0.7027027027027027,37,610.8648648648649,1.0,hidden_lattice
2.2162162162162162,0.6841216216216216,restore,23,answer_mask,1.4425675675675675,hidden_target_logit_effect,37,primary,top_hidden_delta,0.6216216216216216,37,438.4864864864865,1.0,hidden_lattice
1.2094594594594594,0.19256756756756757,restore,23,shifted_mask,0.668918918918919,hidden_target_logit_effect,37,primary,top_hidden_delta,0.5135135135135135,37,84.89189189189189,1.0,hidden_lattice
1.2736486486486487,0.2668918918918919,restore,23,shuffled_mask,0.7466216216216216,hidden_target_logit_effect,37,primary,top_hidden_delta,0.5405405405405406,37,18.54054054054054,1.0,hidden_lattice
2.4138513513513513,0.8648648648648649,restore,23,union_mask,1.6199324324324325,hidden_target_logit_effect,37,primary,top_hidden_delta,0.7837837837837838,37,461.2432432432432,1.0,hidden_lattice
12.445945945945946,4.263513513513513,restore,23,answer_mask,8.342905405405405,hidden_target_logit_effect,37,primary,visual+answer,0.6756756756756757,37,581.081081081081,1.0,hidden_lattice
6.368243243243243,0.5236486486486487,restore,23,shifted_mask,3.3513513513513513,hidden_target_logit_effect,37,primary,visual+answer,0.6216216216216216,37,123.0,1.0,hidden_lattice
7.408783783783784,2.5878378378378377,restore,23,shuffled_mask,4.891891891891892,hidden_target_logit_effect,37,primary,visual+answer,0.6486486486486487,37,39.189189189189186,1.0,hidden_lattice
13.58445945945946,5.050675675675675,restore,23,union_mask,9.307432432432432,hidden_target_logit_effect,37,primary,visual+answer,0.6756756756756757,37,612.6756756756756,1.0,hidden_lattice
5.337837837837838,1.2972972972972974,restore,23,answer_mask,3.177364864864865,hidden_target_logit_effect,37,primary,visual_span,0.6216216216216216,37,530.9459459459459,1.0,hidden_lattice
3.560810810810811,0.5337837837837838,restore,23,shifted_mask,1.9695945945945945,hidden_target_logit_effect,37,primary,visual_span,0.5675675675675675,37,120.8108108108108,1.0,hidden_lattice
3.39527027027027,0.6317567567567568,restore,23,shuffled_mask,1.945945945945946,hidden_target_logit_effect,37,primary,visual_span,0.5675675675675675,37,31.135135135135137,1.0,hidden_lattice
5.91554054054054,1.662162162162162,restore,23,union_mask,3.6216216216216215,hidden_target_logit_effect,37,primary,visual_span,0.7297297297297297,37,552.2162162162163,1.0,hidden_lattice
6.391891891891892,1.114864864864865,corrupt,24,answer_mask,3.7905405405405403,hidden_target_logit_effect,37,primary,answer_adjacent,0.6756756756756757,37,27.27027027027027,1.0,hidden_lattice
3.233108108108108,-0.7128378378378378,corrupt,24,shifted_mask,1.2162162162162162,hidden_target_logit_effect,37,primary,answer_adjacent,0.5135135135135135,37,3.1621621621621623,1.0,hidden_lattice
3.885135135135135,0.9358108108108109,corrupt,24,shuffled_mask,2.3378378378378377,hidden_target_logit_effect,37,primary,answer_adjacent,0.6216216216216216,37,3.27027027027027,1.0,hidden_lattice
7.0,1.4358108108108107,corrupt,24,union_mask,4.304054054054054,hidden_target_logit_effect,37,primary,answer_adjacent,0.6756756756756757,37,35.08108108108108,1.0,hidden_lattice
0.19594594594594594,-0.12162162162162163,corrupt,24,answer_mask,0.033783783783783786,hidden_target_logit_effect,37,primary,top_hidden_delta,0.40540540540540543,37,0.02702702702702703,1.0,hidden_lattice
0.12837837837837837,-0.16891891891891891,corrupt,24,shifted_mask,-0.013513513513513514,hidden_target_logit_effect,37,primary,top_hidden_delta,0.3783783783783784,37,-0.02702702702702703,1.0,hidden_lattice
0.21621621621621623,-0.06756756756756757,corrupt,24,shuffled_mask,0.07432432432432433,hidden_target_logit_effect,37,primary,top_hidden_delta,0.40540540540540543,37,0.13513513513513514,1.0,hidden_lattice
0.31756756756756754,-0.033783783783783786,corrupt,24,union_mask,0.14189189189189189,hidden_target_logit_effect,37,primary,top_hidden_delta,0.4594594594594595,37,0.08108108108108109,1.0,hidden_lattice
9.844594594594595,2.668918918918919,corrupt,24,answer_mask,6.197635135135135,hidden_target_logit_effect,37,primary,visual+answer,0.6756756756756757,37,112.37837837837837,1.0,hidden_lattice
4.364864864864865,-0.31756756756756754,corrupt,24,shifted_mask,1.9932432432432432,hidden_target_logit_effect,37,primary,visual+answer,0.4864864864864865,37,10.64864864864865,1.0,hidden_lattice
5.337837837837838,1.4864864864864864,corrupt,24,shuffled_mask,3.3277027027027026,hidden_target_logit_effect,37,primary,visual+answer,0.6216216216216216,37,7.864864864864865,1.0,hidden_lattice
10.506756756756756,3.010135135135135,corrupt,24,union_mask,6.798986486486487,hidden_target_logit_effect,37,primary,visual+answer,0.6486486486486487,37,116.51351351351352,1.0,hidden_lattice
0.956081081081081,-0.0945945945945946,corrupt,24,answer_mask,0.4222972972972973,hidden_target_logit_effect,37,primary,visual_span,0.5405405405405406,37,0.35135135135135137,1.0,hidden_lattice
0.10810810810810811,-0.5608108108108109,corrupt,24,shifted_mask,-0.2195945945945946,hidden_target_logit_effect,37,primary,visual_span,0.43243243243243246,37,-0.05405405405405406,1.0,hidden_lattice
0.18243243243243243,-0.47297297297297297,corrupt,24,shuffled_mask,-0.13513513513513514,hidden_target_logit_effect,37,primary,visual_span,0.35135135135135137,37,0.05405405405405406,1.0,hidden_lattice
0.9932432432432432,-0.10472972972972973,corrupt,24,union_mask,0.42905405405405406,hidden_target_logit_effect,37,primary,visual_span,0.4594594594594595,37,0.5405405405405406,1.0,hidden_lattice
10.822635135135135,3.527027027027027,restore,24,answer_mask,7.153716216216216,hidden_target_logit_effect,37,primary,answer_adjacent,0.7027027027027027,37,580.4864864864865,1.0,hidden_lattice
6.108108108108108,0.4797297297297297,restore,24,shifted_mask,3.22972972972973,hidden_target_logit_effect,37,primary,answer_adjacent,0.6486486486486487,37,122.89189189189189,1.0,hidden_lattice
7.077702702702703,2.5777027027027026,restore,24,shuffled_mask,4.756756756756757,hidden_target_logit_effect,37,primary,answer_adjacent,0.7027027027027027,37,39.054054054054056,1.0,hidden_lattice
12.141891891891891,4.371621621621622,restore,24,union_mask,8.263513513513514,hidden_target_logit_effect,37,primary,answer_adjacent,0.7297297297297297,37,612.2162162162163,1.0,hidden_lattice
1.7027027027027026,0.4155405405405405,restore,24,answer_mask,1.0405405405405406,hidden_target_logit_effect,37,primary,top_hidden_delta,0.5675675675675675,37,405.35135135135135,1.0,hidden_lattice
0.8040540540540541,0.016891891891891893,restore,24,shifted_mask,0.39864864864864863,hidden_target_logit_effect,37,primary,top_hidden_delta,0.4864864864864865,37,53.24324324324324,1.0,hidden_lattice
0.8277027027027027,0.15202702702702703,restore,24,shuffled_mask,0.4831081081081081,hidden_target_logit_effect,37,primary,top_hidden_delta,0.4864864864864865,37,10.864864864864865,1.0,hidden_lattice
1.5506756756756757,0.46621621621621623,restore,24,union_mask,0.9898648648648649,hidden_target_logit_effect,37,primary,top_hidden_delta,0.6486486486486487,37,415.72972972972974,1.0,hidden_lattice
12.469594594594595,4.202702702702703,restore,24,answer_mask,8.342905405405405,hidden_target_logit_effect,37,primary,visual+answer,0.6486486486486487,37,581.0540540540541,1.0,hidden_lattice
6.381756756756757,0.5472972972972973,restore,24,shifted_mask,3.3716216216216215,hidden_target_logit_effect,37,primary,visual+answer,0.5945945945945946,37,122.72972972972973,1.0,hidden_lattice
7.452702702702703,2.6554054054054053,restore,24,shuffled_mask,4.952702702702703,hidden_target_logit_effect,37,primary,visual+answer,0.6216216216216216,37,39.2972972972973,1.0,hidden_lattice
13.631756756756756,4.89527027027027,restore,24,union_mask,9.260135135135135,hidden_target_logit_effect,37,primary,visual+answer,0.6756756756756757,37,612.5405405405405,1.0,hidden_lattice
4.3766891891891895,1.1317567567567568,restore,24,answer_mask,2.6638513513513513,hidden_target_logit_effect,37,primary,visual_span,0.7027027027027027,37,515.5675675675676,1.0,hidden_lattice
2.439189189189189,0.32432432432432434,restore,24,shifted_mask,1.2939189189189189,hidden_target_logit_effect,37,primary,visual_span,0.5675675675675675,37,103.89189189189189,1.0,hidden_lattice
2.391891891891892,0.42905405405405406,restore,24,shuffled_mask,1.3445945945945945,hidden_target_logit_effect,37,primary,visual_span,0.6216216216216216,37,24.945945945945947,1.0,hidden_lattice
4.466216216216216,1.2567567567567568,restore,24,union_mask,2.7635135135135136,hidden_target_logit_effect,37,primary,visual_span,0.7027027027027027,37,528.7297297297297,1.0,hidden_lattice
6.6891891891891895,1.2837837837837838,corrupt,25,answer_mask,3.989864864864865,hidden_target_logit_effect,37,primary,answer_adjacent,0.6756756756756757,37,27.513513513513512,1.0,hidden_lattice
3.385135135135135,-0.6114864864864865,corrupt,25,shifted_mask,1.3445945945945945,hidden_target_logit_effect,37,primary,answer_adjacent,0.5675675675675675,37,3.27027027027027,1.0,hidden_lattice
4.179054054054054,1.114864864864865,corrupt,25,shuffled_mask,2.5574324324324325,hidden_target_logit_effect,37,primary,answer_adjacent,0.6486486486486487,37,3.810810810810811,1.0,hidden_lattice
7.29054054054054,1.6317567567567568,corrupt,25,union_mask,4.550675675675675,hidden_target_logit_effect,37,primary,answer_adjacent,0.7027027027027027,37,35.108108108108105,1.0,hidden_lattice
0.11486486486486487,-0.12162162162162163,corrupt,25,answer_mask,-0.006756756756756757,hidden_target_logit_effect,37,primary,top_hidden_delta,0.32432432432432434,37,0.05405405405405406,1.0,hidden_lattice
0.11486486486486487,-0.19594594594594594,corrupt,25,shifted_mask,-0.033783783783783786,hidden_target_logit_effect,37,primary,top_hidden_delta,0.35135135135135137,37,0.08108108108108109,1.0,hidden_lattice
0.22297297297297297,-0.033783783783783786,corrupt,25,shuffled_mask,0.0945945945945946,hidden_target_logit_effect,37,primary,top_hidden_delta,0.4594594594594595,37,0.0,1.0,hidden_lattice
0.2702702702702703,-0.013513513513513514,corrupt,25,union_mask,0.12837837837837837,hidden_target_logit_effect,37,primary,top_hidden_delta,0.5135135135135135,37,-0.02702702702702703,1.0,hidden_lattice
10.14695945945946,2.7246621621621623,corrupt,25,answer_mask,6.3699324324324325,hidden_target_logit_effect,37,primary,visual+answer,0.6756756756756757,37,137.43243243243242,1.0,hidden_lattice
4.574324324324325,-0.2635135135135135,corrupt,25,shifted_mask,2.1013513513513513,hidden_target_logit_effect,37,primary,visual+answer,0.4864864864864865,37,11.54054054054054,1.0,hidden_lattice
5.469594594594595,1.5574324324324325,corrupt,25,shuffled_mask,3.4527027027027026,hidden_target_logit_effect,37,primary,visual+answer,0.6486486486486487,37,8.405405405405405,1.0,hidden_lattice
10.743243243243244,3.143581081081081,corrupt,25,union_mask,6.947635135135135,hidden_target_logit_effect,37,primary,visual+answer,0.6756756756756757,37,141.2972972972973,1.0,hidden_lattice
0.9324324324324325,-0.1554054054054054,corrupt,25,answer_mask,0.375,hidden_target_logit_effect,37,primary,visual_span,0.5405405405405406,37,0.32432432432432434,1.0,hidden_lattice
0.16216216216216217,-0.5675675675675675,corrupt,25,shifted_mask,-0.19594594594594594,hidden_target_logit_effect,37,primary,visual_span,0.43243243243243246,37,0.0,1.0,hidden_lattice
0.14189189189189189,-0.5540540540540541,corrupt,25,shuffled_mask,-0.19932432432432431,hidden_target_logit_effect,37,primary,visual_span,0.35135135135135137,37,-0.02702702702702703,1.0,hidden_lattice
0.9121621621621622,-0.16891891891891891,corrupt,25,union_mask,0.3581081081081081,hidden_target_logit_effect,37,primary,visual_span,0.4594594594594595,37,0.5945945945945946,1.0,hidden_lattice
11.02364864864865,3.5152027027027026,restore,25,answer_mask,7.231418918918919,hidden_target_logit_effect,37,primary,answer_adjacent,0.7027027027027027,37,580.5405405405405,1.0,hidden_lattice
6.179054054054054,0.5844594594594594,restore,25,shifted_mask,3.277027027027027,hidden_target_logit_effect,37,primary,answer_adjacent,0.5945945945945946,37,122.78378378378379,1.0,hidden_lattice
7.1891891891891895,2.614864864864865,restore,25,shuffled_mask,4.8108108108108105,hidden_target_logit_effect,37,primary,answer_adjacent,0.7027027027027027,37,39.108108108108105,1.0,hidden_lattice
12.277027027027026,4.371621621621622,restore,25,union_mask,8.324324324324325,hidden_target_logit_effect,37,primary,answer_adjacent,0.7297297297297297,37,612.2432432432432,1.0,hidden_lattice
1.5861486486486487,0.41047297297297297,restore,25,answer_mask,0.972972972972973,hidden_target_logit_effect,37,primary,top_hidden_delta,0.6216216216216216,37,403.97297297297297,1.0,hidden_lattice
0.7972972972972973,0.04391891891891892,restore,25,shifted_mask,0.40540540540540543,hidden_target_logit_effect,37,primary,top_hidden_delta,0.4864864864864865,37,68.70270270270271,1.0,hidden_lattice
0.8378378378378378,0.14527027027027026,restore,25,shuffled_mask,0.4864864864864865,hidden_target_logit_effect,37,primary,top_hidden_delta,0.5405405405405406,37,10.054054054054054,1.0,hidden_lattice
1.6587837837837838,0.5304054054054054,restore,25,union_mask,1.0591216216216217,hidden_target_logit_effect,37,primary,top_hidden_delta,0.7027027027027027,37,419.2162162162162,1.0,hidden_lattice
12.440878378378379,4.278716216216216,restore,25,answer_mask,8.329391891891891,hidden_target_logit_effect,37,primary,visual+answer,0.6756756756756757,37,580.972972972973,1.0,hidden_lattice
6.402027027027027,0.5202702702702703,restore,25,shifted_mask,3.358108108108108,hidden_target_logit_effect,37,primary,visual+answer,0.6486486486486487,37,122.83783783783784,1.0,hidden_lattice
7.4358108108108105,2.564189189189189,restore,25,shuffled_mask,4.891891891891892,hidden_target_logit_effect,37,primary,visual+answer,0.6216216216216216,37,39.2972972972973,1.0,hidden_lattice
13.638513513513514,4.875,restore,25,union_mask,9.239864864864865,hidden_target_logit_effect,37,primary,visual+answer,0.6756756756756757,37,612.5675675675676,1.0,hidden_lattice
4.266891891891892,1.054054054054054,restore,25,answer_mask,2.5692567567567566,hidden_target_logit_effect,37,primary,visual_span,0.5945945945945946,37,514.6216216216217,1.0,hidden_lattice
2.320945945945946,0.24324324324324326,restore,25,shifted_mask,1.2027027027027026,hidden_target_logit_effect,37,primary,visual_span,0.5135135135135135,37,103.43243243243244,1.0,hidden_lattice
2.347972972972973,0.34797297297297297,restore,25,shuffled_mask,1.2837837837837838,hidden_target_logit_effect,37,primary,visual_span,0.5675675675675675,37,24.45945945945946,1.0,hidden_lattice
4.388513513513513,1.1993243243243243,restore,25,union_mask,2.699324324324324,hidden_target_logit_effect,37,primary,visual_span,0.7567567567567568,37,526.3243243243244,1.0,hidden_lattice
8.52027027027027,2.141891891891892,corrupt,26,answer_mask,5.324324324324325,hidden_target_logit_effect,37,primary,answer_adjacent,0.6756756756756757,37,46.08108108108108,1.0,hidden_lattice
4.391891891891892,-0.28716216216216217,corrupt,26,shifted_mask,1.9324324324324325,hidden_target_logit_effect,37,primary,answer_adjacent,0.5135135135135135,37,10.864864864864865,1.0,hidden_lattice
5.114864864864865,1.6081081081081081,corrupt,26,shuffled_mask,3.293918918918919,hidden_target_logit_effect,37,primary,answer_adjacent,0.7027027027027027,37,7.0,1.0,hidden_lattice
9.31081081081081,2.614864864864865,corrupt,26,union_mask,6.04054054054054,hidden_target_logit_effect,37,primary,answer_adjacent,0.6756756756756757,37,61.891891891891895,1.0,hidden_lattice
0.28378378378378377,0.013513513513513514,corrupt,26,answer_mask,0.14864864864864866,hidden_target_logit_effect,37,primary,top_hidden_delta,0.5135135135135135,37,0.0,1.0,hidden_lattice
0.060810810810810814,-0.1891891891891892,corrupt,26,shifted_mask,-0.06756756756756757,hidden_target_logit_effect,37,primary,top_hidden_delta,0.2702702702702703,37,-0.02702702702702703,1.0,hidden_lattice
0.0945945945945946,-0.12837837837837837,corrupt,26,shuffled_mask,-0.013513513513513514,hidden_target_logit_effect,37,primary,top_hidden_delta,0.2702702702702703,37,0.05405405405405406,1.0,hidden_lattice
0.25,-0.0472972972972973,corrupt,26,union_mask,0.10810810810810811,hidden_target_logit_effect,37,primary,top_hidden_delta,0.43243243243243246,37,0.02702702702702703,1.0,hidden_lattice
10.619932432432432,2.7533783783783785,corrupt,26,answer_mask,6.633445945945946,hidden_target_logit_effect,37,primary,visual+answer,0.6756756756756757,37,238.43243243243242,1.0,hidden_lattice
5.0641891891891895,-0.2533783783783784,corrupt,26,shifted_mask,2.3277027027027026,hidden_target_logit_effect,37,primary,visual+answer,0.5405405405405406,37,20.864864864864863,1.0,hidden_lattice
5.831081081081081,1.7837837837837838,corrupt,26,shuffled_mask,3.739864864864865,hidden_target_logit_effect,37,primary,visual+answer,0.6486486486486487,37,11.54054054054054,1.0,hidden_lattice
11.493243243243244,3.3277027027027026,corrupt,26,union_mask,7.385135135135135,hidden_target_logit_effect,37,primary,visual+answer,0.6756756756756757,37,254.16216216216216,1.0,hidden_lattice
0.19594594594594594,-0.527027027027027,corrupt,26,answer_mask,-0.1554054054054054,hidden_target_logit_effect,37,primary,visual_span,0.40540540540540543,37,0.16216216216216217,1.0,hidden_lattice
-0.006756756756756757,-0.527027027027027,corrupt,26,shifted_mask,-0.2635135135135135,hidden_target_logit_effect,37,primary,visual_span,0.32432432432432434,37,-0.05405405405405406,1.0,hidden_lattice
0.05405405405405406,-0.5540540540540541,corrupt,26,shuffled_mask,-0.24324324324324326,hidden_target_logit_effect,37,primary,visual_span,0.2972972972972973,37,0.0,1.0,hidden_lattice
0.24324324324324326,-0.5135135135135135,corrupt,26,union_mask,-0.12162162162162163,hidden_target_logit_effect,37,primary,visual_span,0.35135135135135137,37,0.16216216216216217,1.0,hidden_lattice
12.537162162162161,4.219594594594595,restore,26,answer_mask,8.295608108108109,hidden_target_logit_effect,37,primary,answer_adjacent,0.6756756756756757,37,580.8378378378378,1.0,hidden_lattice
6.608108108108108,0.8344594594594594,restore,26,shifted_mask,3.608108108108108,hidden_target_logit_effect,37,primary,answer_adjacent,0.6486486486486487,37,122.70270270270271,1.0,hidden_lattice
7.47972972972973,2.8344594594594597,restore,26,shuffled_mask,5.101351351351352,hidden_target_logit_effect,37,primary,answer_adjacent,0.7567567567567568,37,39.08108108108108,1.0,hidden_lattice
13.85472972972973,5.152027027027027,restore,26,union_mask,9.422297297297296,hidden_target_logit_effect,37,primary,answer_adjacent,0.7297297297297297,37,612.6216216216217,1.0,hidden_lattice
1.337837837837838,0.36993243243243246,restore,26,answer_mask,0.8260135135135135,hidden_target_logit_effect,37,primary,top_hidden_delta,0.5675675675675675,37,379.13513513513516,1.0,hidden_lattice
0.5777027027027027,-0.0033783783783783786,restore,26,shifted_mask,0.27364864864864863,hidden_target_logit_effect,37,primary,top_hidden_delta,0.43243243243243246,37,56.75675675675676,1.0,hidden_lattice
0.7533783783783784,0.10472972972972973,restore,26,shuffled_mask,0.4222972972972973,hidden_target_logit_effect,37,primary,top_hidden_delta,0.5675675675675675,37,8.0,1.0,hidden_lattice
1.1824324324324325,0.32432432432432434,restore,26,union_mask,0.7263513513513513,hidden_target_logit_effect,37,primary,top_hidden_delta,0.7297297297297297,37,380.86486486486484,1.0,hidden_lattice
12.224662162162161,3.9847972972972974,restore,26,answer_mask,8.072635135135135,hidden_target_logit_effect,37,primary,visual+answer,0.6756756756756757,37,581.0,1.0,hidden_lattice
6.506756756756757,0.4864864864864865,restore,26,shifted_mask,3.3716216216216215,hidden_target_logit_effect,37,primary,visual+answer,0.5945945945945946,37,122.86486486486487,1.0,hidden_lattice
7.462837837837838,2.64527027027027,restore,26,shuffled_mask,4.945945945945946,hidden_target_logit_effect,37,primary,visual+answer,0.7027027027027027,37,39.21621621621622,1.0,hidden_lattice
13.530405405405405,4.9358108108108105,restore,26,union_mask,9.212837837837839,hidden_target_logit_effect,37,primary,visual+answer,0.7027027027027027,37,612.7027027027027,1.0,hidden_lattice
2.714527027027027,0.5929054054054054,restore,26,answer_mask,1.5827702702702702,hidden_target_logit_effect,37,primary,visual_span,0.7027027027027027,37,485.18918918918916,1.0,hidden_lattice
1.3614864864864864,-0.013513513513513514,restore,26,shifted_mask,0.6216216216216216,hidden_target_logit_effect,37,primary,visual_span,0.4864864864864865,37,81.16216216216216,1.0,hidden_lattice
1.4527027027027026,0.07094594594594594,restore,26,shuffled_mask,0.7162162162162162,hidden_target_logit_effect,37,primary,visual_span,0.5945945945945946,37,16.54054054054054,1.0,hidden_lattice
2.679054054054054,0.5709459459459459,restore,26,union_mask,1.5439189189189189,hidden_target_logit_effect,37,primary,visual_span,0.7567567567567568,37,481.8378378378378,1.0,hidden_lattice
8.58108108108108,2.222972972972973,corrupt,27,answer_mask,5.402027027027027,hidden_target_logit_effect,37,primary,answer_adjacent,0.7027027027027027,37,48.486486486486484,1.0,hidden_lattice
4.422297297297297,-0.14864864864864866,corrupt,27,shifted_mask,2.054054054054054,hidden_target_logit_effect,37,primary,answer_adjacent,0.5405405405405406,37,11.027027027027026,1.0,hidden_lattice
5.094594594594595,1.6722972972972974,corrupt,27,shuffled_mask,3.310810810810811,hidden_target_logit_effect,37,primary,answer_adjacent,0.7297297297297297,37,6.837837837837838,1.0,hidden_lattice
9.361486486486486,2.7162162162162162,corrupt,27,union_mask,6.077702702702703,hidden_target_logit_effect,37,primary,answer_adjacent,0.6756756756756757,37,65.56756756756756,1.0,hidden_lattice
0.19594594594594594,-0.0472972972972973,corrupt,27,answer_mask,0.08108108108108109,hidden_target_logit_effect,37,primary,top_hidden_delta,0.40540540540540543,37,0.2702702702702703,1.0,hidden_lattice
0.10135135135135136,-0.14189189189189189,corrupt,27,shifted_mask,-0.02027027027027027,hidden_target_logit_effect,37,primary,top_hidden_delta,0.2702702702702703,37,-0.05405405405405406,1.0,hidden_lattice
0.18243243243243243,-0.08783783783783784,corrupt,27,shuffled_mask,0.04054054054054054,hidden_target_logit_effect,37,primary,top_hidden_delta,0.3783783783783784,37,0.08108108108108109,1.0,hidden_lattice
0.25,-0.05405405405405406,corrupt,27,union_mask,0.10135135135135136,hidden_target_logit_effect,37,primary,top_hidden_delta,0.4594594594594595,37,0.02702702702702703,1.0,hidden_lattice
10.89527027027027,2.9662162162162162,corrupt,27,answer_mask,6.903716216216216,hidden_target_logit_effect,37,primary,visual+answer,0.6756756756756757,37,279.86486486486484,1.0,hidden_lattice
5.226351351351352,-0.033783783783783786,corrupt,27,shifted_mask,2.483108108108108,hidden_target_logit_effect,37,primary,visual+answer,0.5135135135135135,37,21.486486486486488,1.0,hidden_lattice
5.986486486486487,1.8918918918918919,corrupt,27,shuffled_mask,3.8716216216216215,hidden_target_logit_effect,37,primary,visual+answer,0.7027027027027027,37,11.891891891891891,1.0,hidden_lattice
11.653716216216216,3.4679054054054053,corrupt,27,union_mask,7.508445945945946,hidden_target_logit_effect,37,primary,visual+answer,0.7027027027027027,37,293.35135135135135,1.0,hidden_lattice
0.5135135135135135,-0.25,corrupt,27,answer_mask,0.14189189189189189,hidden_target_logit_effect,37,primary,visual_span,0.5135135135135135,37,0.40540540540540543,1.0,hidden_lattice
0.06756756756756757,-0.41216216216216217,corrupt,27,shifted_mask,-0.16216216216216217,hidden_target_logit_effect,37,primary,visual_span,0.35135135135135137,37,-0.02702702702702703,1.0,hidden_lattice
0.11486486486486487,-0.527027027027027,corrupt,27,shuffled_mask,-0.18243243243243243,hidden_target_logit_effect,37,primary,visual_span,0.2972972972972973,37,0.05405405405405406,1.0,hidden_lattice
0.41216216216216217,-0.38513513513513514,corrupt,27,union_mask,0.02702702702702703,hidden_target_logit_effect,37,primary,visual_span,0.32432432432432434,37,0.32432432432432434,1.0,hidden_lattice
12.16385135135135,4.092905405405405,restore,27,answer_mask,8.01858108108108,hidden_target_logit_effect,37,primary,answer_adjacent,0.7027027027027027,37,580.7297297297297,1.0,hidden_lattice
6.496621621621622,0.8108108108108109,restore,27,shifted_mask,3.5337837837837838,hidden_target_logit_effect,37,primary,answer_adjacent,0.6486486486486487,37,122.75675675675676,1.0,hidden_lattice
7.358108108108108,2.7128378378378377,restore,27,shuffled_mask,4.97972972972973,hidden_target_logit_effect,37,primary,answer_adjacent,0.7567567567567568,37,39.108108108108105,1.0,hidden_lattice
13.496621621621621,4.996621621621622,restore,27,union_mask,9.18581081081081,hidden_target_logit_effect,37,primary,answer_adjacent,0.7297297297297297,37,612.5135135135135,1.0,hidden_lattice
1.4425675675675675,0.3547297297297297,restore,27,answer_mask,0.875,hidden_target_logit_effect,37,primary,top_hidden_delta,0.5945945945945946,37,383.8378378378378,1.0,hidden_lattice
0.7128378378378378,0.030405405405405407,restore,27,shifted_mask,0.3614864864864865,hidden_target_logit_effect,37,primary,top_hidden_delta,0.3783783783783784,37,56.891891891891895,1.0,hidden_lattice
0.7871621621621622,0.18243243243243243,restore,27,shuffled_mask,0.47635135135135137,hidden_target_logit_effect,37,primary,top_hidden_delta,0.6486486486486487,37,9.972972972972974,1.0,hidden_lattice
1.2804054054054055,0.34459459459459457,restore,27,union_mask,0.7804054054054054,hidden_target_logit_effect,37,primary,top_hidden_delta,0.5945945945945946,37,386.7027027027027,1.0,hidden_lattice
12.31418918918919,4.108108108108108,restore,27,answer_mask,8.160472972972974,hidden_target_logit_effect,37,primary,visual+answer,0.6756756756756757,37,581.1621621621622,1.0,hidden_lattice
6.5675675675675675,0.5945945945945946,restore,27,shifted_mask,3.439189189189189,hidden_target_logit_effect,37,primary,visual+answer,0.6486486486486487,37,122.89189189189189,1.0,hidden_lattice
7.486486486486487,2.7195945945945947,restore,27,shuffled_mask,5.006756756756757,hidden_target_logit_effect,37,primary,visual+answer,0.7027027027027027,37,39.21621621621622,1.0,hidden_lattice
13.58445945945946,5.04054054054054,restore,27,union_mask,9.29391891891892,hidden_target_logit_effect,37,primary,visual+answer,0.7297297297297297,37,612.6216216216217,1.0,hidden_lattice
2.7162162162162162,0.6351351351351351,restore,27,answer_mask,1.6182432432432432,hidden_target_logit_effect,37,primary,visual_span,0.6216216216216216,37,480.0810810810811,1.0,hidden_lattice
1.445945945945946,0.06418918918918919,restore,27,shifted_mask,0.6824324324324325,hidden_target_logit_effect,37,primary,visual_span,0.4864864864864865,37,79.45945945945945,1.0,hidden_lattice
1.510135135135135,0.125,restore,27,shuffled_mask,0.7601351351351351,hidden_target_logit_effect,37,primary,visual_span,0.6216216216216216,37,16.216216216216218,1.0,hidden_lattice
2.5878378378378377,0.5405405405405406,restore,27,union_mask,1.4831081081081081,hidden_target_logit_effect,37,primary,visual_span,0.6756756756756757,37,478.5405405405405,1.0,hidden_lattice
8.908783783783784,2.4324324324324325,corrupt,28,answer_mask,5.679054054054054,hidden_target_logit_effect,37,primary,answer_adjacent,0.7027027027027027,37,61.5945945945946,1.0,hidden_lattice
4.581081081081081,-0.05405405405405406,corrupt,28,shifted_mask,2.175675675675676,hidden_target_logit_effect,37,primary,answer_adjacent,0.5405405405405406,37,11.81081081081081,1.0,hidden_lattice
5.304054054054054,1.7432432432432432,corrupt,28,shuffled_mask,3.4527027027027026,hidden_target_logit_effect,37,primary,answer_adjacent,0.7027027027027027,37,7.783783783783784,1.0,hidden_lattice
9.739864864864865,3.0,corrupt,28,union_mask,6.418918918918919,hidden_target_logit_effect,37,primary,answer_adjacent,0.6756756756756757,37,78.4054054054054,1.0,hidden_lattice
0.41216216216216217,-0.08108108108108109,corrupt,28,answer_mask,0.13175675675675674,hidden_target_logit_effect,37,primary,top_hidden_delta,0.35135135135135137,37,0.08108108108108109,1.0,hidden_lattice
0.13513513513513514,-0.08108108108108109,corrupt,28,shifted_mask,0.02702702702702703,hidden_target_logit_effect,37,primary,top_hidden_delta,0.43243243243243246,37,0.0,1.0,hidden_lattice
0.14864864864864866,-0.05405405405405406,corrupt,28,shuffled_mask,0.0472972972972973,hidden_target_logit_effect,37,primary,top_hidden_delta,0.35135135135135137,37,0.05405405405405406,1.0,hidden_lattice
0.4594594594594595,0.02027027027027027,corrupt,28,union_mask,0.22972972972972974,hidden_target_logit_effect,37,primary,top_hidden_delta,0.43243243243243246,37,0.02702702702702703,1.0,hidden_lattice
11.013513513513514,3.018581081081081,corrupt,28,answer_mask,6.9704391891891895,hidden_target_logit_effect,37,primary,visual+answer,0.6756756756756757,37,324.7837837837838,1.0,hidden_lattice
5.246621621621622,0.0,corrupt,28,shifted_mask,2.516891891891892,hidden_target_logit_effect,37,primary,visual+answer,0.5405405405405406,37,23.72972972972973,1.0,hidden_lattice
6.043918918918919,1.9222972972972974,corrupt,28,shuffled_mask,3.902027027027027,hidden_target_logit_effect,37,primary,visual+answer,0.6486486486486487,37,13.81081081081081,1.0,hidden_lattice
11.819256756756756,3.5371621621621623,corrupt,28,union_mask,7.61402027027027,hidden_target_logit_effect,37,primary,visual+answer,0.7027027027027027,37,338.8378378378378,1.0,hidden_lattice
0.39864864864864863,-0.36486486486486486,corrupt,28,answer_mask,0.033783783783783786,hidden_target_logit_effect,37,primary,visual_span,0.43243243243243246,37,0.3783783783783784,1.0,hidden_lattice
0.11486486486486487,-0.43243243243243246,corrupt,28,shifted_mask,-0.14189189189189189,hidden_target_logit_effect,37,primary,visual_span,0.43243243243243246,37,0.08108108108108109,1.0,hidden_lattice
0.0945945945945946,-0.5608108108108109,corrupt,28,shuffled_mask,-0.21621621621621623,hidden_target_logit_effect,37,primary,visual_span,0.32432432432432434,37,0.13513513513513514,1.0,hidden_lattice
0.31756756756756754,-0.4527027027027027,corrupt,28,union_mask,-0.060810810810810814,hidden_target_logit_effect,37,primary,visual_span,0.35135135135135137,37,0.3783783783783784,1.0,hidden_lattice
12.278716216216216,4.133445945945946,restore,28,answer_mask,8.12668918918919,hidden_target_logit_effect,37,primary,answer_adjacent,0.7027027027027027,37,580.8378378378378,1.0,hidden_lattice
6.54054054054054,0.8614864864864865,restore,28,shifted_mask,3.581081081081081,hidden_target_logit_effect,37,primary,answer_adjacent,0.6486486486486487,37,122.83783783783784,1.0,hidden_lattice
7.47972972972973,2.7804054054054053,restore,28,shuffled_mask,5.0608108108108105,hidden_target_logit_effect,37,primary,answer_adjacent,0.7567567567567568,37,39.08108108108108,1.0,hidden_lattice
13.570945945945946,5.033783783783784,restore,28,union_mask,9.22635135135135,hidden_target_logit_effect,37,primary,answer_adjacent,0.7297297297297297,37,612.5135135135135,1.0,hidden_lattice
1.6435810810810811,0.5253378378378378,restore,28,answer_mask,1.054054054054054,hidden_target_logit_effect,37,primary,top_hidden_delta,0.7027027027027027,37,395.7837837837838,1.0,hidden_lattice
0.5371621621621622,0.010135135135135136,restore,28,shifted_mask,0.26013513513513514,hidden_target_logit_effect,37,primary,top_hidden_delta,0.3783783783783784,37,57.027027027027025,1.0,hidden_lattice
0.8277027027027027,0.11148648648648649,restore,28,shuffled_mask,0.4560810810810811,hidden_target_logit_effect,37,primary,top_hidden_delta,0.4864864864864865,37,8.216216216216216,1.0,hidden_lattice
1.4527027027027026,0.47297297297297297,restore,28,union_mask,0.9273648648648649,hidden_target_logit_effect,37,primary,top_hidden_delta,0.6756756756756757,37,400.13513513513516,1.0,hidden_lattice
12.25168918918919,4.091216216216216,restore,28,answer_mask,8.10641891891892,hidden_target_logit_effect,37,primary,visual+answer,0.6756756756756757,37,581.1081081081081,1.0,hidden_lattice
6.510135135135135,0.581081081081081,restore,28,shifted_mask,3.4324324324324325,hidden_target_logit_effect,37,primary,visual+answer,0.6216216216216216,37,122.86486486486487,1.0,hidden_lattice
7.391891891891892,2.5574324324324325,restore,28,shuffled_mask,4.905405405405405,hidden_target_logit_effect,37,primary,visual+answer,0.6756756756756757,37,39.270270270270274,1.0,hidden_lattice
13.570945945945946,4.89527027027027,restore,28,union_mask,9.246621621621621,hidden_target_logit_effect,37,primary,visual+answer,0.7297297297297297,37,612.6216216216217,1.0,hidden_lattice
2.5861486486486487,0.5726351351351351,restore,28,answer_mask,1.5219594594594594,hidden_target_logit_effect,37,primary,visual_span,0.6486486486486487,37,469.97297297297297,1.0,hidden_lattice
1.3344594594594594,-0.02364864864864865,restore,28,shifted_mask,0.5878378378378378,hidden_target_logit_effect,37,primary,visual_span,0.4594594594594595,37,79.91891891891892,1.0,hidden_lattice
1.337837837837838,-0.033783783783783786,restore,28,shuffled_mask,0.5912162162162162,hidden_target_logit_effect,37,primary,visual_span,0.4864864864864865,37,15.594594594594595,1.0,hidden_lattice
2.4155405405405403,0.46621621621621623,restore,28,union_mask,1.3581081081081081,hidden_target_logit_effect,37,primary,visual_span,0.7027027027027027,37,466.8378378378378,1.0,hidden_lattice
9.175675675675675,2.4375,corrupt,29,answer_mask,5.788851351351352,hidden_target_logit_effect,37,primary,answer_adjacent,0.6756756756756757,37,73.37837837837837,1.0,hidden_lattice
4.66554054054054,0.0033783783783783786,corrupt,29,shifted_mask,2.260135135135135,hidden_target_logit_effect,37,primary,answer_adjacent,0.5675675675675675,37,11.675675675675675,1.0,hidden_lattice
5.327702702702703,1.8614864864864864,corrupt,29,shuffled_mask,3.5236486486486487,hidden_target_logit_effect,37,primary,answer_adjacent,0.7297297297297297,37,7.621621621621622,1.0,hidden_lattice
9.932432432432432,3.043918918918919,corrupt,29,union_mask,6.52027027027027,hidden_target_logit_effect,37,primary,answer_adjacent,0.6756756756756757,37,86.1891891891892,1.0,hidden_lattice
0.3918918918918919,-0.0945945945945946,corrupt,29,answer_mask,0.11148648648648649,hidden_target_logit_effect,37,primary,top_hidden_delta,0.2972972972972973,37,0.0,1.0,hidden_lattice
0.10810810810810811,-0.10135135135135136,corrupt,29,shifted_mask,0.006756756756756757,hidden_target_logit_effect,37,primary,top_hidden_delta,0.3783783783783784,37,0.05405405405405406,1.0,hidden_lattice
0.11486486486486487,-0.08783783783783784,corrupt,29,shuffled_mask,0.013513513513513514,hidden_target_logit_effect,37,primary,top_hidden_delta,0.3783783783783784,37,0.0,1.0,hidden_lattice
0.40540540540540543,-0.0472972972972973,corrupt,29,union_mask,0.16216216216216217,hidden_target_logit_effect,37,primary,top_hidden_delta,0.3783783783783784,37,-0.02702702702702703,1.0,hidden_lattice
10.972972972972974,2.9594594594594597,corrupt,29,answer_mask,6.934121621621622,hidden_target_logit_effect,37,primary,visual+answer,0.6756756756756757,37,322.86486486486484,1.0,hidden_lattice
5.324324324324325,0.0033783783783783786,corrupt,29,shifted_mask,2.543918918918919,hidden_target_logit_effect,37,primary,visual+answer,0.5405405405405406,37,24.08108108108108,1.0,hidden_lattice
5.949324324324325,1.8716216216216217,corrupt,29,shuffled_mask,3.85472972972973,hidden_target_logit_effect,37,primary,visual+answer,0.6486486486486487,37,13.216216216216216,1.0,hidden_lattice
11.81418918918919,3.54222972972973,corrupt,29,union_mask,7.592905405405405,hidden_target_logit_effect,37,primary,visual+answer,0.7027027027027027,37,338.13513513513516,1.0,hidden_lattice
0.3108108108108108,-0.42567567567567566,corrupt,29,answer_mask,-0.0472972972972973,hidden_target_logit_effect,37,primary,visual_span,0.43243243243243246,37,0.35135135135135137,1.0,hidden_lattice
0.10810810810810811,-0.40540540540540543,corrupt,29,shifted_mask,-0.14189189189189189,hidden_target_logit_effect,37,primary,visual_span,0.3783783783783784,37,0.08108108108108109,1.0,hidden_lattice
0.02702702702702703,-0.6756756756756757,corrupt,29,shuffled_mask,-0.30405405405405406,hidden_target_logit_effect,37,primary,visual_span,0.3783783783783784,37,0.08108108108108109,1.0,hidden_lattice
0.22972972972972974,-0.5,corrupt,29,union_mask,-0.12162162162162163,hidden_target_logit_effect,37,primary,visual_span,0.40540540540540543,37,0.35135135135135137,1.0,hidden_lattice
12.35135135135135,4.070945945945946,restore,29,answer_mask,8.140202702702704,hidden_target_logit_effect,37,primary,answer_adjacent,0.6756756756756757,37,580.7837837837837,1.0,hidden_lattice
6.5608108108108105,0.8648648648648649,restore,29,shifted_mask,3.6013513513513513,hidden_target_logit_effect,37,primary,answer_adjacent,0.6486486486486487,37,122.8108108108108,1.0,hidden_lattice
7.496621621621622,2.804054054054054,restore,29,shuffled_mask,5.054054054054054,hidden_target_logit_effect,37,primary,answer_adjacent,0.7567567567567568,37,39.16216216216216,1.0,hidden_lattice
13.77364864864865,5.125,restore,29,union_mask,9.327702702702704,hidden_target_logit_effect,37,primary,answer_adjacent,0.7027027027027027,37,612.5135135135135,1.0,hidden_lattice
1.660472972972973,0.5,restore,29,answer_mask,1.0439189189189189,hidden_target_logit_effect,37,primary,top_hidden_delta,0.5675675675675675,37,334.5405405405405,1.0,hidden_lattice
0.7027027027027027,-0.013513513513513514,restore,29,shifted_mask,0.32432432432432434,hidden_target_logit_effect,37,primary,top_hidden_delta,0.43243243243243246,37,47.21621621621622,1.0,hidden_lattice
0.8378378378378378,0.17229729729729729,restore,29,shuffled_mask,0.47635135135135137,hidden_target_logit_effect,37,primary,top_hidden_delta,0.5945945945945946,37,8.18918918918919,1.0,hidden_lattice
1.8597972972972974,0.5743243243243243,restore,29,union_mask,1.150337837837838,hidden_target_logit_effect,37,primary,top_hidden_delta,0.6216216216216216,37,366.86486486486484,1.0,hidden_lattice
12.212837837837839,4.108108108108108,restore,29,answer_mask,8.099662162162161,hidden_target_logit_effect,37,primary,visual+answer,0.6756756756756757,37,581.0540540540541,1.0,hidden_lattice
6.54054054054054,0.527027027027027,restore,29,shifted_mask,3.418918918918919,hidden_target_logit_effect,37,primary,visual+answer,0.6216216216216216,37,122.94594594594595,1.0,hidden_lattice
7.378378378378378,2.570945945945946,restore,29,shuffled_mask,4.878378378378378,hidden_target_logit_effect,37,primary,visual+answer,0.6756756756756757,37,39.32432432432432,1.0,hidden_lattice
13.41554054054054,4.89527027027027,restore,29,union_mask,9.14527027027027,hidden_target_logit_effect,37,primary,visual+answer,0.6756756756756757,37,612.6486486486486,1.0,hidden_lattice
2.185810810810811,0.46959459459459457,restore,29,answer_mask,1.277027027027027,hidden_target_logit_effect,37,primary,visual_span,0.5945945945945946,37,445.6756756756757,1.0,hidden_lattice
1.222972972972973,-0.0945945945945946,restore,29,shifted_mask,0.4966216216216216,hidden_target_logit_effect,37,primary,visual_span,0.40540540540540543,37,77.43243243243244,1.0,hidden_lattice
1.2162162162162162,-0.057432432432432436,restore,29,shuffled_mask,0.5202702702702703,hidden_target_logit_effect,37,primary,visual_span,0.5135135135135135,37,14.945945945945946,1.0,hidden_lattice
1.9560810810810811,0.31756756756756754,restore,29,union_mask,1.0777027027027026,hidden_target_logit_effect,37,primary,visual_span,0.6756756756756757,37,443.81081081081084,1.0,hidden_lattice
10.22635135135135,2.9966216216216215,corrupt,30,answer_mask,6.570945945945946,hidden_target_logit_effect,37,primary,answer_adjacent,0.6756756756756757,37,138.8108108108108,1.0,hidden_lattice
4.976351351351352,0.19256756756756757,corrupt,30,shifted_mask,2.4966216216216215,hidden_target_logit_effect,37,primary,answer_adjacent,0.5945945945945946,37,14.72972972972973,1.0,hidden_lattice
5.625,2.0945945945945947,corrupt,30,shuffled_mask,3.793918918918919,hidden_target_logit_effect,37,primary,answer_adjacent,0.7297297297297297,37,8.405405405405405,1.0,hidden_lattice
10.91891891891892,3.4527027027027026,corrupt,30,union_mask,7.212837837837838,hidden_target_logit_effect,37,primary,answer_adjacent,0.6756756756756757,37,160.21621621621622,1.0,hidden_lattice
0.5101351351351351,-0.02027027027027027,corrupt,30,answer_mask,0.20608108108108109,hidden_target_logit_effect,37,primary,top_hidden_delta,0.32432432432432434,37,0.02702702702702703,1.0,hidden_lattice
-0.033783783783783786,-0.22972972972972974,corrupt,30,shifted_mask,-0.12837837837837837,hidden_target_logit_effect,37,primary,top_hidden_delta,0.1891891891891892,37,0.0,1.0,hidden_lattice
-0.006756756756756757,-0.27702702702702703,corrupt,30,shuffled_mask,-0.14189189189189189,hidden_target_logit_effect,37,primary,top_hidden_delta,0.1891891891891892,37,0.08108108108108109,1.0,hidden_lattice
0.31756756756756754,-0.10810810810810811,corrupt,30,union_mask,0.08108108108108109,hidden_target_logit_effect,37,primary,top_hidden_delta,0.2972972972972973,37,-0.05405405405405406,1.0,hidden_lattice
11.025337837837839,3.011824324324324,corrupt,30,answer_mask,6.98902027027027,hidden_target_logit_effect,37,primary,visual+answer,0.6756756756756757,37,358.2432432432432,1.0,hidden_lattice
5.364864864864865,0.057432432432432436,corrupt,30,shifted_mask,2.614864864864865,hidden_target_logit_effect,37,primary,visual+answer,0.5405405405405406,37,27.0,1.0,hidden_lattice
6.111486486486487,1.9594594594594594,corrupt,30,shuffled_mask,3.9628378378378377,hidden_target_logit_effect,37,primary,visual+answer,0.6486486486486487,37,14.972972972972974,1.0,hidden_lattice
11.940878378378379,3.64527027027027,corrupt,30,union_mask,7.730574324324325,hidden_target_logit_effect,37,primary,visual+answer,0.6486486486486487,37,376.35135135135135,1.0,hidden_lattice
0.13513513513513514,-0.5337837837837838,corrupt,30,answer_mask,-0.1891891891891892,hidden_target_logit_effect,37,primary,visual_span,0.43243243243243246,37,0.1891891891891892,1.0,hidden_lattice
-0.05405405405405406,-0.6013513513513513,corrupt,30,shifted_mask,-0.32432432432432434,hidden_target_logit_effect,37,primary,visual_span,0.21621621621621623,37,0.02702702702702703,1.0,hidden_lattice
-0.07432432432432433,-0.777027027027027,corrupt,30,shuffled_mask,-0.40540540540540543,hidden_target_logit_effect,37,primary,visual_span,0.2972972972972973,37,0.0,1.0,hidden_lattice
0.08108108108108109,-0.5878378378378378,corrupt,30,union_mask,-0.23648648648648649,hidden_target_logit_effect,37,primary,visual_span,0.32432432432432434,37,0.16216216216216217,1.0,hidden_lattice
12.371621621621621,4.25,restore,30,answer_mask,8.221283783783784,hidden_target_logit_effect,37,primary,answer_adjacent,0.6756756756756757,37,580.7837837837837,1.0,hidden_lattice
6.6925675675675675,0.9864864864864865,restore,30,shifted_mask,3.75,hidden_target_logit_effect,37,primary,answer_adjacent,0.7297297297297297,37,122.83783783783784,1.0,hidden_lattice
7.635135135135135,3.064189189189189,restore,30,shuffled_mask,5.263513513513513,hidden_target_logit_effect,37,primary,answer_adjacent,0.7837837837837838,37,39.189189189189186,1.0,hidden_lattice
13.722972972972974,5.199324324324325,restore,30,union_mask,9.361486486486486,hidden_target_logit_effect,37,primary,answer_adjacent,0.7027027027027027,37,612.4594594594595,1.0,hidden_lattice
0.5878378378378378,0.16047297297297297,restore,30,answer_mask,0.36908783783783783,hidden_target_logit_effect,37,primary,top_hidden_delta,0.5405405405405406,37,105.10810810810811,1.0,hidden_lattice
0.6216216216216216,-0.0472972972972973,restore,30,shifted_mask,0.24324324324324326,hidden_target_logit_effect,37,primary,top_hidden_delta,0.35135135135135137,37,14.513513513513514,1.0,hidden_lattice
0.5743243243243243,-0.06418918918918919,restore,30,shuffled_mask,0.22635135135135134,hidden_target_logit_effect,37,primary,top_hidden_delta,0.43243243243243246,37,1.7837837837837838,1.0,hidden_lattice
1.066722972972973,0.23479729729729729,restore,30,union_mask,0.612331081081081,hidden_target_logit_effect,37,primary,top_hidden_delta,0.5945945945945946,37,106.67567567567568,1.0,hidden_lattice
12.016891891891891,4.0,restore,30,answer_mask,7.97804054054054,hidden_target_logit_effect,37,primary,visual+answer,0.6756756756756757,37,580.918918918919,1.0,hidden_lattice
6.456081081081081,0.543918918918919,restore,30,shifted_mask,3.4121621621621623,hidden_target_logit_effect,37,primary,visual+answer,0.5945945945945946,37,122.97297297297297,1.0,hidden_lattice
7.412162162162162,2.679054054054054,restore,30,shuffled_mask,4.945945945945946,hidden_target_logit_effect,37,primary,visual+answer,0.7027027027027027,37,39.270270270270274,1.0,hidden_lattice
13.29391891891892,4.847972972972973,restore,30,union_mask,9.070945945945946,hidden_target_logit_effect,37,primary,visual+answer,0.6756756756756757,37,612.6486486486486,1.0,hidden_lattice
0.7888513513513513,-0.1554054054054054,restore,30,answer_mask,0.2989864864864865,hidden_target_logit_effect,37,primary,visual_span,0.43243243243243246,37,306.2162162162162,1.0,hidden_lattice
0.8952702702702703,-0.23310810810810811,restore,30,shifted_mask,0.2905405405405405,hidden_target_logit_effect,37,primary,visual_span,0.2972972972972973,37,58.7027027027027,1.0,hidden_lattice
0.9391891891891891,-0.30405405405405406,restore,30,shuffled_mask,0.2668918918918919,hidden_target_logit_effect,37,primary,visual_span,0.43243243243243246,37,13.135135135135135,1.0,hidden_lattice
0.9695945945945946,-0.16216216216216217,restore,30,union_mask,0.38175675675675674,hidden_target_logit_effect,37,primary,visual_span,0.4864864864864865,37,301.2432432432432,1.0,hidden_lattice
11.640202702702704,3.5472972972972974,corrupt,31,answer_mask,7.515202702702703,hidden_target_logit_effect,37,primary,answer_adjacent,0.6756756756756757,37,390.94594594594594,1.0,hidden_lattice
5.902027027027027,0.2702702702702703,corrupt,31,shifted_mask,2.949324324324324,hidden_target_logit_effect,37,primary,answer_adjacent,0.5945945945945946,37,45.351351351351354,1.0,hidden_lattice
6.83445945945946,2.456081081081081,corrupt,31,shuffled_mask,4.550675675675675,hidden_target_logit_effect,37,primary,answer_adjacent,0.6486486486486487,37,26.945945945945947,1.0,hidden_lattice
12.58445945945946,4.3175675675675675,corrupt,31,union_mask,8.445945945945946,hidden_target_logit_effect,37,primary,answer_adjacent,0.6756756756756757,37,410.8378378378378,1.0,hidden_lattice
0.6114864864864865,0.060810810810810814,corrupt,31,answer_mask,0.30067567567567566,hidden_target_logit_effect,37,primary,top_hidden_delta,0.4864864864864865,37,0.08108108108108109,1.0,hidden_lattice
0.13513513513513514,-0.14864864864864866,corrupt,31,shifted_mask,0.006756756756756757,hidden_target_logit_effect,37,primary,top_hidden_delta,0.43243243243243246,37,0.02702702702702703,1.0,hidden_lattice
0.16216216216216217,-0.1554054054054054,corrupt,31,shuffled_mask,0.006756756756756757,hidden_target_logit_effect,37,primary,top_hidden_delta,0.3783783783783784,37,0.13513513513513514,1.0,hidden_lattice
0.47635135135135137,0.013513513513513514,corrupt,31,union_mask,0.2195945945945946,hidden_target_logit_effect,37,primary,top_hidden_delta,0.43243243243243246,37,0.0,1.0,hidden_lattice
11.775337837837839,3.4003378378378377,corrupt,31,answer_mask,7.537162162162162,hidden_target_logit_effect,37,primary,visual+answer,0.6756756756756757,37,525.7837837837837,1.0,hidden_lattice
6.266891891891892,0.23648648648648649,corrupt,31,shifted_mask,3.0945945945945947,hidden_target_logit_effect,37,primary,visual+answer,0.5945945945945946,37,89.1891891891892,1.0,hidden_lattice
7.155405405405405,2.2972972972972974,corrupt,31,shuffled_mask,4.611486486486487,hidden_target_logit_effect,37,primary,visual+answer,0.6756756756756757,37,37.24324324324324,1.0,hidden_lattice
13.08277027027027,4.297297297297297,corrupt,31,union_mask,8.619932432432432,hidden_target_logit_effect,37,primary,visual+answer,0.6756756756756757,37,540.1621621621622,1.0,hidden_lattice
0.4189189189189189,-0.16891891891891891,corrupt,31,answer_mask,0.14189189189189189,hidden_target_logit_effect,37,primary,visual_span,0.5405405405405406,37,0.24324324324324326,1.0,hidden_lattice
0.08783783783783784,-0.3310810810810811,corrupt,31,shifted_mask,-0.11486486486486487,hidden_target_logit_effect,37,primary,visual_span,0.35135135135135137,37,0.0,1.0,hidden_lattice
0.11486486486486487,-0.5,corrupt,31,shuffled_mask,-0.19594594594594594,hidden_target_logit_effect,37,primary,visual_span,0.2702702702702703,37,0.08108108108108109,1.0,hidden_lattice
0.30405405405405406,-0.3716216216216216,corrupt,31,union_mask,-0.033783783783783786,hidden_target_logit_effect,37,primary,visual_span,0.4594594594594595,37,0.24324324324324326,1.0,hidden_lattice
11.885135135135135,3.8614864864864864,restore,31,answer_mask,7.795608108108108,hidden_target_logit_effect,37,primary,answer_adjacent,0.6756756756756757,37,580.5675675675676,1.0,hidden_lattice
6.47972972972973,0.5405405405405406,restore,31,shifted_mask,3.385135135135135,hidden_target_logit_effect,37,primary,answer_adjacent,0.6756756756756757,37,122.97297297297297,1.0,hidden_lattice
7.418918918918919,2.810810810810811,restore,31,shuffled_mask,5.0,hidden_target_logit_effect,37,primary,answer_adjacent,0.7027027027027027,37,39.24324324324324,1.0,hidden_lattice
13.277027027027026,5.037162162162162,restore,31,union_mask,9.057432432432432,hidden_target_logit_effect,37,primary,answer_adjacent,0.7297297297297297,37,612.4054054054054,1.0,hidden_lattice
0.8141891891891891,0.15878378378378377,restore,31,answer_mask,0.4510135135135135,hidden_target_logit_effect,37,primary,top_hidden_delta,0.5675675675675675,37,76.5945945945946,1.0,hidden_lattice
0.23310810810810811,-0.12837837837837837,restore,31,shifted_mask,0.057432432432432436,hidden_target_logit_effect,37,primary,top_hidden_delta,0.35135135135135137,37,13.864864864864865,1.0,hidden_lattice
0.40878378378378377,-0.07094594594594594,restore,31,shuffled_mask,0.15878378378378377,hidden_target_logit_effect,37,primary,top_hidden_delta,0.4864864864864865,37,9.027027027027026,1.0,hidden_lattice
0.7702702702702703,0.15033783783783783,restore,31,union_mask,0.42567567567567566,hidden_target_logit_effect,37,primary,top_hidden_delta,0.5675675675675675,37,71.29729729729729,1.0,hidden_lattice
12.067567567567568,3.64527027027027,restore,31,answer_mask,7.842905405405405,hidden_target_logit_effect,37,primary,visual+answer,0.6756756756756757,37,580.7837837837837,1.0,hidden_lattice
6.445945945945946,0.2939189189189189,restore,31,shifted_mask,3.222972972972973,hidden_target_logit_effect,37,primary,visual+answer,0.5675675675675675,37,122.97297297297297,1.0,hidden_lattice
7.3108108108108105,2.4527027027027026,restore,31,shuffled_mask,4.756756756756757,hidden_target_logit_effect,37,primary,visual+answer,0.6486486486486487,37,39.351351351351354,1.0,hidden_lattice
13.425675675675675,4.868243243243243,restore,31,union_mask,9.06418918918919,hidden_target_logit_effect,37,primary,visual+answer,0.6756756756756757,37,612.6756756756756,1.0,hidden_lattice
0.18327702702702703,-0.35135135135135137,restore,31,answer_mask,-0.08361486486486487,hidden_target_logit_effect,37,primary,visual_span,0.43243243243243246,37,131.48648648648648,1.0,hidden_lattice
0.40878378378378377,-0.22972972972972974,restore,31,shifted_mask,0.08445945945945946,hidden_target_logit_effect,37,primary,visual_span,0.40540540540540543,37,47.13513513513514,1.0,hidden_lattice
0.41216216216216217,-0.4594594594594595,restore,31,shuffled_mask,-0.037162162162162164,hidden_target_logit_effect,37,primary,visual_span,0.3783783783783784,37,10.54054054054054,1.0,hidden_lattice
0.4856418918918919,-0.2922297297297297,restore,31,union_mask,0.11233108108108109,hidden_target_logit_effect,37,primary,visual_span,0.6216216216216216,37,125.45945945945945,1.0,hidden_lattice
11.378378378378379,3.0996621621621623,corrupt,32,answer_mask,7.227195945945946,hidden_target_logit_effect,37,primary,answer_adjacent,0.6756756756756757,37,441.18918918918916,1.0,hidden_lattice
5.797297297297297,-0.02702702702702703,corrupt,32,shifted_mask,2.739864864864865,hidden_target_logit_effect,37,primary,answer_adjacent,0.5945945945945946,37,51.513513513513516,1.0,hidden_lattice
6.72972972972973,2.195945945945946,corrupt,32,shuffled_mask,4.375,hidden_target_logit_effect,37,primary,answer_adjacent,0.6486486486486487,37,27.486486486486488,1.0,hidden_lattice
12.557432432432432,4.059121621621622,corrupt,32,union_mask,8.308277027027026,hidden_target_logit_effect,37,primary,answer_adjacent,0.7297297297297297,37,456.2972972972973,1.0,hidden_lattice
0.6283783783783784,0.10810810810810811,corrupt,32,answer_mask,0.34797297297297297,hidden_target_logit_effect,37,primary,top_hidden_delta,0.40540540540540543,37,0.13513513513513514,1.0,hidden_lattice
0.07432432432432433,-0.07432432432432433,corrupt,32,shifted_mask,0.0,hidden_target_logit_effect,37,primary,top_hidden_delta,0.2702702702702703,37,0.05405405405405406,1.0,hidden_lattice
0.31756756756756754,-0.02027027027027027,corrupt,32,shuffled_mask,0.12837837837837837,hidden_target_logit_effect,37,primary,top_hidden_delta,0.2702702702702703,37,0.13513513513513514,1.0,hidden_lattice
0.5743243243243243,0.08783783783783784,corrupt,32,union_mask,0.31756756756756754,hidden_target_logit_effect,37,primary,top_hidden_delta,0.35135135135135137,37,0.16216216216216217,1.0,hidden_lattice
11.83445945945946,3.445945945945946,corrupt,32,answer_mask,7.638513513513513,hidden_target_logit_effect,37,primary,visual+answer,0.6756756756756757,37,541.6756756756756,1.0,hidden_lattice
6.283783783783784,0.11486486486486487,corrupt,32,shifted_mask,3.064189189189189,hidden_target_logit_effect,37,primary,visual+answer,0.5945945945945946,37,96.94594594594595,1.0,hidden_lattice
7.155405405405405,2.3378378378378377,corrupt,32,shuffled_mask,4.635135135135135,hidden_target_logit_effect,37,primary,visual+answer,0.6486486486486487,37,36.54054054054054,1.0,hidden_lattice
13.173986486486486,4.471283783783784,corrupt,32,union_mask,8.819256756756756,hidden_target_logit_effect,37,primary,visual+answer,0.7297297297297297,37,567.8918918918919,1.0,hidden_lattice
0.5472972972972973,0.18243243243243243,corrupt,32,answer_mask,0.3581081081081081,hidden_target_logit_effect,37,primary,visual_span,0.5675675675675675,37,0.35135135135135137,1.0,hidden_lattice
0.19594594594594594,-0.05405405405405406,corrupt,32,shifted_mask,0.06756756756756757,hidden_target_logit_effect,37,primary,visual_span,0.40540540540540543,37,0.16216216216216217,1.0,hidden_lattice
0.25675675675675674,-0.11486486486486487,corrupt,32,shuffled_mask,0.060810810810810814,hidden_target_logit_effect,37,primary,visual_span,0.35135135135135137,37,0.1891891891891892,1.0,hidden_lattice
0.581081081081081,0.16891891891891891,corrupt,32,union_mask,0.36486486486486486,hidden_target_logit_effect,37,primary,visual_span,0.5405405405405406,37,0.3783783783783784,1.0,hidden_lattice
11.52195945945946,3.402027027027027,restore,32,answer_mask,7.4375,hidden_target_logit_effect,37,primary,answer_adjacent,0.6756756756756757,37,580.4864864864865,1.0,hidden_lattice
6.29054054054054,0.28378378378378377,restore,32,shifted_mask,3.1554054054054053,hidden_target_logit_effect,37,primary,answer_adjacent,0.5945945945945946,37,122.86486486486487,1.0,hidden_lattice
7.14527027027027,2.435810810810811,restore,32,shuffled_mask,4.6891891891891895,hidden_target_logit_effect,37,primary,answer_adjacent,0.6756756756756757,37,39.189189189189186,1.0,hidden_lattice
12.871621621621621,4.533783783783784,restore,32,union_mask,8.625,hidden_target_logit_effect,37,primary,answer_adjacent,0.7027027027027027,37,612.2432432432432,1.0,hidden_lattice
0.6233108108108109,0.11148648648648649,restore,32,answer_mask,0.3454391891891892,hidden_target_logit_effect,37,primary,top_hidden_delta,0.4864864864864865,37,60.513513513513516,1.0,hidden_lattice
0.20270270270270271,0.0,restore,32,shifted_mask,0.09797297297297297,hidden_target_logit_effect,37,primary,top_hidden_delta,0.35135135135135137,37,12.54054054054054,1.0,hidden_lattice
0.46283783783783783,0.05067567567567568,restore,32,shuffled_mask,0.23310810810810811,hidden_target_logit_effect,37,primary,top_hidden_delta,0.3783783783783784,37,8.108108108108109,1.0,hidden_lattice
0.5920608108108109,0.09881756756756757,restore,32,union_mask,0.31841216216216217,hidden_target_logit_effect,37,primary,top_hidden_delta,0.43243243243243246,37,53.08108108108108,1.0,hidden_lattice
11.95777027027027,3.6283783783783785,restore,32,answer_mask,7.7550675675675675,hidden_target_logit_effect,37,primary,visual+answer,0.6756756756756757,37,580.7567567567568,1.0,hidden_lattice
6.462837837837838,0.3547297297297297,restore,32,shifted_mask,3.2837837837837838,hidden_target_logit_effect,37,primary,visual+answer,0.5945945945945946,37,122.94594594594595,1.0,hidden_lattice
7.351351351351352,2.425675675675676,restore,32,shuffled_mask,4.77027027027027,hidden_target_logit_effect,37,primary,visual+answer,0.6756756756756757,37,39.37837837837838,1.0,hidden_lattice
13.280405405405405,4.83445945945946,restore,32,union_mask,9.003378378378379,hidden_target_logit_effect,37,primary,visual+answer,0.7027027027027027,37,612.5675675675676,1.0,hidden_lattice
0.44510135135135137,0.14358108108108109,restore,32,answer_mask,0.29307432432432434,hidden_target_logit_effect,37,primary,visual_span,0.5675675675675675,37,97.97297297297297,1.0,hidden_lattice
0.6216216216216216,0.0777027027027027,restore,32,shifted_mask,0.3310810810810811,hidden_target_logit_effect,37,primary,visual_span,0.40540540540540543,37,52.45945945945946,1.0,hidden_lattice
0.4966216216216216,-0.037162162162162164,restore,32,shuffled_mask,0.20945945945945946,hidden_target_logit_effect,37,primary,visual_span,0.3783783783783784,37,9.405405405405405,1.0,hidden_lattice
0.7364864864864865,0.24662162162162163,restore,32,union_mask,0.47888513513513514,hidden_target_logit_effect,37,primary,visual_span,0.5945945945945946,37,112.02702702702703,1.0,hidden_lattice
0.0945945945945946,-0.060810810810810814,corrupt,33,answer_mask,0.013513513513513514,hidden_target_logit_effect,37,primary,answer_adjacent,0.2702702702702703,37,0.02702702702702703,1.0,hidden_lattice
0.06756756756756757,-0.08108108108108109,corrupt,33,shifted_mask,-0.006756756756756757,hidden_target_logit_effect,37,primary,answer_adjacent,0.21621621621621623,37,0.08108108108108109,1.0,hidden_lattice
0.0945945945945946,-0.033783783783783786,corrupt,33,shuffled_mask,0.02702702702702703,hidden_target_logit_effect,37,primary,answer_adjacent,0.24324324324324326,37,0.02702702702702703,1.0,hidden_lattice
0.14189189189189189,-0.02702702702702703,corrupt,33,union_mask,0.060810810810810814,hidden_target_logit_effect,37,primary,answer_adjacent,0.32432432432432434,37,0.10810810810810811,1.0,hidden_lattice
0.10135135135135136,-0.013513513513513514,corrupt,33,answer_mask,0.04054054054054054,hidden_target_logit_effect,37,primary,top_hidden_delta,0.13513513513513514,37,0.02702702702702703,1.0,hidden_lattice
0.0945945945945946,-0.006756756756756757,corrupt,33,shifted_mask,0.033783783783783786,hidden_target_logit_effect,37,primary,top_hidden_delta,0.08108108108108109,37,0.08108108108108109,1.0,hidden_lattice
0.060810810810810814,-0.013513513513513514,corrupt,33,shuffled_mask,0.02027027027027027,hidden_target_logit_effect,37,primary,top_hidden_delta,0.05405405405405406,37,0.05405405405405406,1.0,hidden_lattice
0.16216216216216217,0.0472972972972973,corrupt,33,union_mask,0.10135135135135136,hidden_target_logit_effect,37,primary,top_hidden_delta,0.24324324324324326,37,0.05405405405405406,1.0,hidden_lattice
0.0945945945945946,-0.060810810810810814,corrupt,33,answer_mask,0.013513513513513514,hidden_target_logit_effect,37,primary,visual+answer,0.2702702702702703,37,0.02702702702702703,1.0,hidden_lattice
0.06756756756756757,-0.08108108108108109,corrupt,33,shifted_mask,-0.006756756756756757,hidden_target_logit_effect,37,primary,visual+answer,0.21621621621621623,37,0.08108108108108109,1.0,hidden_lattice
0.0945945945945946,-0.033783783783783786,corrupt,33,shuffled_mask,0.02702702702702703,hidden_target_logit_effect,37,primary,visual+answer,0.24324324324324326,37,0.02702702702702703,1.0,hidden_lattice
0.14189189189189189,-0.02702702702702703,corrupt,33,union_mask,0.060810810810810814,hidden_target_logit_effect,37,primary,visual+answer,0.32432432432432434,37,0.10810810810810811,1.0,hidden_lattice
0.0,0.0,corrupt,33,answer_mask,0.0,hidden_target_logit_effect,37,primary,visual_span,0.0,37,0.0,1.0,hidden_lattice
0.0,0.0,corrupt,33,shifted_mask,0.0,hidden_target_logit_effect,37,primary,visual_span,0.0,37,0.0,1.0,hidden_lattice
0.0,0.0,corrupt,33,shuffled_mask,0.0,hidden_target_logit_effect,37,primary,visual_span,0.0,37,0.0,1.0,hidden_lattice
0.0,0.0,corrupt,33,union_mask,0.0,hidden_target_logit_effect,37,primary,visual_span,0.0,37,0.0,1.0,hidden_lattice
0.34966216216216217,0.13682432432432431,restore,33,answer_mask,0.24239864864864866,hidden_target_logit_effect,37,primary,answer_adjacent,0.5945945945945946,37,127.0,1.0,hidden_lattice
0.20270270270270271,0.030405405405405407,restore,33,shifted_mask,0.11148648648648649,hidden_target_logit_effect,37,primary,answer_adjacent,0.40540540540540543,37,23.45945945945946,1.0,hidden_lattice
0.23986486486486486,0.06418918918918919,restore,33,shuffled_mask,0.14864864864864866,hidden_target_logit_effect,37,primary,answer_adjacent,0.4594594594594595,37,6.4324324324324325,1.0,hidden_lattice
0.39949324324324326,0.13175675675675674,restore,33,union_mask,0.2626689189189189,hidden_target_logit_effect,37,primary,answer_adjacent,0.6216216216216216,37,129.40540540540542,1.0,hidden_lattice
0.29307432432432434,0.08783783783783784,restore,33,answer_mask,0.18158783783783783,hidden_target_logit_effect,37,primary,top_hidden_delta,0.2972972972972973,37,125.83783783783784,1.0,hidden_lattice
0.17567567567567569,0.033783783783783786,restore,33,shifted_mask,0.0945945945945946,hidden_target_logit_effect,37,primary,top_hidden_delta,0.1891891891891892,37,23.405405405405407,1.0,hidden_lattice
0.15202702702702703,0.016891891891891893,restore,33,shuffled_mask,0.07432432432432433,hidden_target_logit_effect,37,primary,top_hidden_delta,0.10810810810810811,37,5.945945945945946,1.0,hidden_lattice
0.36993243243243246,0.125,restore,33,union_mask,0.24239864864864866,hidden_target_logit_effect,37,primary,top_hidden_delta,0.32432432432432434,37,128.97297297297297,1.0,hidden_lattice
0.34966216216216217,0.13682432432432431,restore,33,answer_mask,0.24239864864864866,hidden_target_logit_effect,37,primary,visual+answer,0.5945945945945946,37,127.0,1.0,hidden_lattice
0.20270270270270271,0.030405405405405407,restore,33,shifted_mask,0.11148648648648649,hidden_target_logit_effect,37,primary,visual+answer,0.40540540540540543,37,23.45945945945946,1.0,hidden_lattice
0.23986486486486486,0.06418918918918919,restore,33,shuffled_mask,0.14864864864864866,hidden_target_logit_effect,37,primary,visual+answer,0.4594594594594595,37,6.4324324324324325,1.0,hidden_lattice
0.39949324324324326,0.13175675675675674,restore,33,union_mask,0.2626689189189189,hidden_target_logit_effect,37,primary,visual+answer,0.6216216216216216,37,129.40540540540542,1.0,hidden_lattice
0.0,0.0,restore,33,answer_mask,0.0,hidden_target_logit_effect,37,primary,visual_span,0.0,37,0.0,1.0,hidden_lattice
0.0,0.0,restore,33,shifted_mask,0.0,hidden_target_logit_effect,37,primary,visual_span,0.0,37,0.0,1.0,hidden_lattice
0.0,0.0,restore,33,shuffled_mask,0.0,hidden_target_logit_effect,37,primary,visual_span,0.0,37,0.0,1.0,hidden_lattice
0.0,0.0,restore,33,union_mask,0.0,hidden_target_logit_effect,37,primary,visual_span,0.0,37,0.0,1.0,hidden_lattice
0.29545454545454547,-0.045454545454545456,corrupt,0,answer_mask,0.12878787878787878,hidden_target_logit_effect,33,strict,answer_adjacent,0.48484848484848486,33,0.030303030303030304,1.0,hidden_lattice
0.15151515151515152,-0.08333333333333333,corrupt,0,shifted_mask,0.03787878787878788,hidden_target_logit_effect,33,strict,answer_adjacent,0.45454545454545453,33,0.12121212121212122,1.0,hidden_lattice
0.14393939393939395,-0.16666666666666666,corrupt,0,shuffled_mask,-0.015151515151515152,hidden_target_logit_effect,33,strict,answer_adjacent,0.2727272727272727,33,0.0,1.0,hidden_lattice
0.2196969696969697,-0.06818181818181818,corrupt,0,union_mask,0.07575757575757576,hidden_target_logit_effect,33,strict,answer_adjacent,0.48484848484848486,33,0.12121212121212122,1.0,hidden_lattice
1.0984848484848484,-0.5151515151515151,corrupt,0,answer_mask,0.24242424242424243,hidden_target_logit_effect,33,strict,top_hidden_delta,0.48484848484848486,33,2.212121212121212,1.0,hidden_lattice
0.14393939393939395,-0.7121212121212122,corrupt,0,shifted_mask,-0.2803030303030303,hidden_target_logit_effect,33,strict,top_hidden_delta,0.3939393939393939,33,0.48484848484848486,1.0,hidden_lattice
0.09090909090909091,-0.7727272727272727,corrupt,0,shuffled_mask,-0.32575757575757575,hidden_target_logit_effect,33,strict,top_hidden_delta,0.3333333333333333,33,0.06060606060606061,1.0,hidden_lattice
0.7348484848484849,-0.5681818181818182,corrupt,0,union_mask,0.03787878787878788,hidden_target_logit_effect,33,strict,top_hidden_delta,0.36363636363636365,33,1.2727272727272727,1.0,hidden_lattice
13.74810606060606,4.587121212121212,corrupt,0,answer_mask,9.057765151515152,hidden_target_logit_effect,33,strict,visual+answer,0.7575757575757576,33,623.1818181818181,1.0,hidden_lattice
7.587121212121212,0.8901515151515151,corrupt,0,shifted_mask,4.049242424242424,hidden_target_logit_effect,33,strict,visual+answer,0.696969696969697,33,137.06060606060606,1.0,hidden_lattice
8.18560606060606,2.696969696969697,corrupt,0,shuffled_mask,5.3106060606060606,hidden_target_logit_effect,33,strict,visual+answer,0.6060606060606061,33,53.878787878787875,1.0,hidden_lattice
15.385416666666666,5.613636363636363,corrupt,0,union_mask,10.432765151515152,hidden_target_logit_effect,33,strict,visual+answer,0.7878787878787878,33,665.7878787878788,1.0,hidden_lattice
13.707386363636363,4.471590909090909,corrupt,0,answer_mask,8.974431818181818,hidden_target_logit_effect,33,strict,visual_span,0.7272727272727273,33,572.3333333333334,1.0,hidden_lattice
7.681818181818182,1.0757575757575757,corrupt,0,shifted_mask,4.193181818181818,hidden_target_logit_effect,33,strict,visual_span,0.6666666666666666,33,136.54545454545453,1.0,hidden_lattice
8.287878787878787,2.7613636363636362,corrupt,0,shuffled_mask,5.363636363636363,hidden_target_logit_effect,33,strict,visual_span,0.6666666666666666,33,56.484848484848484,1.0,hidden_lattice
15.191287878787879,5.4393939393939394,corrupt,0,union_mask,10.286931818181818,hidden_target_logit_effect,33,strict,visual_span,0.7878787878787878,33,614.939393939394,1.0,hidden_lattice
0.2159090909090909,-0.054924242424242424,restore,0,answer_mask,0.08238636363636363,hidden_target_logit_effect,33,strict,answer_adjacent,0.45454545454545453,33,30.393939393939394,1.0,hidden_lattice
0.1553030303030303,-0.1856060606060606,restore,0,shifted_mask,-0.022727272727272728,hidden_target_logit_effect,33,strict,answer_adjacent,0.3333333333333333,33,2.303030303030303,1.0,hidden_lattice
0.17045454545454544,-0.0946969696969697,restore,0,shuffled_mask,0.041666666666666664,hidden_target_logit_effect,33,strict,answer_adjacent,0.42424242424242425,33,2.4545454545454546,1.0,hidden_lattice
0.22632575757575757,-0.028409090909090908,restore,0,union_mask,0.10321969696969698,hidden_target_logit_effect,33,strict,answer_adjacent,0.5151515151515151,33,22.696969696969695,1.0,hidden_lattice
11.791666666666666,2.9507575757575757,restore,0,answer_mask,7.365530303030303,hidden_target_logit_effect,33,strict,top_hidden_delta,0.6363636363636364,33,648.7575757575758,1.0,hidden_lattice
6.458333333333333,-0.03409090909090909,restore,0,shifted_mask,2.912878787878788,hidden_target_logit_effect,33,strict,top_hidden_delta,0.5757575757575758,33,132.87878787878788,1.0,hidden_lattice
7.212121212121212,2.3484848484848486,restore,0,shuffled_mask,4.606060606060606,hidden_target_logit_effect,33,strict,top_hidden_delta,0.7272727272727273,33,42.878787878787875,1.0,hidden_lattice
13.681818181818182,4.079545454545454,restore,0,union_mask,8.920454545454545,hidden_target_logit_effect,33,strict,top_hidden_delta,0.6666666666666666,33,683.6060606060606,1.0,hidden_lattice
13.772727272727273,4.551136363636363,restore,0,answer_mask,9.104166666666666,hidden_target_logit_effect,33,strict,visual+answer,0.7272727272727273,33,651.0,1.0,hidden_lattice
7.787878787878788,1.0340909090909092,restore,0,shifted_mask,4.234848484848484,hidden_target_logit_effect,33,strict,visual+answer,0.696969696969697,33,138.27272727272728,1.0,hidden_lattice
8.280303030303031,2.9053030303030303,restore,0,shuffled_mask,5.462121212121212,hidden_target_logit_effect,33,strict,visual+answer,0.6666666666666666,33,43.93939393939394,1.0,hidden_lattice
15.352272727272727,5.708333333333333,restore,0,union_mask,10.488636363636363,hidden_target_logit_effect,33,strict,visual+answer,0.7878787878787878,33,686.969696969697,1.0,hidden_lattice
13.696969696969697,4.570075757575758,restore,0,answer_mask,9.066287878787879,hidden_target_logit_effect,33,strict,visual_span,0.7272727272727273,33,651.0909090909091,1.0,hidden_lattice
7.791666666666667,1.0871212121212122,restore,0,shifted_mask,4.25,hidden_target_logit_effect,33,strict,visual_span,0.6666666666666666,33,138.36363636363637,1.0,hidden_lattice
8.068181818181818,2.731060606060606,restore,0,shuffled_mask,5.3106060606060606,hidden_target_logit_effect,33,strict,visual_span,0.6666666666666666,33,43.90909090909091,1.0,hidden_lattice
15.291666666666666,5.4356060606060606,restore,0,union_mask,10.344696969696969,hidden_target_logit_effect,33,strict,visual_span,0.7878787878787878,33,686.7878787878788,1.0,hidden_lattice
0.1590909090909091,-0.09848484848484848,corrupt,1,answer_mask,0.030303030303030304,hidden_target_logit_effect,33,strict,answer_adjacent,0.36363636363636365,33,0.0,1.0,hidden_lattice
0.12121212121212122,-0.1590909090909091,corrupt,1,shifted_mask,-0.022727272727272728,hidden_target_logit_effect,33,strict,answer_adjacent,0.42424242424242425,33,0.0,1.0,hidden_lattice
0.13636363636363635,-0.1893939393939394,corrupt,1,shuffled_mask,-0.030303030303030304,hidden_target_logit_effect,33,strict,answer_adjacent,0.30303030303030304,33,0.0,1.0,hidden_lattice
0.16666666666666666,-0.12121212121212122,corrupt,1,union_mask,0.022727272727272728,hidden_target_logit_effect,33,strict,answer_adjacent,0.3939393939393939,33,0.030303030303030304,1.0,hidden_lattice
1.0606060606060606,-0.553030303030303,corrupt,1,answer_mask,0.17045454545454544,hidden_target_logit_effect,33,strict,top_hidden_delta,0.3939393939393939,33,2.3333333333333335,1.0,hidden_lattice
0.17424242424242425,-0.8560606060606061,corrupt,1,shifted_mask,-0.3181818181818182,hidden_target_logit_effect,33,strict,top_hidden_delta,0.36363636363636365,33,0.18181818181818182,1.0,hidden_lattice
0.20454545454545456,-0.8560606060606061,corrupt,1,shuffled_mask,-0.3484848484848485,hidden_target_logit_effect,33,strict,top_hidden_delta,0.36363636363636365,33,0.09090909090909091,1.0,hidden_lattice
0.030303030303030304,-0.8712121212121212,corrupt,1,union_mask,-0.4318181818181818,hidden_target_logit_effect,33,strict,top_hidden_delta,0.2727272727272727,33,0.36363636363636365,1.0,hidden_lattice
12.740530303030303,3.2992424242424243,corrupt,1,answer_mask,7.882575757575758,hidden_target_logit_effect,33,strict,visual+answer,0.7272727272727273,33,519.2121212121212,1.0,hidden_lattice
7.670454545454546,0.9848484848484849,corrupt,1,shifted_mask,4.1477272727272725,hidden_target_logit_effect,33,strict,visual+answer,0.6666666666666666,33,156.15151515151516,1.0,hidden_lattice
7.454545454545454,2.227272727272727,corrupt,1,shuffled_mask,4.606060606060606,hidden_target_logit_effect,33,strict,visual+answer,0.6363636363636364,33,36.06060606060606,1.0,hidden_lattice
14.128787878787879,4.606060606060606,corrupt,1,union_mask,9.24810606060606,hidden_target_logit_effect,33,strict,visual+answer,0.7575757575757576,33,552.4242424242424,1.0,hidden_lattice
12.672348484848484,3.409090909090909,corrupt,1,answer_mask,7.889204545454546,hidden_target_logit_effect,33,strict,visual_span,0.7272727272727273,33,500.0,1.0,hidden_lattice
7.577651515151516,0.9109848484848485,corrupt,1,shifted_mask,4.058712121212121,hidden_target_logit_effect,33,strict,visual_span,0.6666666666666666,33,155.36363636363637,1.0,hidden_lattice
7.443181818181818,2.1666666666666665,corrupt,1,shuffled_mask,4.583333333333333,hidden_target_logit_effect,33,strict,visual_span,0.5757575757575758,33,38.09090909090909,1.0,hidden_lattice
14.168560606060606,4.708333333333333,corrupt,1,union_mask,9.324810606060606,hidden_target_logit_effect,33,strict,visual_span,0.7272727272727273,33,536.2727272727273,1.0,hidden_lattice
0.25,-0.08333333333333333,restore,1,answer_mask,0.08333333333333333,hidden_target_logit_effect,33,strict,answer_adjacent,0.42424242424242425,33,-9.818181818181818,1.0,hidden_lattice
0.21212121212121213,-0.10984848484848485,restore,1,shifted_mask,0.056818181818181816,hidden_target_logit_effect,33,strict,answer_adjacent,0.42424242424242425,33,4.454545454545454,1.0,hidden_lattice
0.20833333333333334,-0.12878787878787878,restore,1,shuffled_mask,0.045454545454545456,hidden_target_logit_effect,33,strict,answer_adjacent,0.36363636363636365,33,1.8484848484848484,1.0,hidden_lattice
0.10606060606060606,-0.08333333333333333,restore,1,union_mask,0.011363636363636364,hidden_target_logit_effect,33,strict,answer_adjacent,0.36363636363636365,33,-15.363636363636363,1.0,hidden_lattice
13.204545454545455,3.7481060606060606,restore,1,answer_mask,8.426136363636363,hidden_target_logit_effect,33,strict,top_hidden_delta,0.696969696969697,33,650.3030303030303,1.0,hidden_lattice
6.704545454545454,0.29545454545454547,restore,1,shifted_mask,3.2954545454545454,hidden_target_logit_effect,33,strict,top_hidden_delta,0.6666666666666666,33,135.5151515151515,1.0,hidden_lattice
7.791666666666667,2.3484848484848486,restore,1,shuffled_mask,4.818181818181818,hidden_target_logit_effect,33,strict,top_hidden_delta,0.6363636363636364,33,42.878787878787875,1.0,hidden_lattice
14.128787878787879,4.526515151515151,restore,1,union_mask,9.405303030303031,hidden_target_logit_effect,33,strict,top_hidden_delta,0.696969696969697,33,685.3333333333334,1.0,hidden_lattice
13.816287878787879,4.704545454545454,restore,1,answer_mask,9.134469696969697,hidden_target_logit_effect,33,strict,visual+answer,0.7272727272727273,33,650.939393939394,1.0,hidden_lattice
7.617424242424242,1.1628787878787878,restore,1,shifted_mask,4.166666666666667,hidden_target_logit_effect,33,strict,visual+answer,0.696969696969697,33,138.0909090909091,1.0,hidden_lattice
8.136363636363637,2.890151515151515,restore,1,shuffled_mask,5.363636363636363,hidden_target_logit_effect,33,strict,visual+answer,0.6666666666666666,33,43.84848484848485,1.0,hidden_lattice
15.276515151515152,5.681818181818182,restore,1,union_mask,10.473484848484848,hidden_target_logit_effect,33,strict,visual+answer,0.7575757575757576,33,686.8484848484849,1.0,hidden_lattice
13.825757575757576,4.808712121212121,restore,1,answer_mask,9.195075757575758,hidden_target_logit_effect,33,strict,visual_span,0.7575757575757576,33,651.0,1.0,hidden_lattice
7.579545454545454,1.2121212121212122,restore,1,shifted_mask,4.181818181818182,hidden_target_logit_effect,33,strict,visual_span,0.696969696969697,33,138.06060606060606,1.0,hidden_lattice
8.113636363636363,2.890151515151515,restore,1,shuffled_mask,5.356060606060606,hidden_target_logit_effect,33,strict,visual_span,0.696969696969697,33,43.696969696969695,1.0,hidden_lattice
15.219696969696969,5.5,restore,1,union_mask,10.344696969696969,hidden_target_logit_effect,33,strict,visual_span,0.7575757575757576,33,686.6060606060606,1.0,hidden_lattice
0.14393939393939395,-0.1590909090909091,corrupt,2,answer_mask,-0.015151515151515152,hidden_target_logit_effect,33,strict,answer_adjacent,0.36363636363636365,33,-0.06060606060606061,1.0,hidden_lattice
0.15151515151515152,-0.15151515151515152,corrupt,2,shifted_mask,0.0,hidden_target_logit_effect,33,strict,answer_adjacent,0.30303030303030304,33,0.12121212121212122,1.0,hidden_lattice
0.15151515151515152,-0.1590909090909091,corrupt,2,shuffled_mask,0.0,hidden_target_logit_effect,33,strict,answer_adjacent,0.48484848484848486,33,0.21212121212121213,1.0,hidden_lattice
0.13636363636363635,-0.20454545454545456,corrupt,2,union_mask,-0.03787878787878788,hidden_target_logit_effect,33,strict,answer_adjacent,0.36363636363636365,33,0.06060606060606061,1.0,hidden_lattice
0.6515151515151515,-0.803030303030303,corrupt,2,answer_mask,-0.1553030303030303,hidden_target_logit_effect,33,strict,top_hidden_delta,0.36363636363636365,33,1.4242424242424243,1.0,hidden_lattice
0.4090909090909091,-0.6060606060606061,corrupt,2,shifted_mask,-0.09848484848484848,hidden_target_logit_effect,33,strict,top_hidden_delta,0.5151515151515151,33,0.18181818181818182,1.0,hidden_lattice
0.8939393939393939,-0.6818181818181818,corrupt,2,shuffled_mask,0.045454545454545456,hidden_target_logit_effect,33,strict,top_hidden_delta,0.36363636363636365,33,0.24242424242424243,1.0,hidden_lattice
0.045454545454545456,-1.0075757575757576,corrupt,2,union_mask,-0.48484848484848486,hidden_target_logit_effect,33,strict,top_hidden_delta,0.2727272727272727,33,0.21212121212121213,1.0,hidden_lattice
12.800189393939394,3.4431818181818183,corrupt,2,answer_mask,7.9706439393939394,hidden_target_logit_effect,33,strict,visual+answer,0.7272727272727273,33,495.24242424242425,1.0,hidden_lattice
7.666666666666667,1.0378787878787878,corrupt,2,shifted_mask,4.140151515151516,hidden_target_logit_effect,33,strict,visual+answer,0.6666666666666666,33,154.8181818181818,1.0,hidden_lattice
7.46969696969697,2.3446969696969697,corrupt,2,shuffled_mask,4.693181818181818,hidden_target_logit_effect,33,strict,visual+answer,0.6363636363636364,33,33.24242424242424,1.0,hidden_lattice
14.059659090909092,4.412878787878788,corrupt,2,union_mask,9.15435606060606,hidden_target_logit_effect,33,strict,visual+answer,0.7272727272727273,33,531.030303030303,1.0,hidden_lattice
12.894886363636363,3.559659090909091,corrupt,2,answer_mask,8.046401515151516,hidden_target_logit_effect,33,strict,visual_span,0.7272727272727273,33,559.8484848484849,1.0,hidden_lattice
7.765151515151516,1.1401515151515151,corrupt,2,shifted_mask,4.253787878787879,hidden_target_logit_effect,33,strict,visual_span,0.6363636363636364,33,155.63636363636363,1.0,hidden_lattice
7.511363636363637,2.3143939393939394,corrupt,2,shuffled_mask,4.681818181818182,hidden_target_logit_effect,33,strict,visual_span,0.6060606060606061,33,32.54545454545455,1.0,hidden_lattice
14.176136363636363,4.4772727272727275,corrupt,2,union_mask,9.237689393939394,hidden_target_logit_effect,33,strict,visual_span,0.7272727272727273,33,592.030303030303,1.0,hidden_lattice
0.20265151515151514,-0.11363636363636363,restore,2,answer_mask,0.03977272727272727,hidden_target_logit_effect,33,strict,answer_adjacent,0.36363636363636365,33,30.96969696969697,1.0,hidden_lattice
0.19696969696969696,-0.10606060606060606,restore,2,shifted_mask,0.045454545454545456,hidden_target_logit_effect,33,strict,answer_adjacent,0.48484848484848486,33,7.454545454545454,1.0,hidden_lattice
0.14772727272727273,-0.08333333333333333,restore,2,shuffled_mask,0.030303030303030304,hidden_target_logit_effect,33,strict,answer_adjacent,0.3939393939393939,33,1.9090909090909092,1.0,hidden_lattice
0.25,-0.026515151515151516,restore,2,union_mask,0.10416666666666667,hidden_target_logit_effect,33,strict,answer_adjacent,0.48484848484848486,33,18.78787878787879,1.0,hidden_lattice
8.556818181818182,2.140151515151515,restore,2,answer_mask,5.339015151515151,hidden_target_logit_effect,33,strict,top_hidden_delta,0.6363636363636364,33,-272.030303030303,1.0,hidden_lattice
6.534090909090909,0.49242424242424243,restore,2,shifted_mask,3.2613636363636362,hidden_target_logit_effect,33,strict,top_hidden_delta,0.6666666666666666,33,136.33333333333334,1.0,hidden_lattice
5.776515151515151,1.7765151515151516,restore,2,shuffled_mask,3.662878787878788,hidden_target_logit_effect,33,strict,top_hidden_delta,0.5757575757575758,33,42.21212121212121,1.0,hidden_lattice
10.007575757575758,2.090909090909091,restore,2,union_mask,6.075757575757576,hidden_target_logit_effect,33,strict,top_hidden_delta,0.6363636363636364,33,-237.3939393939394,1.0,hidden_lattice
13.782196969696969,4.611742424242424,restore,2,answer_mask,9.058712121212121,hidden_target_logit_effect,33,strict,visual+answer,0.7272727272727273,33,650.939393939394,1.0,hidden_lattice
7.670454545454546,1.1818181818181819,restore,2,shifted_mask,4.25,hidden_target_logit_effect,33,strict,visual+answer,0.696969696969697,33,138.27272727272728,1.0,hidden_lattice
8.106060606060606,2.9204545454545454,restore,2,shuffled_mask,5.363636363636363,hidden_target_logit_effect,33,strict,visual+answer,0.696969696969697,33,43.60606060606061,1.0,hidden_lattice
15.257575757575758,5.484848484848484,restore,2,union_mask,10.382575757575758,hidden_target_logit_effect,33,strict,visual+answer,0.7575757575757576,33,686.7575757575758,1.0,hidden_lattice
13.882575757575758,4.7272727272727275,restore,2,answer_mask,9.157196969696969,hidden_target_logit_effect,33,strict,visual_span,0.7575757575757576,33,651.060606060606,1.0,hidden_lattice
7.6856060606060606,1.2159090909090908,restore,2,shifted_mask,4.2272727272727275,hidden_target_logit_effect,33,strict,visual_span,0.696969696969697,33,138.21212121212122,1.0,hidden_lattice
8.151515151515152,2.9431818181818183,restore,2,shuffled_mask,5.424242424242424,hidden_target_logit_effect,33,strict,visual_span,0.7272727272727273,33,43.696969696969695,1.0,hidden_lattice
15.356060606060606,5.636363636363637,restore,2,union_mask,10.496212121212121,hidden_target_logit_effect,33,strict,visual_span,0.7575757575757576,33,686.6363636363636,1.0,hidden_lattice
0.14393939393939395,-0.21212121212121213,corrupt,3,answer_mask,-0.030303030303030304,hidden_target_logit_effect,33,strict,answer_adjacent,0.3333333333333333,33,-0.030303030303030304,1.0,hidden_lattice
0.09090909090909091,-0.30303030303030304,corrupt,3,shifted_mask,-0.09848484848484848,hidden_target_logit_effect,33,strict,answer_adjacent,0.36363636363636365,33,0.030303030303030304,1.0,hidden_lattice
0.17424242424242425,-0.22727272727272727,corrupt,3,shuffled_mask,-0.030303030303030304,hidden_target_logit_effect,33,strict,answer_adjacent,0.36363636363636365,33,0.06060606060606061,1.0,hidden_lattice
0.05303030303030303,-0.3106060606060606,corrupt,3,union_mask,-0.12878787878787878,hidden_target_logit_effect,33,strict,answer_adjacent,0.2727272727272727,33,-0.12121212121212122,1.0,hidden_lattice
0.21212121212121213,-1.378787878787879,corrupt,3,answer_mask,-0.6212121212121212,hidden_target_logit_effect,33,strict,top_hidden_delta,0.36363636363636365,33,1.4545454545454546,1.0,hidden_lattice
0.4166666666666667,-0.5075757575757576,corrupt,3,shifted_mask,-0.045454545454545456,hidden_target_logit_effect,33,strict,top_hidden_delta,0.42424242424242425,33,0.06060606060606061,1.0,hidden_lattice
0.21212121212121213,-0.5606060606060606,corrupt,3,shuffled_mask,-0.16666666666666666,hidden_target_logit_effect,33,strict,top_hidden_delta,0.3939393939393939,33,0.12121212121212122,1.0,hidden_lattice
0.14393939393939395,-0.9545454545454546,corrupt,3,union_mask,-0.38636363636363635,hidden_target_logit_effect,33,strict,top_hidden_delta,0.3333333333333333,33,0.18181818181818182,1.0,hidden_lattice
12.861742424242424,3.6041666666666665,corrupt,3,answer_mask,8.043560606060606,hidden_target_logit_effect,33,strict,visual+answer,0.7272727272727273,33,518.9090909090909,1.0,hidden_lattice
7.604166666666667,0.946969696969697,corrupt,3,shifted_mask,4.073863636363637,hidden_target_logit_effect,33,strict,visual+answer,0.6363636363636364,33,152.63636363636363,1.0,hidden_lattice
7.363636363636363,2.143939393939394,corrupt,3,shuffled_mask,4.5606060606060606,hidden_target_logit_effect,33,strict,visual+answer,0.6060606060606061,33,33.121212121212125,1.0,hidden_lattice
14.219696969696969,4.806818181818182,corrupt,3,union_mask,9.431818181818182,hidden_target_logit_effect,33,strict,visual+answer,0.7575757575757576,33,548.7575757575758,1.0,hidden_lattice
12.704545454545455,3.4375,corrupt,3,answer_mask,7.888257575757576,hidden_target_logit_effect,33,strict,visual_span,0.7272727272727273,33,557.5757575757576,1.0,hidden_lattice
7.511363636363637,0.7916666666666666,corrupt,3,shifted_mask,3.9545454545454546,hidden_target_logit_effect,33,strict,visual_span,0.6363636363636364,33,148.63636363636363,1.0,hidden_lattice
7.325757575757576,2.2045454545454546,corrupt,3,shuffled_mask,4.537878787878788,hidden_target_logit_effect,33,strict,visual_span,0.6363636363636364,33,30.545454545454547,1.0,hidden_lattice
14.227272727272727,4.8143939393939394,corrupt,3,union_mask,9.405303030303031,hidden_target_logit_effect,33,strict,visual_span,0.7575757575757576,33,589.1515151515151,1.0,hidden_lattice
0.9232954545454546,-0.036931818181818184,restore,3,answer_mask,0.3418560606060606,hidden_target_logit_effect,33,strict,answer_adjacent,0.42424242424242425,33,-45.63636363636363,1.0,hidden_lattice
0.16287878787878787,-0.16666666666666666,restore,3,shifted_mask,-0.003787878787878788,hidden_target_logit_effect,33,strict,answer_adjacent,0.45454545454545453,33,-1.1515151515151516,1.0,hidden_lattice
0.23863636363636365,-0.10606060606060606,restore,3,shuffled_mask,0.06818181818181818,hidden_target_logit_effect,33,strict,answer_adjacent,0.5454545454545454,33,3.5757575757575757,1.0,hidden_lattice
0.5142045454545454,-0.016098484848484848,restore,3,union_mask,0.22253787878787878,hidden_target_logit_effect,33,strict,answer_adjacent,0.5757575757575758,33,-39.18181818181818,1.0,hidden_lattice
10.861742424242424,2.196969696969697,restore,3,answer_mask,6.634469696969697,hidden_target_logit_effect,33,strict,top_hidden_delta,0.6363636363636364,33,559.060606060606,1.0,hidden_lattice
6.708333333333333,0.7121212121212122,restore,3,shifted_mask,3.4204545454545454,hidden_target_logit_effect,33,strict,top_hidden_delta,0.6363636363636364,33,135.06060606060606,1.0,hidden_lattice
5.958333333333333,1.481060606060606,restore,3,shuffled_mask,3.507575757575758,hidden_target_logit_effect,33,strict,top_hidden_delta,0.6666666666666666,33,40.81818181818182,1.0,hidden_lattice
13.075757575757576,3.7007575757575757,restore,3,union_mask,8.378787878787879,hidden_target_logit_effect,33,strict,top_hidden_delta,0.696969696969697,33,594.9090909090909,1.0,hidden_lattice
13.93939393939394,4.7481060606060606,restore,3,answer_mask,9.225378787878787,hidden_target_logit_effect,33,strict,visual+answer,0.7575757575757576,33,651.1515151515151,1.0,hidden_lattice
7.715909090909091,1.253787878787879,restore,3,shifted_mask,4.257575757575758,hidden_target_logit_effect,33,strict,visual+answer,0.6666666666666666,33,138.0909090909091,1.0,hidden_lattice
8.121212121212121,3.003787878787879,restore,3,shuffled_mask,5.4393939393939394,hidden_target_logit_effect,33,strict,visual+answer,0.7272727272727273,33,43.666666666666664,1.0,hidden_lattice
15.31060606060606,5.625,restore,3,union_mask,10.43560606060606,hidden_target_logit_effect,33,strict,visual+answer,0.7878787878787878,33,686.6969696969697,1.0,hidden_lattice
14.130681818181818,4.893939393939394,restore,3,answer_mask,9.399621212121213,hidden_target_logit_effect,33,strict,visual_span,0.7575757575757576,33,651.2727272727273,1.0,hidden_lattice
7.765151515151516,1.2348484848484849,restore,3,shifted_mask,4.303030303030303,hidden_target_logit_effect,33,strict,visual_span,0.6666666666666666,33,138.0909090909091,1.0,hidden_lattice
8.295454545454545,3.0757575757575757,restore,3,shuffled_mask,5.5606060606060606,hidden_target_logit_effect,33,strict,visual_span,0.696969696969697,33,43.81818181818182,1.0,hidden_lattice
15.386363636363637,5.715909090909091,restore,3,union_mask,10.56439393939394,hidden_target_logit_effect,33,strict,visual_span,0.7575757575757576,33,686.6666666666666,1.0,hidden_lattice
-0.030303030303030304,-0.45454545454545453,corrupt,4,answer_mask,-0.24242424242424243,hidden_target_logit_effect,33,strict,answer_adjacent,0.3333333333333333,33,-0.030303030303030304,1.0,hidden_lattice
-0.007575757575757576,-0.4772727272727273,corrupt,4,shifted_mask,-0.22727272727272727,hidden_target_logit_effect,33,strict,answer_adjacent,0.30303030303030304,33,0.0,1.0,hidden_lattice
-0.06060606060606061,-0.45454545454545453,corrupt,4,shuffled_mask,-0.24242424242424243,hidden_target_logit_effect,33,strict,answer_adjacent,0.18181818181818182,33,-0.06060606060606061,1.0,hidden_lattice
-0.045454545454545456,-0.4772727272727273,corrupt,4,union_mask,-0.25757575757575757,hidden_target_logit_effect,33,strict,answer_adjacent,0.2727272727272727,33,-0.18181818181818182,1.0,hidden_lattice
0.07575757575757576,-1.196969696969697,corrupt,4,answer_mask,-0.5454545454545454,hidden_target_logit_effect,33,strict,top_hidden_delta,0.3939393939393939,33,0.15151515151515152,1.0,hidden_lattice
0.5,-0.42424242424242425,corrupt,4,shifted_mask,0.03787878787878788,hidden_target_logit_effect,33,strict,top_hidden_delta,0.48484848484848486,33,0.3939393939393939,1.0,hidden_lattice
0.5378787878787878,-0.5303030303030303,corrupt,4,shuffled_mask,-0.045454545454545456,hidden_target_logit_effect,33,strict,top_hidden_delta,0.3333333333333333,33,0.2727272727272727,1.0,hidden_lattice
0.022727272727272728,-0.9848484848484849,corrupt,4,union_mask,-0.45454545454545453,hidden_target_logit_effect,33,strict,top_hidden_delta,0.36363636363636365,33,0.3939393939393939,1.0,hidden_lattice
12.424242424242424,3.272727272727273,corrupt,4,answer_mask,7.65530303030303,hidden_target_logit_effect,33,strict,visual+answer,0.6666666666666666,33,473.42424242424244,1.0,hidden_lattice
7.359848484848484,0.8901515151515151,corrupt,4,shifted_mask,3.9204545454545454,hidden_target_logit_effect,33,strict,visual+answer,0.6363636363636364,33,144.6969696969697,1.0,hidden_lattice
7.015151515151516,2.0416666666666665,corrupt,4,shuffled_mask,4.333333333333333,hidden_target_logit_effect,33,strict,visual+answer,0.5757575757575758,33,25.939393939393938,1.0,hidden_lattice
13.910984848484848,4.6875,corrupt,4,union_mask,9.178030303030303,hidden_target_logit_effect,33,strict,visual+answer,0.7575757575757576,33,502.5151515151515,1.0,hidden_lattice
12.455492424242424,3.121212121212121,corrupt,4,answer_mask,7.582386363636363,hidden_target_logit_effect,33,strict,visual_span,0.6666666666666666,33,591.6363636363636,1.0,hidden_lattice
7.386363636363637,0.8901515151515151,corrupt,4,shifted_mask,3.9053030303030303,hidden_target_logit_effect,33,strict,visual_span,0.6363636363636364,33,144.9090909090909,1.0,hidden_lattice
7.125,2.159090909090909,corrupt,4,shuffled_mask,4.4356060606060606,hidden_target_logit_effect,33,strict,visual_span,0.6060606060606061,33,26.696969696969695,1.0,hidden_lattice
13.87689393939394,4.518939393939394,corrupt,4,union_mask,9.025568181818182,hidden_target_logit_effect,33,strict,visual_span,0.7575757575757576,33,617.7878787878788,1.0,hidden_lattice
0.2859848484848485,-0.2708333333333333,restore,4,answer_mask,-0.026515151515151516,hidden_target_logit_effect,33,strict,answer_adjacent,0.2727272727272727,33,-110.75757575757575,1.0,hidden_lattice
0.08712121212121213,-0.25757575757575757,restore,4,shifted_mask,-0.08333333333333333,hidden_target_logit_effect,33,strict,answer_adjacent,0.3333333333333333,33,3.303030303030303,1.0,hidden_lattice
0.15151515151515152,-0.17045454545454544,restore,4,shuffled_mask,0.0,hidden_target_logit_effect,33,strict,answer_adjacent,0.36363636363636365,33,2.090909090909091,1.0,hidden_lattice
0.11553030303030302,-0.2727272727272727,restore,4,union_mask,-0.08333333333333333,hidden_target_logit_effect,33,strict,answer_adjacent,0.36363636363636365,33,-112.48484848484848,1.0,hidden_lattice
10.594696969696969,3.293560606060606,restore,4,answer_mask,6.8664772727272725,hidden_target_logit_effect,33,strict,top_hidden_delta,0.6363636363636364,33,62.45454545454545,1.0,hidden_lattice
7.117424242424242,1.106060606060606,restore,4,shifted_mask,3.772727272727273,hidden_target_logit_effect,33,strict,top_hidden_delta,0.6060606060606061,33,137.1818181818182,1.0,hidden_lattice
5.507575757575758,0.6856060606060606,restore,4,shuffled_mask,2.912878787878788,hidden_target_logit_effect,33,strict,top_hidden_delta,0.6060606060606061,33,40.21212121212121,1.0,hidden_lattice
10.37689393939394,2.528409090909091,restore,4,union_mask,6.392992424242424,hidden_target_logit_effect,33,strict,top_hidden_delta,0.6060606060606061,33,58.54545454545455,1.0,hidden_lattice
13.808712121212121,4.611742424242424,restore,4,answer_mask,9.096590909090908,hidden_target_logit_effect,33,strict,visual+answer,0.7575757575757576,33,651.0909090909091,1.0,hidden_lattice
7.617424242424242,1.1401515151515151,restore,4,shifted_mask,4.1893939393939394,hidden_target_logit_effect,33,strict,visual+answer,0.6666666666666666,33,138.0909090909091,1.0,hidden_lattice
8.030303030303031,2.8636363636363638,restore,4,shuffled_mask,5.348484848484849,hidden_target_logit_effect,33,strict,visual+answer,0.6363636363636364,33,43.57575757575758,1.0,hidden_lattice
15.318181818181818,5.666666666666667,restore,4,union_mask,10.465909090909092,hidden_target_logit_effect,33,strict,visual+answer,0.7575757575757576,33,686.6363636363636,1.0,hidden_lattice
13.926136363636363,4.715909090909091,restore,4,answer_mask,9.195075757575758,hidden_target_logit_effect,33,strict,visual_span,0.7575757575757576,33,651.2727272727273,1.0,hidden_lattice
7.742424242424242,1.2159090909090908,restore,4,shifted_mask,4.2727272727272725,hidden_target_logit_effect,33,strict,visual_span,0.696969696969697,33,138.12121212121212,1.0,hidden_lattice
8.170454545454545,2.8333333333333335,restore,4,shuffled_mask,5.401515151515151,hidden_target_logit_effect,33,strict,visual_span,0.6666666666666666,33,43.72727272727273,1.0,hidden_lattice
15.375,5.75,restore,4,union_mask,10.571969696969697,hidden_target_logit_effect,33,strict,visual_span,0.7575757575757576,33,686.7272727272727,1.0,hidden_lattice
-0.15151515151515152,-0.7424242424242424,corrupt,5,answer_mask,-0.4393939393939394,hidden_target_logit_effect,33,strict,answer_adjacent,0.2727272727272727,33,-0.3333333333333333,1.0,hidden_lattice
-0.022727272727272728,-0.5606060606060606,corrupt,5,shifted_mask,-0.2803030303030303,hidden_target_logit_effect,33,strict,answer_adjacent,0.42424242424242425,33,-0.24242424242424243,1.0,hidden_lattice
-0.08333333333333333,-0.6515151515151515,corrupt,5,shuffled_mask,-0.36363636363636365,hidden_target_logit_effect,33,strict,answer_adjacent,0.2727272727272727,33,-0.3333333333333333,1.0,hidden_lattice
-0.1893939393939394,-0.8106060606060606,corrupt,5,union_mask,-0.48484848484848486,hidden_target_logit_effect,33,strict,answer_adjacent,0.24242424242424243,33,-0.18181818181818182,1.0,hidden_lattice
-0.007575757575757576,-1.3636363636363635,corrupt,5,answer_mask,-0.6439393939393939,hidden_target_logit_effect,33,strict,top_hidden_delta,0.36363636363636365,33,-0.18181818181818182,1.0,hidden_lattice
0.5681818181818182,-0.09090909090909091,corrupt,5,shifted_mask,0.25,hidden_target_logit_effect,33,strict,top_hidden_delta,0.6060606060606061,33,0.12121212121212122,1.0,hidden_lattice
0.42424242424242425,-0.7803030303030303,corrupt,5,shuffled_mask,-0.16666666666666666,hidden_target_logit_effect,33,strict,top_hidden_delta,0.36363636363636365,33,-0.24242424242424243,1.0,hidden_lattice
0.4090909090909091,-0.5303030303030303,corrupt,5,union_mask,-0.06818181818181818,hidden_target_logit_effect,33,strict,top_hidden_delta,0.42424242424242425,33,0.6666666666666666,1.0,hidden_lattice
12.43939393939394,3.477272727272727,corrupt,5,answer_mask,7.81344696969697,hidden_target_logit_effect,33,strict,visual+answer,0.7272727272727273,33,357.2121212121212,1.0,hidden_lattice
7.079545454545454,1.1590909090909092,corrupt,5,shifted_mask,3.9696969696969697,hidden_target_logit_effect,33,strict,visual+answer,0.6363636363636364,33,72.66666666666667,1.0,hidden_lattice
6.5606060606060606,2.0606060606060606,corrupt,5,shuffled_mask,4.15530303030303,hidden_target_logit_effect,33,strict,visual+answer,0.696969696969697,33,9.878787878787879,1.0,hidden_lattice
13.007575757575758,4.306818181818182,corrupt,5,union_mask,8.514204545454545,hidden_target_logit_effect,33,strict,visual+answer,0.7878787878787878,33,344.57575757575756,1.0,hidden_lattice
12.457386363636363,3.3607954545454546,corrupt,5,answer_mask,7.760416666666667,hidden_target_logit_effect,33,strict,visual_span,0.696969696969697,33,451.27272727272725,1.0,hidden_lattice
6.954545454545454,1.0681818181818181,corrupt,5,shifted_mask,3.859848484848485,hidden_target_logit_effect,33,strict,visual_span,0.6666666666666666,33,74.24242424242425,1.0,hidden_lattice
6.458333333333333,2.018939393939394,corrupt,5,shuffled_mask,4.098484848484849,hidden_target_logit_effect,33,strict,visual_span,0.6666666666666666,33,10.06060606060606,1.0,hidden_lattice
13.356060606060606,4.519886363636363,corrupt,5,union_mask,8.754734848484848,hidden_target_logit_effect,33,strict,visual_span,0.7575757575757576,33,432.030303030303,1.0,hidden_lattice
0.7632575757575758,-0.3371212121212121,restore,5,answer_mask,0.11174242424242424,hidden_target_logit_effect,33,strict,answer_adjacent,0.3333333333333333,33,-142.4848484848485,1.0,hidden_lattice
0.10606060606060606,-0.3522727272727273,restore,5,shifted_mask,-0.11742424242424243,hidden_target_logit_effect,33,strict,answer_adjacent,0.42424242424242425,33,-1.7575757575757576,1.0,hidden_lattice
0.32954545454545453,-0.16287878787878787,restore,5,shuffled_mask,0.10606060606060606,hidden_target_logit_effect,33,strict,answer_adjacent,0.5151515151515151,33,1.878787878787879,1.0,hidden_lattice
0.11553030303030302,-0.42613636363636365,restore,5,union_mask,-0.16098484848484848,hidden_target_logit_effect,33,strict,answer_adjacent,0.2727272727272727,33,-146.84848484848484,1.0,hidden_lattice
9.212121212121213,2.887310606060606,restore,5,answer_mask,6.088068181818182,hidden_target_logit_effect,33,strict,top_hidden_delta,0.6060606060606061,33,-576.7575757575758,1.0,hidden_lattice
6.954545454545454,0.8181818181818182,restore,5,shifted_mask,3.5643939393939394,hidden_target_logit_effect,33,strict,top_hidden_delta,0.5757575757575758,33,136.8181818181818,1.0,hidden_lattice
6.901515151515151,2.1136363636363638,restore,5,shuffled_mask,4.333333333333333,hidden_target_logit_effect,33,strict,top_hidden_delta,0.696969696969697,33,41.90909090909091,1.0,hidden_lattice
9.896780303030303,2.646780303030303,restore,5,union_mask,6.264204545454546,hidden_target_logit_effect,33,strict,top_hidden_delta,0.6363636363636364,33,-547.5757575757576,1.0,hidden_lattice
13.924242424242424,4.96969696969697,restore,5,answer_mask,9.301136363636363,hidden_target_logit_effect,33,strict,visual+answer,0.7575757575757576,33,651.060606060606,1.0,hidden_lattice
7.704545454545454,1.5227272727272727,restore,5,shifted_mask,4.416666666666667,hidden_target_logit_effect,33,strict,visual+answer,0.696969696969697,33,138.12121212121212,1.0,hidden_lattice
8.034090909090908,2.852272727272727,restore,5,shuffled_mask,5.340909090909091,hidden_target_logit_effect,33,strict,visual+answer,0.696969696969697,33,43.36363636363637,1.0,hidden_lattice
15.147727272727273,5.575757575757576,restore,5,union_mask,10.367424242424242,hidden_target_logit_effect,33,strict,visual+answer,0.7878787878787878,33,686.6363636363636,1.0,hidden_lattice
14.075757575757576,5.068181818181818,restore,5,answer_mask,9.429924242424242,hidden_target_logit_effect,33,strict,visual_span,0.7575757575757576,33,651.1818181818181,1.0,hidden_lattice
7.886363636363637,1.5871212121212122,restore,5,shifted_mask,4.545454545454546,hidden_target_logit_effect,33,strict,visual_span,0.696969696969697,33,138.15151515151516,1.0,hidden_lattice
8.43939393939394,3.0833333333333335,restore,5,shuffled_mask,5.666666666666667,hidden_target_logit_effect,33,strict,visual_span,0.7272727272727273,33,43.666666666666664,1.0,hidden_lattice
15.5,5.806818181818182,restore,5,union_mask,10.640151515151516,hidden_target_logit_effect,33,strict,visual_span,0.7575757575757576,33,686.9090909090909,1.0,hidden_lattice
-0.10606060606060606,-0.7727272727272727,corrupt,6,answer_mask,-0.4393939393939394,hidden_target_logit_effect,33,strict,answer_adjacent,0.30303030303030304,33,-0.21212121212121213,1.0,hidden_lattice
0.007575757575757576,-0.6818181818181818,corrupt,6,shifted_mask,-0.32575757575757575,hidden_target_logit_effect,33,strict,answer_adjacent,0.30303030303030304,33,-0.12121212121212122,1.0,hidden_lattice
-0.09090909090909091,-0.7727272727272727,corrupt,6,shuffled_mask,-0.4015151515151515,hidden_target_logit_effect,33,strict,answer_adjacent,0.24242424242424243,33,-0.2727272727272727,1.0,hidden_lattice
0.1590909090909091,-0.6515151515151515,corrupt,6,union_mask,-0.25,hidden_target_logit_effect,33,strict,answer_adjacent,0.30303030303030304,33,0.09090909090909091,1.0,hidden_lattice
0.9015151515151515,-0.8560606060606061,corrupt,6,answer_mask,-0.015151515151515152,hidden_target_logit_effect,33,strict,top_hidden_delta,0.36363636363636365,33,2.787878787878788,1.0,hidden_lattice
0.5,-0.3409090909090909,corrupt,6,shifted_mask,0.07575757575757576,hidden_target_logit_effect,33,strict,top_hidden_delta,0.48484848484848486,33,0.48484848484848486,1.0,hidden_lattice
0.14393939393939395,-0.6818181818181818,corrupt,6,shuffled_mask,-0.25757575757575757,hidden_target_logit_effect,33,strict,top_hidden_delta,0.3939393939393939,33,0.12121212121212122,1.0,hidden_lattice
-0.10606060606060606,-1.1590909090909092,corrupt,6,union_mask,-0.6060606060606061,hidden_target_logit_effect,33,strict,top_hidden_delta,0.3333333333333333,33,0.09090909090909091,1.0,hidden_lattice
12.344696969696969,4.028409090909091,corrupt,6,answer_mask,8.172348484848484,hidden_target_logit_effect,33,strict,visual+answer,0.7575757575757576,33,189.63636363636363,1.0,hidden_lattice
7.484848484848484,1.4356060606060606,corrupt,6,shifted_mask,4.257575757575758,hidden_target_logit_effect,33,strict,visual+answer,0.6666666666666666,33,53.39393939393939,1.0,hidden_lattice
6.503787878787879,1.8674242424242424,corrupt,6,shuffled_mask,4.125,hidden_target_logit_effect,33,strict,visual+answer,0.6060606060606061,33,8.696969696969697,1.0,hidden_lattice
13.045454545454545,5.200757575757576,corrupt,6,union_mask,9.083333333333334,hidden_target_logit_effect,33,strict,visual+answer,0.7575757575757576,33,179.27272727272728,1.0,hidden_lattice
11.909090909090908,3.634469696969697,corrupt,6,answer_mask,7.693181818181818,hidden_target_logit_effect,33,strict,visual_span,0.696969696969697,33,175.45454545454547,1.0,hidden_lattice
7.318181818181818,1.3863636363636365,corrupt,6,shifted_mask,4.193181818181818,hidden_target_logit_effect,33,strict,visual_span,0.6666666666666666,33,55.96969696969697,1.0,hidden_lattice
6.46969696969697,1.875,corrupt,6,shuffled_mask,4.083333333333333,hidden_target_logit_effect,33,strict,visual_span,0.6060606060606061,33,8.363636363636363,1.0,hidden_lattice
12.4375,4.632575757575758,corrupt,6,union_mask,8.471590909090908,hidden_target_logit_effect,33,strict,visual_span,0.7272727272727273,33,156.6969696969697,1.0,hidden_lattice
1.5,-0.3484848484848485,restore,6,answer_mask,0.3787878787878788,hidden_target_logit_effect,33,strict,answer_adjacent,0.45454545454545453,33,89.27272727272727,1.0,hidden_lattice
0.19696969696969696,-0.3106060606060606,restore,6,shifted_mask,-0.056818181818181816,hidden_target_logit_effect,33,strict,answer_adjacent,0.42424242424242425,33,-12.363636363636363,1.0,hidden_lattice
0.16287878787878787,-0.3409090909090909,restore,6,shuffled_mask,-0.06818181818181818,hidden_target_logit_effect,33,strict,answer_adjacent,0.45454545454545453,33,0.21212121212121213,1.0,hidden_lattice
2.1041666666666665,-0.3541666666666667,restore,6,union_mask,0.5871212121212122,hidden_target_logit_effect,33,strict,answer_adjacent,0.48484848484848486,33,102.78787878787878,1.0,hidden_lattice
11.424242424242424,3.221590909090909,restore,6,answer_mask,7.433712121212121,hidden_target_logit_effect,33,strict,top_hidden_delta,0.696969696969697,33,641.060606060606,1.0,hidden_lattice
7.079545454545454,0.3560606060606061,restore,6,shifted_mask,3.4053030303030303,hidden_target_logit_effect,33,strict,top_hidden_delta,0.5454545454545454,33,136.0,1.0,hidden_lattice
6.628787878787879,1.553030303030303,restore,6,shuffled_mask,3.882575757575758,hidden_target_logit_effect,33,strict,top_hidden_delta,0.5757575757575758,33,41.57575757575758,1.0,hidden_lattice
10.541666666666666,2.227272727272727,restore,6,union_mask,6.401515151515151,hidden_target_logit_effect,33,strict,top_hidden_delta,0.6666666666666666,33,668.939393939394,1.0,hidden_lattice
14.151515151515152,4.759469696969697,restore,6,answer_mask,9.399621212121213,hidden_target_logit_effect,33,strict,visual+answer,0.7575757575757576,33,650.8787878787879,1.0,hidden_lattice
7.625,1.2765151515151516,restore,6,shifted_mask,4.25,hidden_target_logit_effect,33,strict,visual+answer,0.6666666666666666,33,138.0,1.0,hidden_lattice
7.776515151515151,2.5833333333333335,restore,6,shuffled_mask,5.087121212121212,hidden_target_logit_effect,33,strict,visual+answer,0.6666666666666666,33,43.57575757575758,1.0,hidden_lattice
15.454545454545455,5.409090909090909,restore,6,union_mask,10.481060606060606,hidden_target_logit_effect,33,strict,visual+answer,0.7575757575757576,33,686.6060606060606,1.0,hidden_lattice
14.31060606060606,4.933712121212121,restore,6,answer_mask,9.573863636363637,hidden_target_logit_effect,33,strict,visual_span,0.7575757575757576,33,650.8181818181819,1.0,hidden_lattice
7.943181818181818,1.371212121212121,restore,6,shifted_mask,4.431818181818182,hidden_target_logit_effect,33,strict,visual_span,0.6666666666666666,33,137.84848484848484,1.0,hidden_lattice
8.170454545454545,2.746212121212121,restore,6,shuffled_mask,5.348484848484849,hidden_target_logit_effect,33,strict,visual_span,0.6666666666666666,33,43.75757575757576,1.0,hidden_lattice
15.405303030303031,5.575757575757576,restore,6,union_mask,10.594696969696969,hidden_target_logit_effect,33,strict,visual_span,0.7575757575757576,33,686.4242424242424,1.0,hidden_lattice
-0.15151515151515152,-0.6893939393939394,corrupt,7,answer_mask,-0.4166666666666667,hidden_target_logit_effect,33,strict,answer_adjacent,0.30303030303030304,33,-0.21212121212121213,1.0,hidden_lattice
0.06818181818181818,-0.5984848484848485,corrupt,7,shifted_mask,-0.24242424242424243,hidden_target_logit_effect,33,strict,answer_adjacent,0.3333333333333333,33,-0.09090909090909091,1.0,hidden_lattice
-0.06060606060606061,-0.6287878787878788,corrupt,7,shuffled_mask,-0.3333333333333333,hidden_target_logit_effect,33,strict,answer_adjacent,0.21212121212121213,33,-0.09090909090909091,1.0,hidden_lattice
0.07575757575757576,-0.6590909090909091,corrupt,7,union_mask,-0.3106060606060606,hidden_target_logit_effect,33,strict,answer_adjacent,0.2727272727272727,33,-0.09090909090909091,1.0,hidden_lattice
0.375,-1.0833333333333333,corrupt,7,answer_mask,-0.3409090909090909,hidden_target_logit_effect,33,strict,top_hidden_delta,0.5454545454545454,33,-0.06060606060606061,1.0,hidden_lattice
0.14393939393939395,-0.7878787878787878,corrupt,7,shifted_mask,-0.3181818181818182,hidden_target_logit_effect,33,strict,top_hidden_delta,0.2727272727272727,33,0.48484848484848486,1.0,hidden_lattice
0.07575757575757576,-0.7272727272727273,corrupt,7,shuffled_mask,-0.3409090909090909,hidden_target_logit_effect,33,strict,top_hidden_delta,0.30303030303030304,33,-0.18181818181818182,1.0,hidden_lattice
-0.09848484848484848,-1.0757575757575757,corrupt,7,union_mask,-0.5681818181818182,hidden_target_logit_effect,33,strict,top_hidden_delta,0.3333333333333333,33,-0.030303030303030304,1.0,hidden_lattice
12.12310606060606,3.914772727272727,corrupt,7,answer_mask,8.00189393939394,hidden_target_logit_effect,33,strict,visual+answer,0.6666666666666666,33,194.12121212121212,1.0,hidden_lattice
7.359848484848484,1.4431818181818181,corrupt,7,shifted_mask,4.159090909090909,hidden_target_logit_effect,33,strict,visual+answer,0.6363636363636364,33,63.696969696969695,1.0,hidden_lattice
6.465909090909091,1.856060606060606,corrupt,7,shuffled_mask,4.03030303030303,hidden_target_logit_effect,33,strict,visual+answer,0.6060606060606061,33,11.424242424242424,1.0,hidden_lattice
12.859848484848484,5.0,corrupt,7,union_mask,8.848484848484848,hidden_target_logit_effect,33,strict,visual+answer,0.7575757575757576,33,175.87878787878788,1.0,hidden_lattice
11.784090909090908,3.712121212121212,corrupt,7,answer_mask,7.674242424242424,hidden_target_logit_effect,33,strict,visual_span,0.6363636363636364,33,194.8181818181818,1.0,hidden_lattice
7.242424242424242,1.4053030303030303,corrupt,7,shifted_mask,4.098484848484849,hidden_target_logit_effect,33,strict,visual_span,0.6060606060606061,33,66.48484848484848,1.0,hidden_lattice
6.371212121212121,1.7727272727272727,corrupt,7,shuffled_mask,3.946969696969697,hidden_target_logit_effect,33,strict,visual_span,0.5454545454545454,33,9.727272727272727,1.0,hidden_lattice
12.386363636363637,4.534090909090909,corrupt,7,union_mask,8.378787878787879,hidden_target_logit_effect,33,strict,visual_span,0.7272727272727273,33,167.0,1.0,hidden_lattice
1.3693181818181819,-0.3939393939393939,restore,7,answer_mask,0.3087121212121212,hidden_target_logit_effect,33,strict,answer_adjacent,0.48484848484848486,33,41.60606060606061,1.0,hidden_lattice
0.12121212121212122,-0.44696969696969696,restore,7,shifted_mask,-0.15151515151515152,hidden_target_logit_effect,33,strict,answer_adjacent,0.3333333333333333,33,-11.333333333333334,1.0,hidden_lattice
0.26136363636363635,-0.1893939393939394,restore,7,shuffled_mask,0.03787878787878788,hidden_target_logit_effect,33,strict,answer_adjacent,0.5151515151515151,33,0.9393939393939394,1.0,hidden_lattice
2.0113636363636362,-0.375,restore,7,union_mask,0.5227272727272727,hidden_target_logit_effect,33,strict,answer_adjacent,0.48484848484848486,33,52.42424242424242,1.0,hidden_lattice
10.670454545454545,2.821969696969697,restore,7,answer_mask,6.753787878787879,hidden_target_logit_effect,33,strict,top_hidden_delta,0.6666666666666666,33,485.1212121212121,1.0,hidden_lattice
6.579545454545454,0.3181818181818182,restore,7,shifted_mask,3.121212121212121,hidden_target_logit_effect,33,strict,top_hidden_delta,0.6060606060606061,33,136.6060606060606,1.0,hidden_lattice
7.193181818181818,1.9507575757575757,restore,7,shuffled_mask,4.3522727272727275,hidden_target_logit_effect,33,strict,top_hidden_delta,0.6363636363636364,33,41.696969696969695,1.0,hidden_lattice
10.517045454545455,2.070075757575758,restore,7,union_mask,6.361742424242424,hidden_target_logit_effect,33,strict,top_hidden_delta,0.6666666666666666,33,512.6666666666666,1.0,hidden_lattice
13.962121212121213,4.630681818181818,restore,7,answer_mask,9.221590909090908,hidden_target_logit_effect,33,strict,visual+answer,0.7575757575757576,33,650.3939393939394,1.0,hidden_lattice
7.5606060606060606,1.2613636363636365,restore,7,shifted_mask,4.166666666666667,hidden_target_logit_effect,33,strict,visual+answer,0.6666666666666666,33,137.8181818181818,1.0,hidden_lattice
7.742424242424242,2.643939393939394,restore,7,shuffled_mask,5.068181818181818,hidden_target_logit_effect,33,strict,visual+answer,0.7272727272727273,33,43.27272727272727,1.0,hidden_lattice
15.412878787878787,5.401515151515151,restore,7,union_mask,10.446969696969697,hidden_target_logit_effect,33,strict,visual+answer,0.7575757575757576,33,685.7272727272727,1.0,hidden_lattice
13.886363636363637,4.75,restore,7,answer_mask,9.293560606060606,hidden_target_logit_effect,33,strict,visual_span,0.7575757575757576,33,650.3333333333334,1.0,hidden_lattice
7.791666666666667,1.3484848484848484,restore,7,shifted_mask,4.295454545454546,hidden_target_logit_effect,33,strict,visual_span,0.6363636363636364,33,137.8181818181818,1.0,hidden_lattice
7.8106060606060606,2.6515151515151514,restore,7,shuffled_mask,5.053030303030303,hidden_target_logit_effect,33,strict,visual_span,0.6363636363636364,33,43.45454545454545,1.0,hidden_lattice
15.424242424242424,5.5643939393939394,restore,7,union_mask,10.534090909090908,hidden_target_logit_effect,33,strict,visual_span,0.7575757575757576,33,686.030303030303,1.0,hidden_lattice
-0.05303030303030303,-0.696969696969697,corrupt,8,answer_mask,-0.3712121212121212,hidden_target_logit_effect,33,strict,answer_adjacent,0.2727272727272727,33,-0.15151515151515152,1.0,hidden_lattice
-0.18181818181818182,-0.7803030303030303,corrupt,8,shifted_mask,-0.4621212121212121,hidden_target_logit_effect,33,strict,answer_adjacent,0.24242424242424243,33,-0.15151515151515152,1.0,hidden_lattice
0.03787878787878788,-0.5454545454545454,corrupt,8,shuffled_mask,-0.22727272727272727,hidden_target_logit_effect,33,strict,answer_adjacent,0.30303030303030304,33,-0.24242424242424243,1.0,hidden_lattice
0.13636363636363635,-0.6515151515151515,corrupt,8,union_mask,-0.25757575757575757,hidden_target_logit_effect,33,strict,answer_adjacent,0.2727272727272727,33,0.15151515151515152,1.0,hidden_lattice
0.5151515151515151,-0.5681818181818182,corrupt,8,answer_mask,-0.007575757575757576,hidden_target_logit_effect,33,strict,top_hidden_delta,0.5454545454545454,33,0.696969696969697,1.0,hidden_lattice
0.8560606060606061,0.022727272727272728,corrupt,8,shifted_mask,0.42424242424242425,hidden_target_logit_effect,33,strict,top_hidden_delta,0.5757575757575758,33,0.7575757575757576,1.0,hidden_lattice
0.3560606060606061,-0.5,corrupt,8,shuffled_mask,-0.07575757575757576,hidden_target_logit_effect,33,strict,top_hidden_delta,0.3939393939393939,33,-0.06060606060606061,1.0,hidden_lattice
0.007575757575757576,-1.1742424242424243,corrupt,8,union_mask,-0.5757575757575758,hidden_target_logit_effect,33,strict,top_hidden_delta,0.3939393939393939,33,0.09090909090909091,1.0,hidden_lattice
12.429924242424242,3.9507575757575757,corrupt,8,answer_mask,8.196969696969697,hidden_target_logit_effect,33,strict,visual+answer,0.6666666666666666,33,240.4848484848485,1.0,hidden_lattice
7.367424242424242,1.3977272727272727,corrupt,8,shifted_mask,4.166666666666667,hidden_target_logit_effect,33,strict,visual+answer,0.6666666666666666,33,69.36363636363636,1.0,hidden_lattice
6.643939393939394,1.9166666666666667,corrupt,8,shuffled_mask,4.136363636363637,hidden_target_logit_effect,33,strict,visual+answer,0.6363636363636364,33,14.575757575757576,1.0,hidden_lattice
13.077651515151516,5.026515151515151,corrupt,8,union_mask,8.984848484848484,hidden_target_logit_effect,33,strict,visual+answer,0.7575757575757576,33,187.6969696969697,1.0,hidden_lattice
11.878787878787879,3.515151515151515,corrupt,8,answer_mask,7.678030303030303,hidden_target_logit_effect,33,strict,visual_span,0.6363636363636364,33,211.24242424242425,1.0,hidden_lattice
7.28030303030303,1.3977272727272727,corrupt,8,shifted_mask,4.098484848484849,hidden_target_logit_effect,33,strict,visual_span,0.6363636363636364,33,72.48484848484848,1.0,hidden_lattice
6.59469696969697,1.9393939393939394,corrupt,8,shuffled_mask,4.1022727272727275,hidden_target_logit_effect,33,strict,visual_span,0.6363636363636364,33,11.484848484848484,1.0,hidden_lattice
12.515151515151516,4.5227272727272725,corrupt,8,union_mask,8.481060606060606,hidden_target_logit_effect,33,strict,visual_span,0.7272727272727273,33,162.24242424242425,1.0,hidden_lattice
1.4829545454545454,-0.4962121212121212,restore,8,answer_mask,0.2935606060606061,hidden_target_logit_effect,33,strict,answer_adjacent,0.3333333333333333,33,96.87878787878788,1.0,hidden_lattice
0.15151515151515152,-0.2916666666666667,restore,8,shifted_mask,-0.06818181818181818,hidden_target_logit_effect,33,strict,answer_adjacent,0.3939393939393939,33,-10.666666666666666,1.0,hidden_lattice
0.26136363636363635,-0.17045454545454544,restore,8,shuffled_mask,0.04924242424242424,hidden_target_logit_effect,33,strict,answer_adjacent,0.48484848484848486,33,4.151515151515151,1.0,hidden_lattice
2.172348484848485,-0.4431818181818182,restore,8,union_mask,0.5549242424242424,hidden_target_logit_effect,33,strict,answer_adjacent,0.3939393939393939,33,111.51515151515152,1.0,hidden_lattice
10.045454545454545,2.524621212121212,restore,8,answer_mask,6.380681818181818,hidden_target_logit_effect,33,strict,top_hidden_delta,0.6363636363636364,33,343.7878787878788,1.0,hidden_lattice
6.659090909090909,0.48863636363636365,restore,8,shifted_mask,3.212121212121212,hidden_target_logit_effect,33,strict,top_hidden_delta,0.5757575757575758,33,137.03030303030303,1.0,hidden_lattice
6.662878787878788,1.6553030303030303,restore,8,shuffled_mask,3.962121212121212,hidden_target_logit_effect,33,strict,top_hidden_delta,0.5454545454545454,33,40.45454545454545,1.0,hidden_lattice
10.087121212121213,1.821969696969697,restore,8,union_mask,6.018939393939394,hidden_target_logit_effect,33,strict,top_hidden_delta,0.6363636363636364,33,375.09090909090907,1.0,hidden_lattice
14.155303030303031,4.5643939393939394,restore,8,answer_mask,9.25189393939394,hidden_target_logit_effect,33,strict,visual+answer,0.7272727272727273,33,650.4848484848485,1.0,hidden_lattice
7.541666666666667,1.2045454545454546,restore,8,shifted_mask,4.128787878787879,hidden_target_logit_effect,33,strict,visual+answer,0.6666666666666666,33,137.75757575757575,1.0,hidden_lattice
7.534090909090909,2.5643939393939394,restore,8,shuffled_mask,4.916666666666667,hidden_target_logit_effect,33,strict,visual+answer,0.6363636363636364,33,42.75757575757576,1.0,hidden_lattice
15.393939393939394,5.215909090909091,restore,8,union_mask,10.329545454545455,hidden_target_logit_effect,33,strict,visual+answer,0.7272727272727273,33,685.6060606060606,1.0,hidden_lattice
13.918560606060606,4.526515151515151,restore,8,answer_mask,9.157196969696969,hidden_target_logit_effect,33,strict,visual_span,0.7575757575757576,33,650.5454545454545,1.0,hidden_lattice
7.803030303030303,1.2803030303030303,restore,8,shifted_mask,4.257575757575758,hidden_target_logit_effect,33,strict,visual_span,0.696969696969697,33,137.78787878787878,1.0,hidden_lattice
7.795454545454546,2.75,restore,8,shuffled_mask,5.113636363636363,hidden_target_logit_effect,33,strict,visual_span,0.696969696969697,33,43.121212121212125,1.0,hidden_lattice
15.31060606060606,5.306818181818182,restore,8,union_mask,10.306818181818182,hidden_target_logit_effect,33,strict,visual_span,0.7575757575757576,33,685.6666666666666,1.0,hidden_lattice
-0.10606060606060606,-1.2045454545454546,corrupt,9,answer_mask,-0.6212121212121212,hidden_target_logit_effect,33,strict,answer_adjacent,0.36363636363636365,33,-0.030303030303030304,1.0,hidden_lattice
-0.015151515151515152,-0.8106060606060606,corrupt,9,shifted_mask,-0.3787878787878788,hidden_target_logit_effect,33,strict,answer_adjacent,0.30303030303030304,33,-0.030303030303030304,1.0,hidden_lattice
-0.12878787878787878,-0.8636363636363636,corrupt,9,shuffled_mask,-0.4772727272727273,hidden_target_logit_effect,33,strict,answer_adjacent,0.3333333333333333,33,-0.09090909090909091,1.0,hidden_lattice
-0.13636363636363635,-1.128787878787879,corrupt,9,union_mask,-0.6136363636363636,hidden_target_logit_effect,33,strict,answer_adjacent,0.3333333333333333,33,0.21212121212121213,1.0,hidden_lattice
0.6666666666666666,-0.11363636363636363,corrupt,9,answer_mask,0.2803030303030303,hidden_target_logit_effect,33,strict,top_hidden_delta,0.48484848484848486,33,0.09090909090909091,1.0,hidden_lattice
0.7954545454545454,0.12878787878787878,corrupt,9,shifted_mask,0.4621212121212121,hidden_target_logit_effect,33,strict,top_hidden_delta,0.6666666666666666,33,0.2727272727272727,1.0,hidden_lattice
0.44696969696969696,-0.13636363636363635,corrupt,9,shuffled_mask,0.16666666666666666,hidden_target_logit_effect,33,strict,top_hidden_delta,0.48484848484848486,33,0.06060606060606061,1.0,hidden_lattice
0.4393939393939394,-0.45454545454545453,corrupt,9,union_mask,0.007575757575757576,hidden_target_logit_effect,33,strict,top_hidden_delta,0.45454545454545453,33,0.09090909090909091,1.0,hidden_lattice
12.056818181818182,3.4204545454545454,corrupt,9,answer_mask,7.71969696969697,hidden_target_logit_effect,33,strict,visual+answer,0.7272727272727273,33,329.57575757575756,1.0,hidden_lattice
7.465909090909091,1.2992424242424243,corrupt,9,shifted_mask,4.143939393939394,hidden_target_logit_effect,33,strict,visual+answer,0.6363636363636364,33,83.63636363636364,1.0,hidden_lattice
6.992424242424242,1.6401515151515151,corrupt,9,shuffled_mask,4.090909090909091,hidden_target_logit_effect,33,strict,visual+answer,0.6666666666666666,33,54.878787878787875,1.0,hidden_lattice
12.467803030303031,4.5606060606060606,corrupt,9,union_mask,8.488636363636363,hidden_target_logit_effect,33,strict,visual+answer,0.7878787878787878,33,168.21212121212122,1.0,hidden_lattice
11.905303030303031,3.3125,corrupt,9,answer_mask,7.571969696969697,hidden_target_logit_effect,33,strict,visual_span,0.696969696969697,33,344.8181818181818,1.0,hidden_lattice
7.670454545454546,1.6174242424242424,corrupt,9,shifted_mask,4.420454545454546,hidden_target_logit_effect,33,strict,visual_span,0.6666666666666666,33,82.0909090909091,1.0,hidden_lattice
7.075757575757576,1.8257575757575757,corrupt,9,shuffled_mask,4.238636363636363,hidden_target_logit_effect,33,strict,visual_span,0.6060606060606061,33,44.54545454545455,1.0,hidden_lattice
12.448863636363637,4.172348484848484,corrupt,9,union_mask,8.24810606060606,hidden_target_logit_effect,33,strict,visual_span,0.7575757575757576,33,185.27272727272728,1.0,hidden_lattice
1.2708333333333333,-0.6382575757575758,restore,9,answer_mask,0.15151515151515152,hidden_target_logit_effect,33,strict,answer_adjacent,0.3333333333333333,33,-46.18181818181818,1.0,hidden_lattice
0.045454545454545456,-0.375,restore,9,shifted_mask,-0.1590909090909091,hidden_target_logit_effect,33,strict,answer_adjacent,0.2727272727272727,33,-23.09090909090909,1.0,hidden_lattice
0.23106060606060605,-0.2689393939393939,restore,9,shuffled_mask,-0.026515151515151516,hidden_target_logit_effect,33,strict,answer_adjacent,0.42424242424242425,33,4.757575757575758,1.0,hidden_lattice
2.0208333333333335,-0.6950757575757576,restore,9,union_mask,0.35795454545454547,hidden_target_logit_effect,33,strict,answer_adjacent,0.3939393939393939,33,-45.03030303030303,1.0,hidden_lattice
11.035984848484848,3.015151515151515,restore,9,answer_mask,7.035984848484849,hidden_target_logit_effect,33,strict,top_hidden_delta,0.6666666666666666,33,648.3333333333334,1.0,hidden_lattice
6.428030303030303,0.4734848484848485,restore,9,shifted_mask,3.128787878787879,hidden_target_logit_effect,33,strict,top_hidden_delta,0.5151515151515151,33,136.0,1.0,hidden_lattice
6.587121212121212,1.6742424242424243,restore,9,shuffled_mask,3.9507575757575757,hidden_target_logit_effect,33,strict,top_hidden_delta,0.6666666666666666,33,40.878787878787875,1.0,hidden_lattice
10.708333333333334,2.7954545454545454,restore,9,union_mask,6.700757575757576,hidden_target_logit_effect,33,strict,top_hidden_delta,0.696969696969697,33,679.8484848484849,1.0,hidden_lattice
12.852272727272727,4.306818181818182,restore,9,answer_mask,8.664772727272727,hidden_target_logit_effect,33,strict,visual+answer,0.7272727272727273,33,648.1818181818181,1.0,hidden_lattice
7.545454545454546,1.0833333333333333,restore,9,shifted_mask,4.113636363636363,hidden_target_logit_effect,33,strict,visual+answer,0.6060606060606061,33,137.33333333333334,1.0,hidden_lattice
7.795454545454546,2.4318181818181817,restore,9,shuffled_mask,4.984848484848484,hidden_target_logit_effect,33,strict,visual+answer,0.5757575757575758,33,42.84848484848485,1.0,hidden_lattice
14.018939393939394,5.071969696969697,restore,9,union_mask,9.68560606060606,hidden_target_logit_effect,33,strict,visual+answer,0.7272727272727273,33,683.4545454545455,1.0,hidden_lattice
12.785984848484848,4.454545454545454,restore,9,answer_mask,8.702651515151516,hidden_target_logit_effect,33,strict,visual_span,0.696969696969697,33,647.939393939394,1.0,hidden_lattice
7.958333333333333,1.2840909090909092,restore,9,shifted_mask,4.378787878787879,hidden_target_logit_effect,33,strict,visual_span,0.6060606060606061,33,137.4848484848485,1.0,hidden_lattice
7.863636363636363,2.5795454545454546,restore,9,shuffled_mask,5.0227272727272725,hidden_target_logit_effect,33,strict,visual_span,0.6666666666666666,33,43.15151515151515,1.0,hidden_lattice
14.125,5.174242424242424,restore,9,union_mask,9.768939393939394,hidden_target_logit_effect,33,strict,visual_span,0.7575757575757576,33,683.030303030303,1.0,hidden_lattice
-0.007575757575757576,-1.0075757575757576,corrupt,10,answer_mask,-0.49242424242424243,hidden_target_logit_effect,33,strict,answer_adjacent,0.36363636363636365,33,-0.030303030303030304,1.0,hidden_lattice
0.015151515151515152,-0.803030303030303,corrupt,10,shifted_mask,-0.3560606060606061,hidden_target_logit_effect,33,strict,answer_adjacent,0.42424242424242425,33,-0.24242424242424243,1.0,hidden_lattice
-0.14393939393939395,-0.9621212121212122,corrupt,10,shuffled_mask,-0.5151515151515151,hidden_target_logit_effect,33,strict,answer_adjacent,0.24242424242424243,33,-0.3333333333333333,1.0,hidden_lattice
-0.06060606060606061,-1.0227272727272727,corrupt,10,union_mask,-0.5378787878787878,hidden_target_logit_effect,33,strict,answer_adjacent,0.30303030303030304,33,0.18181818181818182,1.0,hidden_lattice
0.3333333333333333,-0.20454545454545456,corrupt,10,answer_mask,0.05303030303030303,hidden_target_logit_effect,33,strict,top_hidden_delta,0.48484848484848486,33,0.36363636363636365,1.0,hidden_lattice
0.6439393939393939,0.19696969696969696,corrupt,10,shifted_mask,0.42424242424242425,hidden_target_logit_effect,33,strict,top_hidden_delta,0.6363636363636364,33,0.36363636363636365,1.0,hidden_lattice
0.4696969696969697,-0.1590909090909091,corrupt,10,shuffled_mask,0.1590909090909091,hidden_target_logit_effect,33,strict,top_hidden_delta,0.5151515151515151,33,0.0,1.0,hidden_lattice
0.6287878787878788,-0.2196969696969697,corrupt,10,union_mask,0.20454545454545456,hidden_target_logit_effect,33,strict,top_hidden_delta,0.5454545454545454,33,0.42424242424242425,1.0,hidden_lattice
12.484848484848484,3.375,corrupt,10,answer_mask,7.820075757575758,hidden_target_logit_effect,33,strict,visual+answer,0.7272727272727273,33,466.030303030303,1.0,hidden_lattice
7.53030303030303,1.5151515151515151,corrupt,10,shifted_mask,4.3106060606060606,hidden_target_logit_effect,33,strict,visual+answer,0.6666666666666666,33,76.48484848484848,1.0,hidden_lattice
6.863636363636363,1.6098484848484849,corrupt,10,shuffled_mask,4.034090909090909,hidden_target_logit_effect,33,strict,visual+answer,0.6666666666666666,33,54.21212121212121,1.0,hidden_lattice
13.134469696969697,4.759469696969697,corrupt,10,union_mask,8.893939393939394,hidden_target_logit_effect,33,strict,visual+answer,0.7878787878787878,33,285.8787878787879,1.0,hidden_lattice
12.356060606060606,3.340909090909091,corrupt,10,answer_mask,7.698863636363637,hidden_target_logit_effect,33,strict,visual_span,0.696969696969697,33,517.6060606060606,1.0,hidden_lattice
7.693181818181818,1.6174242424242424,corrupt,10,shifted_mask,4.4356060606060606,hidden_target_logit_effect,33,strict,visual_span,0.696969696969697,33,88.0,1.0,hidden_lattice
7.106060606060606,1.8333333333333333,corrupt,10,shuffled_mask,4.291666666666667,hidden_target_logit_effect,33,strict,visual_span,0.5757575757575758,33,45.39393939393939,1.0,hidden_lattice
13.026515151515152,4.229166666666667,corrupt,10,union_mask,8.549242424242424,hidden_target_logit_effect,33,strict,visual_span,0.7575757575757576,33,323.45454545454544,1.0,hidden_lattice
1.0075757575757576,-0.7765151515151515,restore,10,answer_mask,-0.07575757575757576,hidden_target_logit_effect,33,strict,answer_adjacent,0.30303030303030304,33,-211.93939393939394,1.0,hidden_lattice
0.041666666666666664,-0.4053030303030303,restore,10,shifted_mask,-0.17992424242424243,hidden_target_logit_effect,33,strict,answer_adjacent,0.3333333333333333,33,-33.24242424242424,1.0,hidden_lattice
0.17045454545454544,-0.3522727272727273,restore,10,shuffled_mask,-0.07954545454545454,hidden_target_logit_effect,33,strict,answer_adjacent,0.36363636363636365,33,1.7272727272727273,1.0,hidden_lattice
1.8257575757575757,-0.678030303030303,restore,10,union_mask,0.2878787878787879,hidden_target_logit_effect,33,strict,answer_adjacent,0.3333333333333333,33,-217.96969696969697,1.0,hidden_lattice
10.392045454545455,2.971590909090909,restore,10,answer_mask,6.577651515151516,hidden_target_logit_effect,33,strict,top_hidden_delta,0.6666666666666666,33,646.939393939394,1.0,hidden_lattice
6.606060606060606,0.6212121212121212,restore,10,shifted_mask,3.25,hidden_target_logit_effect,33,strict,top_hidden_delta,0.6060606060606061,33,136.8181818181818,1.0,hidden_lattice
6.825757575757576,1.856060606060606,restore,10,shuffled_mask,4.174242424242424,hidden_target_logit_effect,33,strict,top_hidden_delta,0.7272727272727273,33,41.878787878787875,1.0,hidden_lattice
11.522727272727273,3.0984848484848486,restore,10,union_mask,7.3143939393939394,hidden_target_logit_effect,33,strict,top_hidden_delta,0.696969696969697,33,679.1818181818181,1.0,hidden_lattice
14.160984848484848,4.3143939393939394,restore,10,answer_mask,9.164772727272727,hidden_target_logit_effect,33,strict,visual+answer,0.7272727272727273,33,650.060606060606,1.0,hidden_lattice
7.284090909090909,1.178030303030303,restore,10,shifted_mask,4.0227272727272725,hidden_target_logit_effect,33,strict,visual+answer,0.6666666666666666,33,137.3939393939394,1.0,hidden_lattice
7.731060606060606,2.734848484848485,restore,10,shuffled_mask,5.083333333333333,hidden_target_logit_effect,33,strict,visual+answer,0.6363636363636364,33,42.96969696969697,1.0,hidden_lattice
15.083333333333334,4.984848484848484,restore,10,union_mask,10.132575757575758,hidden_target_logit_effect,33,strict,visual+answer,0.7272727272727273,33,685.7575757575758,1.0,hidden_lattice
14.109848484848484,4.331439393939394,restore,10,answer_mask,9.142045454545455,hidden_target_logit_effect,33,strict,visual_span,0.696969696969697,33,649.8181818181819,1.0,hidden_lattice
7.492424242424242,1.2840909090909092,restore,10,shifted_mask,4.143939393939394,hidden_target_logit_effect,33,strict,visual_span,0.6363636363636364,33,137.24242424242425,1.0,hidden_lattice
7.568181818181818,2.662878787878788,restore,10,shuffled_mask,4.954545454545454,hidden_target_logit_effect,33,strict,visual_span,0.6363636363636364,33,43.0,1.0,hidden_lattice
15.227272727272727,5.090909090909091,restore,10,union_mask,10.246212121212121,hidden_target_logit_effect,33,strict,visual_span,0.7575757575757576,33,685.4848484848485,1.0,hidden_lattice
-0.045454545454545456,-1.3257575757575757,corrupt,11,answer_mask,-0.6439393939393939,hidden_target_logit_effect,33,strict,answer_adjacent,0.36363636363636365,33,0.21212121212121213,1.0,hidden_lattice
0.20454545454545456,-0.7121212121212122,corrupt,11,shifted_mask,-0.22727272727272727,hidden_target_logit_effect,33,strict,answer_adjacent,0.42424242424242425,33,0.030303030303030304,1.0,hidden_lattice
0.20454545454545456,-0.49242424242424243,corrupt,11,shuffled_mask,-0.14393939393939395,hidden_target_logit_effect,33,strict,answer_adjacent,0.45454545454545453,33,-0.06060606060606061,1.0,hidden_lattice
-0.045454545454545456,-1.2575757575757576,corrupt,11,union_mask,-0.5984848484848485,hidden_target_logit_effect,33,strict,answer_adjacent,0.3333333333333333,33,0.30303030303030304,1.0,hidden_lattice
0.5757575757575758,0.022727272727272728,corrupt,11,answer_mask,0.29545454545454547,hidden_target_logit_effect,33,strict,top_hidden_delta,0.48484848484848486,33,0.15151515151515152,1.0,hidden_lattice
0.3484848484848485,-0.20454545454545456,corrupt,11,shifted_mask,0.07575757575757576,hidden_target_logit_effect,33,strict,top_hidden_delta,0.5454545454545454,33,0.15151515151515152,1.0,hidden_lattice
0.36363636363636365,-0.17424242424242425,corrupt,11,shuffled_mask,0.09848484848484848,hidden_target_logit_effect,33,strict,top_hidden_delta,0.5454545454545454,33,0.0,1.0,hidden_lattice
0.6818181818181818,-0.12121212121212122,corrupt,11,union_mask,0.2878787878787879,hidden_target_logit_effect,33,strict,top_hidden_delta,0.6060606060606061,33,0.06060606060606061,1.0,hidden_lattice
12.344696969696969,3.253787878787879,corrupt,11,answer_mask,7.5606060606060606,hidden_target_logit_effect,33,strict,visual+answer,0.7878787878787878,33,752.2727272727273,1.0,hidden_lattice
6.840909090909091,0.9810606060606061,corrupt,11,shifted_mask,3.7196969696969697,hidden_target_logit_effect,33,strict,visual+answer,0.6060606060606061,33,49.18181818181818,1.0,hidden_lattice
7.257575757575758,1.6136363636363635,corrupt,11,shuffled_mask,4.223484848484849,hidden_target_logit_effect,33,strict,visual+answer,0.6363636363636364,33,87.81818181818181,1.0,hidden_lattice
12.946969696969697,4.454545454545454,corrupt,11,union_mask,8.515151515151516,hidden_target_logit_effect,33,strict,visual+answer,0.7878787878787878,33,418.3939393939394,1.0,hidden_lattice
12.159090909090908,3.1742424242424243,corrupt,11,answer_mask,7.482954545454546,hidden_target_logit_effect,33,strict,visual_span,0.6666666666666666,33,739.7575757575758,1.0,hidden_lattice
7.09469696969697,1.3409090909090908,corrupt,11,shifted_mask,3.992424242424242,hidden_target_logit_effect,33,strict,visual_span,0.6060606060606061,33,43.84848484848485,1.0,hidden_lattice
7.738636363636363,2.159090909090909,corrupt,11,shuffled_mask,4.7727272727272725,hidden_target_logit_effect,33,strict,visual_span,0.6363636363636364,33,81.06060606060606,1.0,hidden_lattice
12.613636363636363,3.784090909090909,corrupt,11,union_mask,8.049242424242424,hidden_target_logit_effect,33,strict,visual_span,0.7272727272727273,33,352.1818181818182,1.0,hidden_lattice
1.1950757575757576,-0.7935606060606061,restore,11,answer_mask,0.04734848484848485,hidden_target_logit_effect,33,strict,answer_adjacent,0.45454545454545453,33,206.66666666666666,1.0,hidden_lattice
0.08712121212121213,-0.45454545454545453,restore,11,shifted_mask,-0.18181818181818182,hidden_target_logit_effect,33,strict,answer_adjacent,0.36363636363636365,33,-48.39393939393939,1.0,hidden_lattice
0.09848484848484848,-0.553030303030303,restore,11,shuffled_mask,-0.21212121212121213,hidden_target_logit_effect,33,strict,answer_adjacent,0.3939393939393939,33,-0.6060606060606061,1.0,hidden_lattice
2.0643939393939394,-0.625,restore,11,union_mask,0.4772727272727273,hidden_target_logit_effect,33,strict,answer_adjacent,0.48484848484848486,33,209.54545454545453,1.0,hidden_lattice
9.356060606060606,2.159090909090909,restore,11,answer_mask,5.679924242424242,hidden_target_logit_effect,33,strict,top_hidden_delta,0.6363636363636364,33,635.9090909090909,1.0,hidden_lattice
6.6893939393939394,1.178030303030303,restore,11,shifted_mask,3.5833333333333335,hidden_target_logit_effect,33,strict,top_hidden_delta,0.7575757575757576,33,136.45454545454547,1.0,hidden_lattice
5.284090909090909,1.018939393939394,restore,11,shuffled_mask,3.003787878787879,hidden_target_logit_effect,33,strict,top_hidden_delta,0.5757575757575758,33,38.121212121212125,1.0,hidden_lattice
9.848484848484848,2.143939393939394,restore,11,union_mask,5.909090909090909,hidden_target_logit_effect,33,strict,top_hidden_delta,0.7878787878787878,33,651.3636363636364,1.0,hidden_lattice
13.013257575757576,3.897727272727273,restore,11,answer_mask,8.490530303030303,hidden_target_logit_effect,33,strict,visual+answer,0.696969696969697,33,650.030303030303,1.0,hidden_lattice
7.428030303030303,1.3522727272727273,restore,11,shifted_mask,4.1893939393939394,hidden_target_logit_effect,33,strict,visual+answer,0.6666666666666666,33,137.21212121212122,1.0,hidden_lattice
7.579545454545454,2.428030303030303,restore,11,shuffled_mask,4.856060606060606,hidden_target_logit_effect,33,strict,visual+answer,0.6666666666666666,33,42.90909090909091,1.0,hidden_lattice
14.299242424242424,4.545454545454546,restore,11,union_mask,9.56439393939394,hidden_target_logit_effect,33,strict,visual+answer,0.7575757575757576,33,685.4848484848485,1.0,hidden_lattice
12.526515151515152,3.7178030303030303,restore,11,answer_mask,8.070075757575758,hidden_target_logit_effect,33,strict,visual_span,0.696969696969697,33,648.9090909090909,1.0,hidden_lattice
7.651515151515151,1.4431818181818181,restore,11,shifted_mask,4.261363636363637,hidden_target_logit_effect,33,strict,visual_span,0.6363636363636364,33,136.93939393939394,1.0,hidden_lattice
7.246212121212121,2.3068181818181817,restore,11,shuffled_mask,4.5643939393939394,hidden_target_logit_effect,33,strict,visual_span,0.6666666666666666,33,42.54545454545455,1.0,hidden_lattice
13.93560606060606,4.518939393939394,restore,11,union_mask,9.348484848484848,hidden_target_logit_effect,33,strict,visual_span,0.7575757575757576,33,684.4545454545455,1.0,hidden_lattice
0.5303030303030303,-0.9924242424242424,corrupt,12,answer_mask,-0.16666666666666666,hidden_target_logit_effect,33,strict,answer_adjacent,0.6060606060606061,33,0.3939393939393939,1.0,hidden_lattice
0.30303030303030304,-0.49242424242424243,corrupt,12,shifted_mask,-0.09090909090909091,hidden_target_logit_effect,33,strict,answer_adjacent,0.5151515151515151,33,0.21212121212121213,1.0,hidden_lattice
0.4166666666666667,-0.36363636363636365,corrupt,12,shuffled_mask,0.030303030303030304,hidden_target_logit_effect,33,strict,answer_adjacent,0.5454545454545454,33,-0.06060606060606061,1.0,hidden_lattice
0.4393939393939394,-1.0151515151515151,corrupt,12,union_mask,-0.24242424242424243,hidden_target_logit_effect,33,strict,answer_adjacent,0.48484848484848486,33,0.45454545454545453,1.0,hidden_lattice
0.3333333333333333,-0.21212121212121213,corrupt,12,answer_mask,0.06060606060606061,hidden_target_logit_effect,33,strict,top_hidden_delta,0.5454545454545454,33,0.30303030303030304,1.0,hidden_lattice
0.18181818181818182,-0.5606060606060606,corrupt,12,shifted_mask,-0.16666666666666666,hidden_target_logit_effect,33,strict,top_hidden_delta,0.36363636363636365,33,0.12121212121212122,1.0,hidden_lattice
0.23484848484848486,-0.2878787878787879,corrupt,12,shuffled_mask,-0.022727272727272728,hidden_target_logit_effect,33,strict,top_hidden_delta,0.48484848484848486,33,0.12121212121212122,1.0,hidden_lattice
-0.03787878787878788,-0.5984848484848485,corrupt,12,union_mask,-0.3181818181818182,hidden_target_logit_effect,33,strict,top_hidden_delta,0.30303030303030304,33,0.06060606060606061,1.0,hidden_lattice
12.774621212121213,3.7481060606060606,corrupt,12,answer_mask,7.9914772727272725,hidden_target_logit_effect,33,strict,visual+answer,0.7575757575757576,33,850.6363636363636,1.0,hidden_lattice
5.265151515151516,0.4356060606060606,corrupt,12,shifted_mask,2.787878787878788,hidden_target_logit_effect,33,strict,visual+answer,0.6363636363636364,33,20.272727272727273,1.0,hidden_lattice
6.765151515151516,1.3863636363636365,corrupt,12,shuffled_mask,3.9507575757575757,hidden_target_logit_effect,33,strict,visual+answer,0.6363636363636364,33,80.15151515151516,1.0,hidden_lattice
12.334280303030303,4.027462121212121,corrupt,12,union_mask,8.008522727272727,hidden_target_logit_effect,33,strict,visual+answer,0.7575757575757576,33,469.3030303030303,1.0,hidden_lattice
12.642045454545455,3.5568181818181817,corrupt,12,answer_mask,7.920454545454546,hidden_target_logit_effect,33,strict,visual_span,0.7575757575757576,33,917.1212121212121,1.0,hidden_lattice
5.276515151515151,0.6856060606060606,corrupt,12,shifted_mask,2.856060606060606,hidden_target_logit_effect,33,strict,visual_span,0.696969696969697,33,19.060606060606062,1.0,hidden_lattice
7.128787878787879,1.6818181818181819,corrupt,12,shuffled_mask,4.25,hidden_target_logit_effect,33,strict,visual_span,0.6666666666666666,33,92.87878787878788,1.0,hidden_lattice
12.170454545454545,3.5625,corrupt,12,union_mask,7.787878787878788,hidden_target_logit_effect,33,strict,visual_span,0.6666666666666666,33,509.3939393939394,1.0,hidden_lattice
1.3721590909090908,-0.7348484848484849,restore,12,answer_mask,0.19223484848484848,hidden_target_logit_effect,33,strict,answer_adjacent,0.36363636363636365,33,-12.545454545454545,1.0,hidden_lattice
0.3446969696969697,-0.4015151515151515,restore,12,shifted_mask,-0.032196969696969696,hidden_target_logit_effect,33,strict,answer_adjacent,0.42424242424242425,33,-74.81818181818181,1.0,hidden_lattice
0.23106060606060605,-0.5340909090909091,restore,12,shuffled_mask,-0.14772727272727273,hidden_target_logit_effect,33,strict,answer_adjacent,0.45454545454545453,33,-10.303030303030303,1.0,hidden_lattice
2.206439393939394,-0.5331439393939394,restore,12,union_mask,0.5918560606060606,hidden_target_logit_effect,33,strict,answer_adjacent,0.48484848484848486,33,-29.272727272727273,1.0,hidden_lattice
8.628787878787879,2.4356060606060606,restore,12,answer_mask,5.386363636363637,hidden_target_logit_effect,33,strict,top_hidden_delta,0.6666666666666666,33,605.8484848484849,1.0,hidden_lattice
4.25,0.20075757575757575,restore,12,shifted_mask,2.022727272727273,hidden_target_logit_effect,33,strict,top_hidden_delta,0.6060606060606061,33,133.75757575757575,1.0,hidden_lattice
4.246212121212121,0.6893939393939394,restore,12,shuffled_mask,2.3446969696969697,hidden_target_logit_effect,33,strict,top_hidden_delta,0.5454545454545454,33,35.696969696969695,1.0,hidden_lattice
9.621212121212121,2.662878787878788,restore,12,union_mask,6.011363636363637,hidden_target_logit_effect,33,strict,top_hidden_delta,0.5757575757575758,33,611.1818181818181,1.0,hidden_lattice
12.221590909090908,2.9053030303030303,restore,12,answer_mask,7.528409090909091,hidden_target_logit_effect,33,strict,visual+answer,0.6363636363636364,33,650.0909090909091,1.0,hidden_lattice
6.045454545454546,0.4166666666666667,restore,12,shifted_mask,3.022727272727273,hidden_target_logit_effect,33,strict,visual+answer,0.6363636363636364,33,137.03030303030303,1.0,hidden_lattice
6.295454545454546,1.5340909090909092,restore,12,shuffled_mask,3.746212121212121,hidden_target_logit_effect,33,strict,visual+answer,0.6363636363636364,33,42.42424242424242,1.0,hidden_lattice
13.348484848484848,3.5113636363636362,restore,12,union_mask,8.481060606060606,hidden_target_logit_effect,33,strict,visual+answer,0.696969696969697,33,685.3939393939394,1.0,hidden_lattice
10.931818181818182,2.3484848484848486,restore,12,answer_mask,6.611742424242424,hidden_target_logit_effect,33,strict,visual_span,0.6666666666666666,33,649.1515151515151,1.0,hidden_lattice
6.390151515151516,0.6515151515151515,restore,12,shifted_mask,3.242424242424242,hidden_target_logit_effect,33,strict,visual_span,0.6363636363636364,33,136.6969696969697,1.0,hidden_lattice
6.356060606060606,1.8068181818181819,restore,12,shuffled_mask,3.8863636363636362,hidden_target_logit_effect,33,strict,visual_span,0.696969696969697,33,42.15151515151515,1.0,hidden_lattice
12.295454545454545,3.034090909090909,restore,12,union_mask,7.696969696969697,hidden_target_logit_effect,33,strict,visual_span,0.7272727272727273,33,684.3030303030303,1.0,hidden_lattice
0.48484848484848486,-0.9090909090909091,corrupt,13,answer_mask,-0.18181818181818182,hidden_target_logit_effect,33,strict,answer_adjacent,0.6060606060606061,33,0.3333333333333333,1.0,hidden_lattice
0.2196969696969697,-0.6439393939393939,corrupt,13,shifted_mask,-0.1893939393939394,hidden_target_logit_effect,33,strict,answer_adjacent,0.45454545454545453,33,0.12121212121212122,1.0,hidden_lattice
0.25,-0.5151515151515151,corrupt,13,shuffled_mask,-0.12121212121212122,hidden_target_logit_effect,33,strict,answer_adjacent,0.42424242424242425,33,-0.18181818181818182,1.0,hidden_lattice
0.7045454545454546,-0.8333333333333334,corrupt,13,union_mask,-0.09090909090909091,hidden_target_logit_effect,33,strict,answer_adjacent,0.42424242424242425,33,0.5757575757575758,1.0,hidden_lattice
0.3787878787878788,-0.3712121212121212,corrupt,13,answer_mask,0.022727272727272728,hidden_target_logit_effect,33,strict,top_hidden_delta,0.48484848484848486,33,0.18181818181818182,1.0,hidden_lattice
0.5606060606060606,-0.20454545454545456,corrupt,13,shifted_mask,0.1893939393939394,hidden_target_logit_effect,33,strict,top_hidden_delta,0.6060606060606061,33,0.3939393939393939,1.0,hidden_lattice
0.4696969696969697,-0.18181818181818182,corrupt,13,shuffled_mask,0.15151515151515152,hidden_target_logit_effect,33,strict,top_hidden_delta,0.48484848484848486,33,0.24242424242424243,1.0,hidden_lattice
0.5378787878787878,-0.19696969696969696,corrupt,13,union_mask,0.18181818181818182,hidden_target_logit_effect,33,strict,top_hidden_delta,0.5454545454545454,33,0.21212121212121213,1.0,hidden_lattice
13.09564393939394,4.197916666666667,corrupt,13,answer_mask,8.394886363636363,hidden_target_logit_effect,33,strict,visual+answer,0.8181818181818182,33,915.030303030303,1.0,hidden_lattice
5.193181818181818,0.75,corrupt,13,shifted_mask,2.859848484848485,hidden_target_logit_effect,33,strict,visual+answer,0.7272727272727273,33,17.333333333333332,1.0,hidden_lattice
7.087121212121212,1.6818181818181819,corrupt,13,shuffled_mask,4.196969696969697,hidden_target_logit_effect,33,strict,visual+answer,0.6060606060606061,33,104.12121212121212,1.0,hidden_lattice
12.967803030303031,4.7168560606060606,corrupt,13,union_mask,8.59564393939394,hidden_target_logit_effect,33,strict,visual+answer,0.7878787878787878,33,542.0909090909091,1.0,hidden_lattice
13.085227272727273,4.024621212121212,corrupt,13,answer_mask,8.357954545454545,hidden_target_logit_effect,33,strict,visual_span,0.8181818181818182,33,1047.121212121212,1.0,hidden_lattice
5.0643939393939394,0.7196969696969697,corrupt,13,shifted_mask,2.7765151515151514,hidden_target_logit_effect,33,strict,visual_span,0.7272727272727273,33,18.515151515151516,1.0,hidden_lattice
7.448863636363637,1.9848484848484849,corrupt,13,shuffled_mask,4.5852272727272725,hidden_target_logit_effect,33,strict,visual_span,0.7272727272727273,33,138.42424242424244,1.0,hidden_lattice
12.541666666666666,4.198863636363637,corrupt,13,union_mask,8.200757575757576,hidden_target_logit_effect,33,strict,visual_span,0.8181818181818182,33,625.7272727272727,1.0,hidden_lattice
1.6098484848484849,-0.4640151515151515,restore,13,answer_mask,0.45075757575757575,hidden_target_logit_effect,33,strict,answer_adjacent,0.5151515151515151,33,-66.60606060606061,1.0,hidden_lattice
0.5606060606060606,-0.3314393939393939,restore,13,shifted_mask,0.10037878787878787,hidden_target_logit_effect,33,strict,answer_adjacent,0.48484848484848486,33,-90.45454545454545,1.0,hidden_lattice
0.32575757575757575,-0.6098484848484849,restore,13,shuffled_mask,-0.14772727272727273,hidden_target_logit_effect,33,strict,answer_adjacent,0.36363636363636365,33,-6.090909090909091,1.0,hidden_lattice
2.3958333333333335,-0.4071969696969697,restore,13,union_mask,0.7386363636363636,hidden_target_logit_effect,33,strict,answer_adjacent,0.5757575757575758,33,-82.84848484848484,1.0,hidden_lattice
7.6647727272727275,2.1231060606060606,restore,13,answer_mask,4.6647727272727275,hidden_target_logit_effect,33,strict,top_hidden_delta,0.696969696969697,33,625.7272727272727,1.0,hidden_lattice
3.382575757575758,0.1553030303030303,restore,13,shifted_mask,1.571969696969697,hidden_target_logit_effect,33,strict,top_hidden_delta,0.5454545454545454,33,133.8181818181818,1.0,hidden_lattice
4.765151515151516,0.8257575757575758,restore,13,shuffled_mask,2.662878787878788,hidden_target_logit_effect,33,strict,top_hidden_delta,0.6060606060606061,33,35.75757575757576,1.0,hidden_lattice
7.553030303030303,0.5833333333333334,restore,13,union_mask,3.897727272727273,hidden_target_logit_effect,33,strict,top_hidden_delta,0.6060606060606061,33,635.4242424242424,1.0,hidden_lattice
12.155303030303031,3.172348484848485,restore,13,answer_mask,7.6268939393939394,hidden_target_logit_effect,33,strict,visual+answer,0.6363636363636364,33,650.060606060606,1.0,hidden_lattice
6.3522727272727275,0.7878787878787878,restore,13,shifted_mask,3.359848484848485,hidden_target_logit_effect,33,strict,visual+answer,0.6666666666666666,33,137.27272727272728,1.0,hidden_lattice
6.768939393939394,1.6818181818181819,restore,13,shuffled_mask,4.0606060606060606,hidden_target_logit_effect,33,strict,visual+answer,0.6666666666666666,33,41.18181818181818,1.0,hidden_lattice
13.5,3.893939393939394,restore,13,union_mask,8.738636363636363,hidden_target_logit_effect,33,strict,visual+answer,0.696969696969697,33,685.6363636363636,1.0,hidden_lattice
10.573863636363637,2.340909090909091,restore,13,answer_mask,6.380681818181818,hidden_target_logit_effect,33,strict,visual_span,0.6363636363636364,33,649.2727272727273,1.0,hidden_lattice
6.287878787878788,0.7007575757575758,restore,13,shifted_mask,3.215909090909091,hidden_target_logit_effect,33,strict,visual_span,0.6666666666666666,33,136.8181818181818,1.0,hidden_lattice
6.428030303030303,1.8674242424242424,restore,13,shuffled_mask,3.9545454545454546,hidden_target_logit_effect,33,strict,visual_span,0.696969696969697,33,41.21212121212121,1.0,hidden_lattice
11.681818181818182,2.7196969696969697,restore,13,union_mask,7.25,hidden_target_logit_effect,33,strict,visual_span,0.7272727272727273,33,683.8484848484849,1.0,hidden_lattice
0.75,-1.1136363636363635,corrupt,14,answer_mask,-0.1590909090909091,hidden_target_logit_effect,33,strict,answer_adjacent,0.45454545454545453,33,0.45454545454545453,1.0,hidden_lattice
0.16666666666666666,-1.106060606060606,corrupt,14,shifted_mask,-0.4318181818181818,hidden_target_logit_effect,33,strict,answer_adjacent,0.42424242424242425,33,0.0,1.0,hidden_lattice
0.09090909090909091,-0.7272727272727273,corrupt,14,shuffled_mask,-0.3106060606060606,hidden_target_logit_effect,33,strict,answer_adjacent,0.36363636363636365,33,-0.24242424242424243,1.0,hidden_lattice
0.8863636363636364,-1.1666666666666667,corrupt,14,union_mask,-0.12121212121212122,hidden_target_logit_effect,33,strict,answer_adjacent,0.3939393939393939,33,0.7878787878787878,1.0,hidden_lattice
-0.015151515151515152,-0.6212121212121212,corrupt,14,answer_mask,-0.3106060606060606,hidden_target_logit_effect,33,strict,top_hidden_delta,0.30303030303030304,33,0.18181818181818182,1.0,hidden_lattice
0.45454545454545453,-0.30303030303030304,corrupt,14,shifted_mask,0.09848484848484848,hidden_target_logit_effect,33,strict,top_hidden_delta,0.5757575757575758,33,0.24242424242424243,1.0,hidden_lattice
0.29545454545454547,-0.3484848484848485,corrupt,14,shuffled_mask,-0.030303030303030304,hidden_target_logit_effect,33,strict,top_hidden_delta,0.42424242424242425,33,0.12121212121212122,1.0,hidden_lattice
0.26515151515151514,-0.44696969696969696,corrupt,14,union_mask,-0.09090909090909091,hidden_target_logit_effect,33,strict,top_hidden_delta,0.42424242424242425,33,0.09090909090909091,1.0,hidden_lattice
12.573863636363637,3.8882575757575757,corrupt,14,answer_mask,8.090909090909092,hidden_target_logit_effect,33,strict,visual+answer,0.7272727272727273,33,672.0,1.0,hidden_lattice
4.78030303030303,0.6401515151515151,corrupt,14,shifted_mask,2.5946969696969697,hidden_target_logit_effect,33,strict,visual+answer,0.6363636363636364,33,12.333333333333334,1.0,hidden_lattice
6.121212121212121,1.2992424242424243,corrupt,14,shuffled_mask,3.587121212121212,hidden_target_logit_effect,33,strict,visual+answer,0.5757575757575758,33,67.60606060606061,1.0,hidden_lattice
12.06439393939394,4.166666666666667,corrupt,14,union_mask,7.9393939393939394,hidden_target_logit_effect,33,strict,visual+answer,0.7878787878787878,33,324.969696969697,1.0,hidden_lattice
12.672348484848484,4.068181818181818,corrupt,14,answer_mask,8.164772727272727,hidden_target_logit_effect,33,strict,visual_span,0.7878787878787878,33,746.1212121212121,1.0,hidden_lattice
4.738636363636363,0.6856060606060606,corrupt,14,shifted_mask,2.590909090909091,hidden_target_logit_effect,33,strict,visual_span,0.7272727272727273,33,15.090909090909092,1.0,hidden_lattice
6.390151515151516,1.428030303030303,corrupt,14,shuffled_mask,3.731060606060606,hidden_target_logit_effect,33,strict,visual_span,0.6666666666666666,33,108.18181818181819,1.0,hidden_lattice
12.1875,4.390151515151516,corrupt,14,union_mask,8.115530303030303,hidden_target_logit_effect,33,strict,visual_span,0.7878787878787878,33,335.3333333333333,1.0,hidden_lattice
2.063683712121212,-0.1484375,restore,14,answer_mask,0.8515625,hidden_target_logit_effect,33,strict,answer_adjacent,0.3939393939393939,33,-673.6666666666666,1.0,hidden_lattice
1.2840909090909092,-0.10227272727272728,restore,14,shifted_mask,0.5454545454545454,hidden_target_logit_effect,33,strict,answer_adjacent,0.42424242424242425,33,-81.36363636363636,1.0,hidden_lattice
1.125,-0.16287878787878787,restore,14,shuffled_mask,0.45075757575757575,hidden_target_logit_effect,33,strict,answer_adjacent,0.48484848484848486,33,1.696969696969697,1.0,hidden_lattice
2.6515151515151514,-0.3896780303030303,restore,14,union_mask,0.8667140151515151,hidden_target_logit_effect,33,strict,answer_adjacent,0.45454545454545453,33,-674.0,1.0,hidden_lattice
8.083333333333334,2.3333333333333335,restore,14,answer_mask,4.924242424242424,hidden_target_logit_effect,33,strict,top_hidden_delta,0.6666666666666666,33,627.030303030303,1.0,hidden_lattice
5.246212121212121,0.4166666666666667,restore,14,shifted_mask,2.5795454545454546,hidden_target_logit_effect,33,strict,top_hidden_delta,0.5757575757575758,33,136.06060606060606,1.0,hidden_lattice
3.303030303030303,0.3409090909090909,restore,14,shuffled_mask,1.6590909090909092,hidden_target_logit_effect,33,strict,top_hidden_delta,0.6060606060606061,33,35.60606060606061,1.0,hidden_lattice
8.530303030303031,1.4545454545454546,restore,14,union_mask,4.867424242424242,hidden_target_logit_effect,33,strict,top_hidden_delta,0.6363636363636364,33,648.7878787878788,1.0,hidden_lattice
12.852272727272727,3.4356060606060606,restore,14,answer_mask,8.035984848484848,hidden_target_logit_effect,33,strict,visual+answer,0.6666666666666666,33,650.7878787878788,1.0,hidden_lattice
6.496212121212121,0.75,restore,14,shifted_mask,3.378787878787879,hidden_target_logit_effect,33,strict,visual+answer,0.6060606060606061,33,137.33333333333334,1.0,hidden_lattice
6.962121212121212,1.6590909090909092,restore,14,shuffled_mask,4.151515151515151,hidden_target_logit_effect,33,strict,visual+answer,0.6060606060606061,33,40.78787878787879,1.0,hidden_lattice
14.011363636363637,4.09469696969697,restore,14,union_mask,9.056818181818182,hidden_target_logit_effect,33,strict,visual+answer,0.696969696969697,33,686.1515151515151,1.0,hidden_lattice
11.348484848484848,2.668560606060606,restore,14,answer_mask,6.952651515151516,hidden_target_logit_effect,33,strict,visual_span,0.6363636363636364,33,650.0909090909091,1.0,hidden_lattice
6.276515151515151,0.7196969696969697,restore,14,shifted_mask,3.234848484848485,hidden_target_logit_effect,33,strict,visual_span,0.696969696969697,33,136.57575757575756,1.0,hidden_lattice
6.473484848484849,1.7916666666666667,restore,14,shuffled_mask,3.9431818181818183,hidden_target_logit_effect,33,strict,visual_span,0.6363636363636364,33,40.666666666666664,1.0,hidden_lattice
12.420454545454545,3.140151515151515,restore,14,union_mask,7.837121212121212,hidden_target_logit_effect,33,strict,visual_span,0.7272727272727273,33,684.5757575757576,1.0,hidden_lattice
1.7727272727272727,0.12878787878787878,corrupt,15,answer_mask,0.9393939393939394,hidden_target_logit_effect,33,strict,answer_adjacent,0.6060606060606061,33,0.8484848484848485,1.0,hidden_lattice
0.8181818181818182,-0.3181818181818182,corrupt,15,shifted_mask,0.23484848484848486,hidden_target_logit_effect,33,strict,answer_adjacent,0.5151515151515151,33,0.3939393939393939,1.0,hidden_lattice
0.9015151515151515,-0.20454545454545456,corrupt,15,shuffled_mask,0.3409090909090909,hidden_target_logit_effect,33,strict,answer_adjacent,0.6060606060606061,33,0.09090909090909091,1.0,hidden_lattice
1.9848484848484849,-0.007575757575757576,corrupt,15,union_mask,0.9621212121212122,hidden_target_logit_effect,33,strict,answer_adjacent,0.5757575757575758,33,1.5454545454545454,1.0,hidden_lattice
0.20454545454545456,-0.5378787878787878,corrupt,15,answer_mask,-0.15151515151515152,hidden_target_logit_effect,33,strict,top_hidden_delta,0.42424242424242425,33,0.24242424242424243,1.0,hidden_lattice
0.25,-0.2803030303030303,corrupt,15,shifted_mask,0.0,hidden_target_logit_effect,33,strict,top_hidden_delta,0.48484848484848486,33,0.12121212121212122,1.0,hidden_lattice
0.5303030303030303,-0.10606060606060606,corrupt,15,shuffled_mask,0.1893939393939394,hidden_target_logit_effect,33,strict,top_hidden_delta,0.36363636363636365,33,0.06060606060606061,1.0,hidden_lattice
0.23484848484848486,-0.2727272727272727,corrupt,15,union_mask,-0.015151515151515152,hidden_target_logit_effect,33,strict,top_hidden_delta,0.3939393939393939,33,0.24242424242424243,1.0,hidden_lattice
11.125,3.5170454545454546,corrupt,15,answer_mask,7.125,hidden_target_logit_effect,33,strict,visual+answer,0.7878787878787878,33,378.90909090909093,1.0,hidden_lattice
4.613636363636363,0.8560606060606061,corrupt,15,shifted_mask,2.606060606060606,hidden_target_logit_effect,33,strict,visual+answer,0.696969696969697,33,8.363636363636363,1.0,hidden_lattice
4.791666666666667,0.5151515151515151,corrupt,15,shuffled_mask,2.4545454545454546,hidden_target_logit_effect,33,strict,visual+answer,0.5757575757575758,33,22.515151515151516,1.0,hidden_lattice
10.295454545454545,3.3295454545454546,corrupt,15,union_mask,6.662878787878788,hidden_target_logit_effect,33,strict,visual+answer,0.7575757575757576,33,126.54545454545455,1.0,hidden_lattice
11.433712121212121,3.7386363636363638,corrupt,15,answer_mask,7.4602272727272725,hidden_target_logit_effect,33,strict,visual_span,0.696969696969697,33,491.09090909090907,1.0,hidden_lattice
3.9242424242424243,0.3068181818181818,corrupt,15,shifted_mask,2.0416666666666665,hidden_target_logit_effect,33,strict,visual_span,0.6666666666666666,33,11.484848484848484,1.0,hidden_lattice
4.3977272727272725,0.003787878787878788,corrupt,15,shuffled_mask,2.007575757575758,hidden_target_logit_effect,33,strict,visual_span,0.6060606060606061,33,48.81818181818182,1.0,hidden_lattice
10.159090909090908,3.4356060606060606,corrupt,15,union_mask,6.659090909090909,hidden_target_logit_effect,33,strict,visual_span,0.7272727272727273,33,120.84848484848484,1.0,hidden_lattice
4.445549242424242,-0.6287878787878788,restore,15,answer_mask,1.7637310606060606,hidden_target_logit_effect,33,strict,answer_adjacent,0.5454545454545454,33,-429.24242424242425,1.0,hidden_lattice
1.75,-0.07196969696969698,restore,15,shifted_mask,0.8011363636363636,hidden_target_logit_effect,33,strict,answer_adjacent,0.45454545454545453,33,-66.75757575757575,1.0,hidden_lattice
4.079545454545454,0.5643939393939394,restore,15,shuffled_mask,2.140151515151515,hidden_target_logit_effect,33,strict,answer_adjacent,0.6363636363636364,33,7.787878787878788,1.0,hidden_lattice
4.491003787878788,-1.253787878787879,restore,15,union_mask,1.5269886363636365,hidden_target_logit_effect,33,strict,answer_adjacent,0.48484848484848486,33,-426.7878787878788,1.0,hidden_lattice
5.441287878787879,1.5075757575757576,restore,15,answer_mask,3.414772727272727,hidden_target_logit_effect,33,strict,top_hidden_delta,0.696969696969697,33,599.7575757575758,1.0,hidden_lattice
4.7727272727272725,0.49242424242424243,restore,15,shifted_mask,2.382575757575758,hidden_target_logit_effect,33,strict,top_hidden_delta,0.42424242424242425,33,136.12121212121212,1.0,hidden_lattice
3.3636363636363638,0.678030303030303,restore,15,shuffled_mask,1.875,hidden_target_logit_effect,33,strict,top_hidden_delta,0.7575757575757576,33,30.515151515151516,1.0,hidden_lattice
5.90530303030303,1.2784090909090908,restore,15,union_mask,3.5625,hidden_target_logit_effect,33,strict,top_hidden_delta,0.6363636363636364,33,579.6666666666666,1.0,hidden_lattice
13.676136363636363,4.121212121212121,restore,15,answer_mask,8.710227272727273,hidden_target_logit_effect,33,strict,visual+answer,0.6363636363636364,33,651.2121212121212,1.0,hidden_lattice
6.833333333333333,1.2045454545454546,restore,15,shifted_mask,3.803030303030303,hidden_target_logit_effect,33,strict,visual+answer,0.6363636363636364,33,137.66666666666666,1.0,hidden_lattice
7.837121212121212,2.5113636363636362,restore,15,shuffled_mask,4.984848484848484,hidden_target_logit_effect,33,strict,visual+answer,0.6666666666666666,33,43.24242424242424,1.0,hidden_lattice
14.632575757575758,4.723484848484849,restore,15,union_mask,9.594696969696969,hidden_target_logit_effect,33,strict,visual+answer,0.696969696969697,33,686.6060606060606,1.0,hidden_lattice
9.861742424242424,1.8541666666666667,restore,15,answer_mask,5.566287878787879,hidden_target_logit_effect,33,strict,visual_span,0.6666666666666666,33,638.1818181818181,1.0,hidden_lattice
5.8106060606060606,0.6856060606060606,restore,15,shifted_mask,3.0303030303030303,hidden_target_logit_effect,33,strict,visual_span,0.696969696969697,33,136.54545454545453,1.0,hidden_lattice
5.401515151515151,1.3977272727272727,restore,15,shuffled_mask,3.268939393939394,hidden_target_logit_effect,33,strict,visual_span,0.6666666666666666,33,38.42424242424242,1.0,hidden_lattice
10.628787878787879,2.25,restore,15,union_mask,6.28030303030303,hidden_target_logit_effect,33,strict,visual_span,0.7575757575757576,33,670.6363636363636,1.0,hidden_lattice
2.621212121212121,0.7045454545454546,corrupt,16,answer_mask,1.643939393939394,hidden_target_logit_effect,33,strict,answer_adjacent,0.6666666666666666,33,1.2121212121212122,1.0,hidden_lattice
1.6666666666666667,0.1893939393939394,corrupt,16,shifted_mask,0.9090909090909091,hidden_target_logit_effect,33,strict,answer_adjacent,0.5757575757575758,33,1.0,1.0,hidden_lattice
1.5454545454545454,-0.1893939393939394,corrupt,16,shuffled_mask,0.5984848484848485,hidden_target_logit_effect,33,strict,answer_adjacent,0.48484848484848486,33,0.2727272727272727,1.0,hidden_lattice
2.507575757575758,0.44696969696969696,corrupt,16,union_mask,1.4621212121212122,hidden_target_logit_effect,33,strict,answer_adjacent,0.6363636363636364,33,1.7272727272727273,1.0,hidden_lattice
0.1893939393939394,-0.48484848484848486,corrupt,16,answer_mask,-0.13636363636363635,hidden_target_logit_effect,33,strict,top_hidden_delta,0.45454545454545453,33,0.09090909090909091,1.0,hidden_lattice
0.2803030303030303,-0.25,corrupt,16,shifted_mask,0.022727272727272728,hidden_target_logit_effect,33,strict,top_hidden_delta,0.42424242424242425,33,0.30303030303030304,1.0,hidden_lattice
0.3409090909090909,-0.13636363636363635,corrupt,16,shuffled_mask,0.09848484848484848,hidden_target_logit_effect,33,strict,top_hidden_delta,0.3939393939393939,33,0.15151515151515152,1.0,hidden_lattice
0.2803030303030303,-0.16666666666666666,corrupt,16,union_mask,0.06060606060606061,hidden_target_logit_effect,33,strict,top_hidden_delta,0.48484848484848486,33,0.18181818181818182,1.0,hidden_lattice
11.231060606060606,3.740530303030303,corrupt,16,answer_mask,7.318181818181818,hidden_target_logit_effect,33,strict,visual+answer,0.8181818181818182,33,258.030303030303,1.0,hidden_lattice
5.075757575757576,1.1666666666666667,corrupt,16,shifted_mask,3.0113636363636362,hidden_target_logit_effect,33,strict,visual+answer,0.7272727272727273,33,8.212121212121213,1.0,hidden_lattice
4.931818181818182,0.8068181818181818,corrupt,16,shuffled_mask,2.7083333333333335,hidden_target_logit_effect,33,strict,visual+answer,0.6060606060606061,33,12.484848484848484,1.0,hidden_lattice
10.392045454545455,3.446969696969697,corrupt,16,union_mask,6.831439393939394,hidden_target_logit_effect,33,strict,visual+answer,0.7575757575757576,33,109.75757575757575,1.0,hidden_lattice
11.005681818181818,3.8106060606060606,corrupt,16,answer_mask,7.2481060606060606,hidden_target_logit_effect,33,strict,visual_span,0.7878787878787878,33,258.030303030303,1.0,hidden_lattice
4.011363636363637,0.5833333333333334,corrupt,16,shifted_mask,2.1704545454545454,hidden_target_logit_effect,33,strict,visual_span,0.7272727272727273,33,12.181818181818182,1.0,hidden_lattice
4.098484848484849,0.2803030303030303,corrupt,16,shuffled_mask,1.9924242424242424,hidden_target_logit_effect,33,strict,visual_span,0.6060606060606061,33,30.484848484848484,1.0,hidden_lattice
10.030303030303031,3.6742424242424243,corrupt,16,union_mask,6.712121212121212,hidden_target_logit_effect,33,strict,visual_span,0.8787878787878788,33,87.15151515151516,1.0,hidden_lattice
4.9147727272727275,-0.6950757575757576,restore,16,answer_mask,1.9545454545454546,hidden_target_logit_effect,33,strict,answer_adjacent,0.6060606060606061,33,450.6666666666667,1.0,hidden_lattice
1.8674242424242424,-0.375,restore,16,shifted_mask,0.7386363636363636,hidden_target_logit_effect,33,strict,answer_adjacent,0.5454545454545454,33,-235.9090909090909,1.0,hidden_lattice
4.367424242424242,0.3333333333333333,restore,16,shuffled_mask,2.1553030303030303,hidden_target_logit_effect,33,strict,answer_adjacent,0.5454545454545454,33,-25.454545454545453,1.0,hidden_lattice
4.778409090909091,-1.4753787878787878,restore,16,union_mask,1.6079545454545454,hidden_target_logit_effect,33,strict,answer_adjacent,0.5151515151515151,33,414.8484848484849,1.0,hidden_lattice
4.520833333333333,0.8522727272727273,restore,16,answer_mask,2.675189393939394,hidden_target_logit_effect,33,strict,top_hidden_delta,0.6363636363636364,33,319.6666666666667,1.0,hidden_lattice
4.3522727272727275,0.6136363636363636,restore,16,shifted_mask,2.2992424242424243,hidden_target_logit_effect,33,strict,top_hidden_delta,0.5454545454545454,33,135.84848484848484,1.0,hidden_lattice
3.257575757575758,0.49242424242424243,restore,16,shuffled_mask,1.7196969696969697,hidden_target_logit_effect,33,strict,top_hidden_delta,0.5757575757575758,33,31.545454545454547,1.0,hidden_lattice
5.0227272727272725,0.8380681818181818,restore,16,union_mask,2.8456439393939394,hidden_target_logit_effect,33,strict,top_hidden_delta,0.7272727272727273,33,322.1818181818182,1.0,hidden_lattice
14.829545454545455,5.339015151515151,restore,16,answer_mask,9.823863636363637,hidden_target_logit_effect,33,strict,visual+answer,0.6666666666666666,33,651.4242424242424,1.0,hidden_lattice
7.329545454545454,1.7765151515151516,restore,16,shifted_mask,4.333333333333333,hidden_target_logit_effect,33,strict,visual+answer,0.6666666666666666,33,137.8181818181818,1.0,hidden_lattice
8.272727272727273,2.909090909090909,restore,16,shuffled_mask,5.462121212121212,hidden_target_logit_effect,33,strict,visual+answer,0.7272727272727273,33,43.121212121212125,1.0,hidden_lattice
15.670454545454545,5.7272727272727275,restore,16,union_mask,10.587121212121213,hidden_target_logit_effect,33,strict,visual+answer,0.696969696969697,33,686.9090909090909,1.0,hidden_lattice
10.380681818181818,1.606060606060606,restore,16,answer_mask,5.490530303030303,hidden_target_logit_effect,33,strict,visual_span,0.6060606060606061,33,595.3636363636364,1.0,hidden_lattice
5.21969696969697,0.375,restore,16,shifted_mask,2.5416666666666665,hidden_target_logit_effect,33,strict,visual_span,0.6363636363636364,33,136.6060606060606,1.0,hidden_lattice
5.041666666666667,1.2234848484848484,restore,16,shuffled_mask,3.018939393939394,hidden_target_logit_effect,33,strict,visual_span,0.6666666666666666,33,37.21212121212121,1.0,hidden_lattice
11.015151515151516,1.8977272727272727,restore,16,union_mask,6.132575757575758,hidden_target_logit_effect,33,strict,visual_span,0.7272727272727273,33,623.969696969697,1.0,hidden_lattice
3.4318181818181817,0.9621212121212122,corrupt,17,answer_mask,2.1893939393939394,hidden_target_logit_effect,33,strict,answer_adjacent,0.696969696969697,33,1.0909090909090908,1.0,hidden_lattice
2.2803030303030303,0.38636363636363635,corrupt,17,shifted_mask,1.2803030303030303,hidden_target_logit_effect,33,strict,answer_adjacent,0.5454545454545454,33,0.9090909090909091,1.0,hidden_lattice
2.227272727272727,0.1590909090909091,corrupt,17,shuffled_mask,1.128787878787879,hidden_target_logit_effect,33,strict,answer_adjacent,0.5454545454545454,33,0.42424242424242425,1.0,hidden_lattice
2.9015151515151514,0.6590909090909091,corrupt,17,union_mask,1.7651515151515151,hidden_target_logit_effect,33,strict,answer_adjacent,0.696969696969697,33,1.9696969696969697,1.0,hidden_lattice
0.22727272727272727,-0.3484848484848485,corrupt,17,answer_mask,-0.05303030303030303,hidden_target_logit_effect,33,strict,top_hidden_delta,0.45454545454545453,33,0.15151515151515152,1.0,hidden_lattice
0.1893939393939394,-0.36363636363636365,corrupt,17,shifted_mask,-0.07575757575757576,hidden_target_logit_effect,33,strict,top_hidden_delta,0.42424242424242425,33,0.06060606060606061,1.0,hidden_lattice
0.4356060606060606,-0.09848484848484848,corrupt,17,shuffled_mask,0.16287878787878787,hidden_target_logit_effect,33,strict,top_hidden_delta,0.45454545454545453,33,0.09090909090909091,1.0,hidden_lattice
0.6212121212121212,0.030303030303030304,corrupt,17,union_mask,0.29545454545454547,hidden_target_logit_effect,33,strict,top_hidden_delta,0.48484848484848486,33,0.0,1.0,hidden_lattice
9.81439393939394,3.159090909090909,corrupt,17,answer_mask,6.409090909090909,hidden_target_logit_effect,33,strict,visual+answer,0.7878787878787878,33,192.36363636363637,1.0,hidden_lattice
4.537878787878788,0.7348484848484849,corrupt,17,shifted_mask,2.5757575757575757,hidden_target_logit_effect,33,strict,visual+answer,0.6363636363636364,33,5.848484848484849,1.0,hidden_lattice
4.636363636363637,0.6060606060606061,corrupt,17,shuffled_mask,2.484848484848485,hidden_target_logit_effect,33,strict,visual+answer,0.6060606060606061,33,6.848484848484849,1.0,hidden_lattice
9.0,2.8143939393939394,corrupt,17,union_mask,5.871212121212121,hidden_target_logit_effect,33,strict,visual+answer,0.7575757575757576,33,53.15151515151515,1.0,hidden_lattice
8.041666666666666,2.178030303030303,corrupt,17,answer_mask,5.03030303030303,hidden_target_logit_effect,33,strict,visual_span,0.696969696969697,33,156.3939393939394,1.0,hidden_lattice
3.0113636363636362,0.19318181818181818,corrupt,17,shifted_mask,1.5,hidden_target_logit_effect,33,strict,visual_span,0.696969696969697,33,5.333333333333333,1.0,hidden_lattice
3.4053030303030303,0.10606060606060606,corrupt,17,shuffled_mask,1.571969696969697,hidden_target_logit_effect,33,strict,visual_span,0.6060606060606061,33,12.909090909090908,1.0,hidden_lattice
7.151515151515151,2.0681818181818183,corrupt,17,union_mask,4.526515151515151,hidden_target_logit_effect,33,strict,visual_span,0.7878787878787878,33,34.81818181818182,1.0,hidden_lattice
6.257575757575758,0.6931818181818182,restore,17,answer_mask,3.375,hidden_target_logit_effect,33,strict,answer_adjacent,0.6666666666666666,33,565.6363636363636,1.0,hidden_lattice
2.765151515151515,0.21212121212121213,restore,17,shifted_mask,1.481060606060606,hidden_target_logit_effect,33,strict,answer_adjacent,0.5454545454545454,33,95.21212121212122,1.0,hidden_lattice
4.958333333333333,1.1401515151515151,restore,17,shuffled_mask,2.9318181818181817,hidden_target_logit_effect,33,strict,answer_adjacent,0.696969696969697,33,31.393939393939394,1.0,hidden_lattice
6.734848484848484,0.7234848484848485,restore,17,union_mask,3.7045454545454546,hidden_target_logit_effect,33,strict,answer_adjacent,0.6666666666666666,33,595.6969696969697,1.0,hidden_lattice
3.037878787878788,0.2840909090909091,restore,17,answer_mask,1.6089015151515151,hidden_target_logit_effect,33,strict,top_hidden_delta,0.6363636363636364,33,169.6969696969697,1.0,hidden_lattice
2.5946969696969697,0.26515151515151514,restore,17,shifted_mask,1.2765151515151516,hidden_target_logit_effect,33,strict,top_hidden_delta,0.6060606060606061,33,106.9090909090909,1.0,hidden_lattice
2.522727272727273,0.4166666666666667,restore,17,shuffled_mask,1.3522727272727273,hidden_target_logit_effect,33,strict,top_hidden_delta,0.5757575757575758,33,26.21212121212121,1.0,hidden_lattice
4.351325757575758,1.0265151515151516,restore,17,union_mask,2.6051136363636362,hidden_target_logit_effect,33,strict,top_hidden_delta,0.6363636363636364,33,192.72727272727272,1.0,hidden_lattice
14.424242424242424,5.231060606060606,restore,17,answer_mask,9.664772727272727,hidden_target_logit_effect,33,strict,visual+answer,0.6666666666666666,33,651.6363636363636,1.0,hidden_lattice
7.4772727272727275,1.5681818181818181,restore,17,shifted_mask,4.295454545454546,hidden_target_logit_effect,33,strict,visual+answer,0.6666666666666666,33,137.9090909090909,1.0,hidden_lattice
8.602272727272727,3.109848484848485,restore,17,shuffled_mask,5.681818181818182,hidden_target_logit_effect,33,strict,visual+answer,0.6666666666666666,33,43.09090909090909,1.0,hidden_lattice
15.469696969696969,5.776515151515151,restore,17,union_mask,10.458333333333334,hidden_target_logit_effect,33,strict,visual+answer,0.7272727272727273,33,687.0,1.0,hidden_lattice
7.848484848484849,1.2159090909090908,restore,17,answer_mask,4.176136363636363,hidden_target_logit_effect,33,strict,visual_span,0.7272727272727273,33,603.4848484848485,1.0,hidden_lattice
4.545454545454546,0.2878787878787879,restore,17,shifted_mask,2.227272727272727,hidden_target_logit_effect,33,strict,visual_span,0.6363636363636364,33,136.6969696969697,1.0,hidden_lattice
4.700757575757576,1.231060606060606,restore,17,shuffled_mask,2.8446969696969697,hidden_target_logit_effect,33,strict,visual_span,0.7272727272727273,33,36.78787878787879,1.0,hidden_lattice
8.753787878787879,1.6401515151515151,restore,17,union_mask,5.011363636363637,hidden_target_logit_effect,33,strict,visual_span,0.7272727272727273,33,631.4545454545455,1.0,hidden_lattice
3.5,0.8560606060606061,corrupt,18,answer_mask,2.1893939393939394,hidden_target_logit_effect,33,strict,answer_adjacent,0.696969696969697,33,1.2424242424242424,1.0,hidden_lattice
2.4166666666666665,0.3106060606060606,corrupt,18,shifted_mask,1.3257575757575757,hidden_target_logit_effect,33,strict,answer_adjacent,0.5151515151515151,33,0.9090909090909091,1.0,hidden_lattice
2.4545454545454546,0.1590909090909091,corrupt,18,shuffled_mask,1.2424242424242424,hidden_target_logit_effect,33,strict,answer_adjacent,0.6060606060606061,33,0.3939393939393939,1.0,hidden_lattice
3.1893939393939394,0.696969696969697,corrupt,18,union_mask,1.9772727272727273,hidden_target_logit_effect,33,strict,answer_adjacent,0.7575757575757576,33,2.393939393939394,1.0,hidden_lattice
0.3409090909090909,-0.22727272727272727,corrupt,18,answer_mask,0.045454545454545456,hidden_target_logit_effect,33,strict,top_hidden_delta,0.3939393939393939,33,0.21212121212121213,1.0,hidden_lattice
0.17424242424242425,-0.26515151515151514,corrupt,18,shifted_mask,-0.03787878787878788,hidden_target_logit_effect,33,strict,top_hidden_delta,0.45454545454545453,33,0.06060606060606061,1.0,hidden_lattice
0.4166666666666667,-0.09848484848484848,corrupt,18,shuffled_mask,0.15151515151515152,hidden_target_logit_effect,33,strict,top_hidden_delta,0.48484848484848486,33,0.12121212121212122,1.0,hidden_lattice
0.5833333333333334,-0.09848484848484848,corrupt,18,union_mask,0.23484848484848486,hidden_target_logit_effect,33,strict,top_hidden_delta,0.48484848484848486,33,0.21212121212121213,1.0,hidden_lattice
10.162878787878787,3.227272727272727,corrupt,18,answer_mask,6.628787878787879,hidden_target_logit_effect,33,strict,visual+answer,0.7272727272727273,33,238.15151515151516,1.0,hidden_lattice
4.640151515151516,0.6666666666666666,corrupt,18,shifted_mask,2.609848484848485,hidden_target_logit_effect,33,strict,visual+answer,0.6666666666666666,33,6.090909090909091,1.0,hidden_lattice
4.84469696969697,0.7045454545454546,corrupt,18,shuffled_mask,2.6515151515151514,hidden_target_logit_effect,33,strict,visual+answer,0.6666666666666666,33,9.272727272727273,1.0,hidden_lattice
9.401515151515152,2.962121212121212,corrupt,18,union_mask,6.193181818181818,hidden_target_logit_effect,33,strict,visual+answer,0.7575757575757576,33,70.03030303030303,1.0,hidden_lattice
8.125,2.128787878787879,corrupt,18,answer_mask,5.0227272727272725,hidden_target_logit_effect,33,strict,visual_span,0.6666666666666666,33,167.5151515151515,1.0,hidden_lattice
2.9545454545454546,0.06060606060606061,corrupt,18,shifted_mask,1.4128787878787878,hidden_target_logit_effect,33,strict,visual_span,0.6363636363636364,33,6.0606060606060606,1.0,hidden_lattice
3.1931818181818183,-0.16666666666666666,corrupt,18,shuffled_mask,1.3295454545454546,hidden_target_logit_effect,33,strict,visual_span,0.5454545454545454,33,14.454545454545455,1.0,hidden_lattice
7.083333333333333,1.8522727272727273,corrupt,18,union_mask,4.3977272727272725,hidden_target_logit_effect,33,strict,visual_span,0.7878787878787878,33,34.81818181818182,1.0,hidden_lattice
6.446969696969697,0.7424242424242424,restore,18,answer_mask,3.566287878787879,hidden_target_logit_effect,33,strict,answer_adjacent,0.696969696969697,33,581.7575757575758,1.0,hidden_lattice
2.946969696969697,0.2765151515151515,restore,18,shifted_mask,1.5909090909090908,hidden_target_logit_effect,33,strict,answer_adjacent,0.5454545454545454,33,96.27272727272727,1.0,hidden_lattice
5.121212121212121,1.1553030303030303,restore,18,shuffled_mask,3.034090909090909,hidden_target_logit_effect,33,strict,answer_adjacent,0.696969696969697,33,29.848484848484848,1.0,hidden_lattice
7.011363636363637,0.6666666666666666,restore,18,union_mask,3.837121212121212,hidden_target_logit_effect,33,strict,answer_adjacent,0.696969696969697,33,610.5757575757576,1.0,hidden_lattice
3.1543560606060606,0.5994318181818182,restore,18,answer_mask,1.8058712121212122,hidden_target_logit_effect,33,strict,top_hidden_delta,0.7575757575757576,33,179.12121212121212,1.0,hidden_lattice
2.7803030303030303,0.44696969696969696,restore,18,shifted_mask,1.4848484848484849,hidden_target_logit_effect,33,strict,top_hidden_delta,0.6666666666666666,33,117.33333333333333,1.0,hidden_lattice
2.1893939393939394,0.30303030303030304,restore,18,shuffled_mask,1.1477272727272727,hidden_target_logit_effect,33,strict,top_hidden_delta,0.5151515151515151,33,26.363636363636363,1.0,hidden_lattice
3.7708333333333335,1.0369318181818181,restore,18,union_mask,2.328598484848485,hidden_target_logit_effect,33,strict,top_hidden_delta,0.6666666666666666,33,214.0909090909091,1.0,hidden_lattice
14.471590909090908,5.25,restore,18,answer_mask,9.649621212121213,hidden_target_logit_effect,33,strict,visual+answer,0.6666666666666666,33,651.5757575757576,1.0,hidden_lattice
7.367424242424242,1.5568181818181819,restore,18,shifted_mask,4.231060606060606,hidden_target_logit_effect,33,strict,visual+answer,0.6666666666666666,33,137.93939393939394,1.0,hidden_lattice
8.484848484848484,3.1666666666666665,restore,18,shuffled_mask,5.678030303030303,hidden_target_logit_effect,33,strict,visual+answer,0.696969696969697,33,43.03030303030303,1.0,hidden_lattice
15.568181818181818,5.818181818181818,restore,18,union_mask,10.534090909090908,hidden_target_logit_effect,33,strict,visual+answer,0.7272727272727273,33,686.9090909090909,1.0,hidden_lattice
8.320075757575758,1.1856060606060606,restore,18,answer_mask,4.350378787878788,hidden_target_logit_effect,33,strict,visual_span,0.696969696969697,33,605.3333333333334,1.0,hidden_lattice
4.6856060606060606,0.25757575757575757,restore,18,shifted_mask,2.2613636363636362,hidden_target_logit_effect,33,strict,visual_span,0.6060606060606061,33,136.78787878787878,1.0,hidden_lattice
4.8106060606060606,1.2234848484848484,restore,18,shuffled_mask,2.890151515151515,hidden_target_logit_effect,33,strict,visual_span,0.7575757575757576,33,37.24242424242424,1.0,hidden_lattice
9.424242424242424,1.7196969696969697,restore,18,union_mask,5.363636363636363,hidden_target_logit_effect,33,strict,visual_span,0.696969696969697,33,642.7575757575758,1.0,hidden_lattice
4.1477272727272725,1.1666666666666667,corrupt,19,answer_mask,2.621212121212121,hidden_target_logit_effect,33,strict,answer_adjacent,0.7272727272727273,33,2.242424242424242,1.0,hidden_lattice
2.484848484848485,0.25757575757575757,corrupt,19,shifted_mask,1.3409090909090908,hidden_target_logit_effect,33,strict,answer_adjacent,0.5151515151515151,33,0.8181818181818182,1.0,hidden_lattice
2.522727272727273,0.2196969696969697,corrupt,19,shuffled_mask,1.3484848484848484,hidden_target_logit_effect,33,strict,answer_adjacent,0.6060606060606061,33,0.696969696969697,1.0,hidden_lattice
3.7765151515151514,0.6287878787878788,corrupt,19,union_mask,2.1666666666666665,hidden_target_logit_effect,33,strict,answer_adjacent,0.6060606060606061,33,4.303030303030303,1.0,hidden_lattice
0.25,-0.2196969696969697,corrupt,19,answer_mask,0.0,hidden_target_logit_effect,33,strict,top_hidden_delta,0.3939393939393939,33,0.15151515151515152,1.0,hidden_lattice
0.3181818181818182,-0.1893939393939394,corrupt,19,shifted_mask,0.06818181818181818,hidden_target_logit_effect,33,strict,top_hidden_delta,0.36363636363636365,33,0.12121212121212122,1.0,hidden_lattice
0.44696969696969696,-0.09090909090909091,corrupt,19,shuffled_mask,0.16666666666666666,hidden_target_logit_effect,33,strict,top_hidden_delta,0.45454545454545453,33,0.21212121212121213,1.0,hidden_lattice
0.4090909090909091,-0.2878787878787879,corrupt,19,union_mask,0.05303030303030303,hidden_target_logit_effect,33,strict,top_hidden_delta,0.36363636363636365,33,0.3939393939393939,1.0,hidden_lattice
10.634469696969697,3.571969696969697,corrupt,19,answer_mask,7.0018939393939394,hidden_target_logit_effect,33,strict,visual+answer,0.8181818181818182,33,237.0909090909091,1.0,hidden_lattice
4.71969696969697,0.8560606060606061,corrupt,19,shifted_mask,2.746212121212121,hidden_target_logit_effect,33,strict,visual+answer,0.7272727272727273,33,5.242424242424242,1.0,hidden_lattice
4.825757575757576,0.8560606060606061,corrupt,19,shuffled_mask,2.7007575757575757,hidden_target_logit_effect,33,strict,visual+answer,0.5757575757575758,33,8.757575757575758,1.0,hidden_lattice
10.106060606060606,3.215909090909091,corrupt,19,union_mask,6.731060606060606,hidden_target_logit_effect,33,strict,visual+answer,0.7878787878787878,33,80.66666666666667,1.0,hidden_lattice
7.6022727272727275,1.9696969696969697,corrupt,19,answer_mask,4.65530303030303,hidden_target_logit_effect,33,strict,visual_span,0.6666666666666666,33,143.96969696969697,1.0,hidden_lattice
3.268939393939394,0.30303030303030304,corrupt,19,shifted_mask,1.6704545454545454,hidden_target_logit_effect,33,strict,visual_span,0.6666666666666666,33,7.363636363636363,1.0,hidden_lattice
3.492424242424242,0.007575757575757576,corrupt,19,shuffled_mask,1.5492424242424243,hidden_target_logit_effect,33,strict,visual_span,0.5454545454545454,33,18.696969696969695,1.0,hidden_lattice
6.4393939393939394,1.571969696969697,corrupt,19,union_mask,3.9053030303030303,hidden_target_logit_effect,33,strict,visual_span,0.7575757575757576,33,27.87878787878788,1.0,hidden_lattice
6.5397727272727275,1.3863636363636365,restore,19,answer_mask,3.9318181818181817,hidden_target_logit_effect,33,strict,answer_adjacent,0.7272727272727273,33,586.7272727272727,1.0,hidden_lattice
2.9734848484848486,0.14015151515151514,restore,19,shifted_mask,1.5075757575757576,hidden_target_logit_effect,33,strict,answer_adjacent,0.5454545454545454,33,88.3030303030303,1.0,hidden_lattice
4.867424242424242,1.2386363636363635,restore,19,shuffled_mask,2.9734848484848486,hidden_target_logit_effect,33,strict,answer_adjacent,0.6666666666666666,33,24.818181818181817,1.0,hidden_lattice
7.524621212121212,1.871212121212121,restore,19,union_mask,4.642045454545454,hidden_target_logit_effect,33,strict,answer_adjacent,0.7272727272727273,33,612.1212121212121,1.0,hidden_lattice
2.8428030303030303,0.4659090909090909,restore,19,answer_mask,1.5852272727272727,hidden_target_logit_effect,33,strict,top_hidden_delta,0.5454545454545454,33,283.1818181818182,1.0,hidden_lattice
2.8143939393939394,0.5037878787878788,restore,19,shifted_mask,1.5265151515151516,hidden_target_logit_effect,33,strict,top_hidden_delta,0.696969696969697,33,113.96969696969697,1.0,hidden_lattice
2.0568181818181817,0.2916666666666667,restore,19,shuffled_mask,1.0946969696969697,hidden_target_logit_effect,33,strict,top_hidden_delta,0.5151515151515151,33,25.606060606060606,1.0,hidden_lattice
3.1306818181818183,0.9431818181818182,restore,19,union_mask,2.0056818181818183,hidden_target_logit_effect,33,strict,top_hidden_delta,0.5757575757575758,33,315.3636363636364,1.0,hidden_lattice
14.628787878787879,5.382575757575758,restore,19,answer_mask,9.763257575757576,hidden_target_logit_effect,33,strict,visual+answer,0.7272727272727273,33,651.5757575757576,1.0,hidden_lattice
7.443181818181818,1.5643939393939394,restore,19,shifted_mask,4.287878787878788,hidden_target_logit_effect,33,strict,visual+answer,0.696969696969697,33,138.15151515151516,1.0,hidden_lattice
8.340909090909092,3.1818181818181817,restore,19,shuffled_mask,5.606060606060606,hidden_target_logit_effect,33,strict,visual+answer,0.696969696969697,33,43.666666666666664,1.0,hidden_lattice
15.632575757575758,5.893939393939394,restore,19,union_mask,10.602272727272727,hidden_target_logit_effect,33,strict,visual+answer,0.7878787878787878,33,687.030303030303,1.0,hidden_lattice
8.965909090909092,1.4034090909090908,restore,19,answer_mask,4.6875,hidden_target_logit_effect,33,strict,visual_span,0.696969696969697,33,620.3939393939394,1.0,hidden_lattice
4.848484848484849,0.4166666666666667,restore,19,shifted_mask,2.4242424242424243,hidden_target_logit_effect,33,strict,visual_span,0.7272727272727273,33,136.78787878787878,1.0,hidden_lattice
4.8143939393939394,1.106060606060606,restore,19,shuffled_mask,2.8333333333333335,hidden_target_logit_effect,33,strict,visual_span,0.6666666666666666,33,37.93939393939394,1.0,hidden_lattice
10.295454545454545,2.196969696969697,restore,19,union_mask,5.931818181818182,hidden_target_logit_effect,33,strict,visual_span,0.7575757575757576,33,651.6060606060606,1.0,hidden_lattice
4.488636363636363,0.7121212121212122,corrupt,20,answer_mask,2.590909090909091,hidden_target_logit_effect,33,strict,answer_adjacent,0.696969696969697,33,3.727272727272727,1.0,hidden_lattice
2.6136363636363638,-0.18181818181818182,corrupt,20,shifted_mask,1.2045454545454546,hidden_target_logit_effect,33,strict,answer_adjacent,0.48484848484848486,33,1.2727272727272727,1.0,hidden_lattice
2.8333333333333335,0.07575757575757576,corrupt,20,shuffled_mask,1.4090909090909092,hidden_target_logit_effect,33,strict,answer_adjacent,0.5151515151515151,33,1.3636363636363635,1.0,hidden_lattice
4.484848484848484,0.11363636363636363,corrupt,20,union_mask,2.3181818181818183,hidden_target_logit_effect,33,strict,answer_adjacent,0.6666666666666666,33,7.666666666666667,1.0,hidden_lattice
0.20454545454545456,-0.26515151515151514,corrupt,20,answer_mask,-0.03787878787878788,hidden_target_logit_effect,33,strict,top_hidden_delta,0.36363636363636365,33,0.15151515151515152,1.0,hidden_lattice
0.16666666666666666,-0.3181818181818182,corrupt,20,shifted_mask,-0.06060606060606061,hidden_target_logit_effect,33,strict,top_hidden_delta,0.45454545454545453,33,0.15151515151515152,1.0,hidden_lattice
0.29545454545454547,-0.12121212121212122,corrupt,20,shuffled_mask,0.07575757575757576,hidden_target_logit_effect,33,strict,top_hidden_delta,0.3939393939393939,33,0.15151515151515152,1.0,hidden_lattice
0.42045454545454547,-0.21212121212121213,corrupt,20,union_mask,0.0946969696969697,hidden_target_logit_effect,33,strict,top_hidden_delta,0.3939393939393939,33,0.30303030303030304,1.0,hidden_lattice
11.454545454545455,3.4886363636363638,corrupt,20,answer_mask,7.340909090909091,hidden_target_logit_effect,33,strict,visual+answer,0.696969696969697,33,316.4848484848485,1.0,hidden_lattice
5.253787878787879,0.9659090909090909,corrupt,20,shifted_mask,3.0454545454545454,hidden_target_logit_effect,33,strict,visual+answer,0.6666666666666666,33,7.2727272727272725,1.0,hidden_lattice
5.446969696969697,1.2878787878787878,corrupt,20,shuffled_mask,3.215909090909091,hidden_target_logit_effect,33,strict,visual+answer,0.6363636363636364,33,10.93939393939394,1.0,hidden_lattice
11.484848484848484,3.518939393939394,corrupt,20,union_mask,7.537878787878788,hidden_target_logit_effect,33,strict,visual+answer,0.696969696969697,33,183.06060606060606,1.0,hidden_lattice
6.9393939393939394,1.6515151515151516,corrupt,20,answer_mask,4.215909090909091,hidden_target_logit_effect,33,strict,visual_span,0.6363636363636364,33,83.36363636363636,1.0,hidden_lattice
2.9015151515151514,0.13257575757575757,corrupt,20,shifted_mask,1.371212121212121,hidden_target_logit_effect,33,strict,visual_span,0.5454545454545454,33,5.424242424242424,1.0,hidden_lattice
3.257575757575758,-0.0946969696969697,corrupt,20,shuffled_mask,1.4431818181818181,hidden_target_logit_effect,33,strict,visual_span,0.48484848484848486,33,12.757575757575758,1.0,hidden_lattice
5.765151515151516,1.1704545454545454,corrupt,20,union_mask,3.3636363636363638,hidden_target_logit_effect,33,strict,visual_span,0.6060606060606061,33,17.060606060606062,1.0,hidden_lattice
7.1231060606060606,1.6875,restore,20,answer_mask,4.422348484848484,hidden_target_logit_effect,33,strict,answer_adjacent,0.7272727272727273,33,615.5757575757576,1.0,hidden_lattice
3.875,0.3712121212121212,restore,20,shifted_mask,2.1363636363636362,hidden_target_logit_effect,33,strict,answer_adjacent,0.5757575757575758,33,118.15151515151516,1.0,hidden_lattice
5.265151515151516,1.625,restore,20,shuffled_mask,3.412878787878788,hidden_target_logit_effect,33,strict,answer_adjacent,0.6363636363636364,33,33.21212121212121,1.0,hidden_lattice
8.450757575757576,2.5,restore,20,union_mask,5.526515151515151,hidden_target_logit_effect,33,strict,answer_adjacent,0.7272727272727273,33,649.7878787878788,1.0,hidden_lattice
2.5738636363636362,0.3939393939393939,restore,20,answer_mask,1.441287878787879,hidden_target_logit_effect,33,strict,top_hidden_delta,0.6666666666666666,33,255.0,1.0,hidden_lattice
2.227272727272727,0.1590909090909091,restore,20,shifted_mask,1.1401515151515151,hidden_target_logit_effect,33,strict,top_hidden_delta,0.7272727272727273,33,102.93939393939394,1.0,hidden_lattice
1.9318181818181819,0.4053030303030303,restore,20,shuffled_mask,1.106060606060606,hidden_target_logit_effect,33,strict,top_hidden_delta,0.6666666666666666,33,25.757575757575758,1.0,hidden_lattice
2.875,0.7689393939393939,restore,20,union_mask,1.7803030303030303,hidden_target_logit_effect,33,strict,top_hidden_delta,0.7272727272727273,33,267.8787878787879,1.0,hidden_lattice
14.496212121212121,5.401515151515151,restore,20,answer_mask,9.770833333333334,hidden_target_logit_effect,33,strict,visual+answer,0.7272727272727273,33,651.3333333333334,1.0,hidden_lattice
7.553030303030303,1.5378787878787878,restore,20,shifted_mask,4.340909090909091,hidden_target_logit_effect,33,strict,visual+answer,0.6060606060606061,33,138.12121212121212,1.0,hidden_lattice
8.174242424242424,3.132575757575758,restore,20,shuffled_mask,5.537878787878788,hidden_target_logit_effect,33,strict,visual+answer,0.7272727272727273,33,44.03030303030303,1.0,hidden_lattice
15.625,6.090909090909091,restore,20,union_mask,10.731060606060606,hidden_target_logit_effect,33,strict,visual+answer,0.7575757575757576,33,686.8181818181819,1.0,hidden_lattice
7.875,1.3731060606060606,restore,20,answer_mask,4.191287878787879,hidden_target_logit_effect,33,strict,visual_span,0.6363636363636364,33,613.8181818181819,1.0,hidden_lattice
4.731060606060606,0.7234848484848485,restore,20,shifted_mask,2.518939393939394,hidden_target_logit_effect,33,strict,visual_span,0.7575757575757576,33,136.45454545454547,1.0,hidden_lattice
4.553030303030303,1.0681818181818181,restore,20,shuffled_mask,2.6515151515151514,hidden_target_logit_effect,33,strict,visual_span,0.6363636363636364,33,37.21212121212121,1.0,hidden_lattice
9.003787878787879,2.1704545454545454,restore,20,union_mask,5.359848484848484,hidden_target_logit_effect,33,strict,visual_span,0.7575757575757576,33,643.1818181818181,1.0,hidden_lattice
4.507575757575758,0.45075757575757575,corrupt,21,answer_mask,2.503787878787879,hidden_target_logit_effect,33,strict,answer_adjacent,0.6363636363636364,33,3.909090909090909,1.0,hidden_lattice
2.5833333333333335,-0.5984848484848485,corrupt,21,shifted_mask,0.9545454545454546,hidden_target_logit_effect,33,strict,answer_adjacent,0.48484848484848486,33,0.9090909090909091,1.0,hidden_lattice
2.9696969696969697,0.12121212121212122,corrupt,21,shuffled_mask,1.4886363636363635,hidden_target_logit_effect,33,strict,answer_adjacent,0.5151515151515151,33,1.3636363636363635,1.0,hidden_lattice
4.651515151515151,0.5681818181818182,corrupt,21,union_mask,2.609848484848485,hidden_target_logit_effect,33,strict,answer_adjacent,0.6666666666666666,33,6.909090909090909,1.0,hidden_lattice
0.16666666666666666,-0.19696969696969696,corrupt,21,answer_mask,-0.022727272727272728,hidden_target_logit_effect,33,strict,top_hidden_delta,0.30303030303030304,33,0.15151515151515152,1.0,hidden_lattice
0.12121212121212122,-0.22727272727272727,corrupt,21,shifted_mask,-0.05303030303030303,hidden_target_logit_effect,33,strict,top_hidden_delta,0.42424242424242425,33,0.0,1.0,hidden_lattice
0.1893939393939394,-0.16666666666666666,corrupt,21,shuffled_mask,0.007575757575757576,hidden_target_logit_effect,33,strict,top_hidden_delta,0.42424242424242425,33,0.06060606060606061,1.0,hidden_lattice
0.23484848484848486,-0.18181818181818182,corrupt,21,union_mask,0.030303030303030304,hidden_target_logit_effect,33,strict,top_hidden_delta,0.42424242424242425,33,0.18181818181818182,1.0,hidden_lattice
10.776515151515152,2.9109848484848486,corrupt,21,answer_mask,6.765151515151516,hidden_target_logit_effect,33,strict,visual+answer,0.696969696969697,33,191.4848484848485,1.0,hidden_lattice
4.734848484848484,0.5340909090909091,corrupt,21,shifted_mask,2.5681818181818183,hidden_target_logit_effect,33,strict,visual+answer,0.6060606060606061,33,4.515151515151516,1.0,hidden_lattice
5.238636363636363,1.1136363636363635,corrupt,21,shuffled_mask,3.037878787878788,hidden_target_logit_effect,33,strict,visual+answer,0.6363636363636364,33,8.393939393939394,1.0,hidden_lattice
10.803030303030303,2.9507575757575757,corrupt,21,union_mask,6.90719696969697,hidden_target_logit_effect,33,strict,visual+answer,0.696969696969697,33,116.39393939393939,1.0,hidden_lattice
5.484848484848484,0.7537878787878788,corrupt,21,answer_mask,3.003787878787879,hidden_target_logit_effect,33,strict,visual_span,0.5757575757575758,33,50.06060606060606,1.0,hidden_lattice
2.0454545454545454,-0.13636363636363635,corrupt,21,shifted_mask,0.8333333333333334,hidden_target_logit_effect,33,strict,visual_span,0.45454545454545453,33,2.6363636363636362,1.0,hidden_lattice
2.537878787878788,-0.4015151515151515,corrupt,21,shuffled_mask,0.9053030303030303,hidden_target_logit_effect,33,strict,visual_span,0.42424242424242425,33,7.121212121212121,1.0,hidden_lattice
4.583333333333333,0.6590909090909091,corrupt,21,union_mask,2.5113636363636362,hidden_target_logit_effect,33,strict,visual_span,0.5151515151515151,33,8.090909090909092,1.0,hidden_lattice
8.013257575757576,2.5018939393939394,restore,21,answer_mask,5.214015151515151,hidden_target_logit_effect,33,strict,answer_adjacent,0.7272727272727273,33,628.1818181818181,1.0,hidden_lattice
4.0643939393939394,0.36363636363636365,restore,21,shifted_mask,2.231060606060606,hidden_target_logit_effect,33,strict,answer_adjacent,0.6060606060606061,33,121.81818181818181,1.0,hidden_lattice
5.515151515151516,1.731060606060606,restore,21,shuffled_mask,3.606060606060606,hidden_target_logit_effect,33,strict,answer_adjacent,0.6363636363636364,33,35.63636363636363,1.0,hidden_lattice
9.030303030303031,2.7954545454545454,restore,21,union_mask,5.954545454545454,hidden_target_logit_effect,33,strict,answer_adjacent,0.7575757575757576,33,661.5454545454545,1.0,hidden_lattice
2.2045454545454546,0.5397727272727273,restore,21,answer_mask,1.3238636363636365,hidden_target_logit_effect,33,strict,top_hidden_delta,0.6666666666666666,33,193.42424242424244,1.0,hidden_lattice
1.7954545454545454,0.20833333333333334,restore,21,shifted_mask,0.9166666666666666,hidden_target_logit_effect,33,strict,top_hidden_delta,0.6666666666666666,33,63.03030303030303,1.0,hidden_lattice
1.5568181818181819,0.3333333333333333,restore,21,shuffled_mask,0.8939393939393939,hidden_target_logit_effect,33,strict,top_hidden_delta,0.5757575757575758,33,21.0,1.0,hidden_lattice
2.2859848484848486,0.5738636363636364,restore,21,union_mask,1.3901515151515151,hidden_target_logit_effect,33,strict,top_hidden_delta,0.6666666666666666,33,215.45454545454547,1.0,hidden_lattice
14.524621212121213,5.410984848484849,restore,21,answer_mask,9.778409090909092,hidden_target_logit_effect,33,strict,visual+answer,0.696969696969697,33,651.4545454545455,1.0,hidden_lattice
7.443181818181818,1.4431818181818181,restore,21,shifted_mask,4.265151515151516,hidden_target_logit_effect,33,strict,visual+answer,0.6363636363636364,33,138.0,1.0,hidden_lattice
8.231060606060606,3.1893939393939394,restore,21,shuffled_mask,5.583333333333333,hidden_target_logit_effect,33,strict,visual+answer,0.696969696969697,33,44.03030303030303,1.0,hidden_lattice
15.556818181818182,5.886363636363637,restore,21,union_mask,10.670454545454545,hidden_target_logit_effect,33,strict,visual+answer,0.7272727272727273,33,686.7878787878788,1.0,hidden_lattice
7.291666666666667,1.5321969696969697,restore,21,answer_mask,4.024621212121212,hidden_target_logit_effect,33,strict,visual_span,0.6363636363636364,33,616.6666666666666,1.0,hidden_lattice
4.753787878787879,0.8257575757575758,restore,21,shifted_mask,2.5833333333333335,hidden_target_logit_effect,33,strict,visual_span,0.6363636363636364,33,136.3030303030303,1.0,hidden_lattice
4.443181818181818,1.053030303030303,restore,21,shuffled_mask,2.590909090909091,hidden_target_logit_effect,33,strict,visual_span,0.6060606060606061,33,37.09090909090909,1.0,hidden_lattice
8.06439393939394,1.8352272727272727,restore,21,union_mask,4.732954545454546,hidden_target_logit_effect,33,strict,visual_span,0.696969696969697,33,647.939393939394,1.0,hidden_lattice
5.90530303030303,1.0606060606060606,corrupt,22,answer_mask,3.477272727272727,hidden_target_logit_effect,33,strict,answer_adjacent,0.7272727272727273,33,17.181818181818183,1.0,hidden_lattice
2.8106060606060606,-0.75,corrupt,22,shifted_mask,0.9924242424242424,hidden_target_logit_effect,33,strict,answer_adjacent,0.48484848484848486,33,1.393939393939394,1.0,hidden_lattice
3.492424242424242,0.4962121212121212,corrupt,22,shuffled_mask,1.9621212121212122,hidden_target_logit_effect,33,strict,answer_adjacent,0.6060606060606061,33,2.1818181818181817,1.0,hidden_lattice
6.136363636363637,1.1098484848484849,corrupt,22,union_mask,3.6515151515151514,hidden_target_logit_effect,33,strict,answer_adjacent,0.7272727272727273,33,18.757575757575758,1.0,hidden_lattice
0.10606060606060606,-0.3181818181818182,corrupt,22,answer_mask,-0.10606060606060606,hidden_target_logit_effect,33,strict,top_hidden_delta,0.24242424242424243,33,0.09090909090909091,1.0,hidden_lattice
0.13636363636363635,-0.1893939393939394,corrupt,22,shifted_mask,-0.022727272727272728,hidden_target_logit_effect,33,strict,top_hidden_delta,0.3333333333333333,33,-0.030303030303030304,1.0,hidden_lattice
0.3787878787878788,-0.015151515151515152,corrupt,22,shuffled_mask,0.17424242424242425,hidden_target_logit_effect,33,strict,top_hidden_delta,0.45454545454545453,33,0.18181818181818182,1.0,hidden_lattice
0.24242424242424243,-0.1590909090909091,corrupt,22,union_mask,0.03787878787878788,hidden_target_logit_effect,33,strict,top_hidden_delta,0.45454545454545453,33,0.18181818181818182,1.0,hidden_lattice
11.378787878787879,3.4507575757575757,corrupt,22,answer_mask,7.316287878787879,hidden_target_logit_effect,33,strict,visual+answer,0.7272727272727273,33,160.33333333333334,1.0,hidden_lattice
5.049242424242424,0.3787878787878788,corrupt,22,shifted_mask,2.628787878787879,hidden_target_logit_effect,33,strict,visual+answer,0.5757575757575758,33,7.090909090909091,1.0,hidden_lattice
5.731060606060606,1.6742424242424243,corrupt,22,shuffled_mask,3.625,hidden_target_logit_effect,33,strict,visual+answer,0.6666666666666666,33,8.818181818181818,1.0,hidden_lattice
11.774621212121213,3.537878787878788,corrupt,22,union_mask,7.740530303030303,hidden_target_logit_effect,33,strict,visual+answer,0.7272727272727273,33,148.78787878787878,1.0,hidden_lattice
3.397727272727273,0.2765151515151515,corrupt,22,answer_mask,1.7651515151515151,hidden_target_logit_effect,33,strict,visual_span,0.5151515151515151,33,4.515151515151516,1.0,hidden_lattice
1.6136363636363635,-0.38636363636363635,corrupt,22,shifted_mask,0.5416666666666666,hidden_target_logit_effect,33,strict,visual_span,0.45454545454545453,33,1.1818181818181819,1.0,hidden_lattice
2.102272727272727,-0.3712121212121212,corrupt,22,shuffled_mask,0.7348484848484849,hidden_target_logit_effect,33,strict,visual_span,0.42424242424242425,33,3.3636363636363638,1.0,hidden_lattice
3.132575757575758,0.14772727272727273,corrupt,22,union_mask,1.571969696969697,hidden_target_logit_effect,33,strict,visual_span,0.5151515151515151,33,3.878787878787879,1.0,hidden_lattice
9.68560606060606,3.4393939393939394,restore,22,answer_mask,6.509469696969697,hidden_target_logit_effect,33,strict,answer_adjacent,0.7878787878787878,33,644.060606060606,1.0,hidden_lattice
5.083333333333333,0.5189393939393939,restore,22,shifted_mask,2.7613636363636362,hidden_target_logit_effect,33,strict,answer_adjacent,0.6060606060606061,33,133.06060606060606,1.0,hidden_lattice
6.181818181818182,2.1363636363636362,restore,22,shuffled_mask,4.125,hidden_target_logit_effect,33,strict,answer_adjacent,0.7575757575757576,33,39.57575757575758,1.0,hidden_lattice
11.034090909090908,3.977272727272727,restore,22,union_mask,7.606060606060606,hidden_target_logit_effect,33,strict,answer_adjacent,0.7575757575757576,33,679.3030303030303,1.0,hidden_lattice
2.7954545454545454,0.7083333333333334,restore,22,answer_mask,1.6628787878787878,hidden_target_logit_effect,33,strict,top_hidden_delta,0.6060606060606061,33,515.060606060606,1.0,hidden_lattice
1.7083333333333333,0.2916666666666667,restore,22,shifted_mask,0.9318181818181818,hidden_target_logit_effect,33,strict,top_hidden_delta,0.5151515151515151,33,105.6969696969697,1.0,hidden_lattice
1.4886363636363635,0.36363636363636365,restore,22,shuffled_mask,0.8825757575757576,hidden_target_logit_effect,33,strict,top_hidden_delta,0.6060606060606061,33,22.303030303030305,1.0,hidden_lattice
3.2821969696969697,1.253787878787879,restore,22,union_mask,2.191287878787879,hidden_target_logit_effect,33,strict,top_hidden_delta,0.8484848484848485,33,546.4242424242424,1.0,hidden_lattice
14.295454545454545,5.172348484848484,restore,22,answer_mask,9.573863636363637,hidden_target_logit_effect,33,strict,visual+answer,0.696969696969697,33,651.2121212121212,1.0,hidden_lattice
7.284090909090909,1.4015151515151516,restore,22,shifted_mask,4.166666666666667,hidden_target_logit_effect,33,strict,visual+answer,0.6666666666666666,33,137.93939393939394,1.0,hidden_lattice
8.018939393939394,3.0681818181818183,restore,22,shuffled_mask,5.446969696969697,hidden_target_logit_effect,33,strict,visual+answer,0.696969696969697,33,43.93939393939394,1.0,hidden_lattice
15.488636363636363,5.765151515151516,restore,22,union_mask,10.556818181818182,hidden_target_logit_effect,33,strict,visual+answer,0.7575757575757576,33,686.5757575757576,1.0,hidden_lattice
7.098484848484849,1.3446969696969697,restore,22,answer_mask,3.8106060606060606,hidden_target_logit_effect,33,strict,visual_span,0.6666666666666666,33,591.3636363636364,1.0,hidden_lattice
4.450757575757576,0.6742424242424242,restore,22,shifted_mask,2.375,hidden_target_logit_effect,33,strict,visual_span,0.5757575757575758,33,135.87878787878788,1.0,hidden_lattice
4.325757575757576,0.8901515151515151,restore,22,shuffled_mask,2.4507575757575757,hidden_target_logit_effect,33,strict,visual_span,0.6363636363636364,33,35.60606060606061,1.0,hidden_lattice
7.625,1.7045454545454546,restore,22,union_mask,4.386363636363637,hidden_target_logit_effect,33,strict,visual_span,0.7575757575757576,33,619.5757575757576,1.0,hidden_lattice
6.140151515151516,1.3484848484848484,corrupt,23,answer_mask,3.768939393939394,hidden_target_logit_effect,33,strict,answer_adjacent,0.7272727272727273,33,18.181818181818183,1.0,hidden_lattice
3.0643939393939394,-0.5454545454545454,corrupt,23,shifted_mask,1.2272727272727273,hidden_target_logit_effect,33,strict,answer_adjacent,0.5151515151515151,33,1.5757575757575757,1.0,hidden_lattice
3.4356060606060606,0.49242424242424243,corrupt,23,shuffled_mask,1.9431818181818181,hidden_target_logit_effect,33,strict,answer_adjacent,0.6060606060606061,33,2.1515151515151514,1.0,hidden_lattice
6.390151515151516,1.3446969696969697,corrupt,23,union_mask,3.9318181818181817,hidden_target_logit_effect,33,strict,answer_adjacent,0.7272727272727273,33,20.272727272727273,1.0,hidden_lattice
0.2196969696969697,-0.18181818181818182,corrupt,23,answer_mask,0.022727272727272728,hidden_target_logit_effect,33,strict,top_hidden_delta,0.2727272727272727,33,0.24242424242424243,1.0,hidden_lattice
0.1893939393939394,-0.13636363636363635,corrupt,23,shifted_mask,0.022727272727272728,hidden_target_logit_effect,33,strict,top_hidden_delta,0.3333333333333333,33,0.09090909090909091,1.0,hidden_lattice
0.19696969696969696,-0.12878787878787878,corrupt,23,shuffled_mask,0.030303030303030304,hidden_target_logit_effect,33,strict,top_hidden_delta,0.3939393939393939,33,0.09090909090909091,1.0,hidden_lattice
0.29545454545454547,-0.015151515151515152,corrupt,23,union_mask,0.13636363636363635,hidden_target_logit_effect,33,strict,top_hidden_delta,0.36363636363636365,33,0.24242424242424243,1.0,hidden_lattice
10.462121212121213,3.253787878787879,corrupt,23,answer_mask,6.8352272727272725,hidden_target_logit_effect,33,strict,visual+answer,0.7272727272727273,33,74.54545454545455,1.0,hidden_lattice
4.776515151515151,0.3787878787878788,corrupt,23,shifted_mask,2.503787878787879,hidden_target_logit_effect,33,strict,visual+answer,0.5454545454545454,33,5.909090909090909,1.0,hidden_lattice
5.507575757575758,1.503787878787879,corrupt,23,shuffled_mask,3.4318181818181817,hidden_target_logit_effect,33,strict,visual+answer,0.6666666666666666,33,6.7272727272727275,1.0,hidden_lattice
10.992424242424242,3.272727272727273,corrupt,23,union_mask,7.28030303030303,hidden_target_logit_effect,33,strict,visual+answer,0.696969696969697,33,79.0,1.0,hidden_lattice
1.606060606060606,0.15151515151515152,corrupt,23,answer_mask,0.8863636363636364,hidden_target_logit_effect,33,strict,visual_span,0.5757575757575758,33,0.6363636363636364,1.0,hidden_lattice
0.32575757575757575,-0.5833333333333334,corrupt,23,shifted_mask,-0.12878787878787878,hidden_target_logit_effect,33,strict,visual_span,0.3939393939393939,33,0.18181818181818182,1.0,hidden_lattice
0.7651515151515151,-0.42424242424242425,corrupt,23,shuffled_mask,0.1590909090909091,hidden_target_logit_effect,33,strict,visual_span,0.3939393939393939,33,0.12121212121212122,1.0,hidden_lattice
1.5227272727272727,0.125,corrupt,23,union_mask,0.8371212121212122,hidden_target_logit_effect,33,strict,visual_span,0.6363636363636364,33,0.8181818181818182,1.0,hidden_lattice
10.827651515151516,3.867424242424242,restore,23,answer_mask,7.301136363636363,hidden_target_logit_effect,33,strict,answer_adjacent,0.7575757575757576,33,649.6666666666666,1.0,hidden_lattice
6.041666666666667,1.0643939393939394,restore,23,shifted_mask,3.4242424242424243,hidden_target_logit_effect,33,strict,answer_adjacent,0.6666666666666666,33,136.78787878787878,1.0,hidden_lattice
6.799242424242424,2.587121212121212,restore,23,shuffled_mask,4.621212121212121,hidden_target_logit_effect,33,strict,answer_adjacent,0.7575757575757576,33,43.03030303030303,1.0,hidden_lattice
12.151515151515152,4.446969696969697,restore,23,union_mask,8.382575757575758,hidden_target_logit_effect,33,strict,answer_adjacent,0.7575757575757576,33,684.7878787878788,1.0,hidden_lattice
2.5928030303030303,0.8143939393939394,restore,23,answer_mask,1.6325757575757576,hidden_target_logit_effect,33,strict,top_hidden_delta,0.6666666666666666,33,491.6363636363636,1.0,hidden_lattice
1.4015151515151516,0.23484848484848486,restore,23,shifted_mask,0.7727272727272727,hidden_target_logit_effect,33,strict,top_hidden_delta,0.5757575757575758,33,95.18181818181819,1.0,hidden_lattice
1.4242424242424243,0.2689393939393939,restore,23,shuffled_mask,0.8068181818181818,hidden_target_logit_effect,33,strict,top_hidden_delta,0.5454545454545454,33,20.78787878787879,1.0,hidden_lattice
2.721590909090909,1.0,restore,23,union_mask,1.8011363636363635,hidden_target_logit_effect,33,strict,top_hidden_delta,0.7878787878787878,33,517.1515151515151,1.0,hidden_lattice
14.433712121212121,5.308712121212121,restore,23,answer_mask,9.725378787878787,hidden_target_logit_effect,33,strict,visual+answer,0.7272727272727273,33,651.3636363636364,1.0,hidden_lattice
7.473484848484849,1.4318181818181819,restore,23,shifted_mask,4.287878787878788,hidden_target_logit_effect,33,strict,visual+answer,0.6666666666666666,33,138.12121212121212,1.0,hidden_lattice
8.125,3.106060606060606,restore,23,shuffled_mask,5.515151515151516,hidden_target_logit_effect,33,strict,visual+answer,0.696969696969697,33,43.90909090909091,1.0,hidden_lattice
15.609848484848484,5.821969696969697,restore,23,union_mask,10.662878787878787,hidden_target_logit_effect,33,strict,visual+answer,0.7272727272727273,33,686.8181818181819,1.0,hidden_lattice
6.159090909090909,1.5492424242424243,restore,23,answer_mask,3.570075757575758,hidden_target_logit_effect,33,strict,visual_span,0.6666666666666666,33,595.3030303030303,1.0,hidden_lattice
4.200757575757576,0.6212121212121212,restore,23,shifted_mask,2.2083333333333335,hidden_target_logit_effect,33,strict,visual_span,0.5757575757575758,33,135.45454545454547,1.0,hidden_lattice
3.875,0.7159090909090909,restore,23,shuffled_mask,2.1515151515151514,hidden_target_logit_effect,33,strict,visual_span,0.5757575757575758,33,34.93939393939394,1.0,hidden_lattice
6.549242424242424,1.7803030303030303,restore,23,union_mask,4.0227272727272725,hidden_target_logit_effect,33,strict,visual_span,0.7575757575757576,33,619.1515151515151,1.0,hidden_lattice
7.3143939393939394,1.803030303030303,corrupt,24,answer_mask,4.636363636363637,hidden_target_logit_effect,33,strict,answer_adjacent,0.7272727272727273,33,30.393939393939394,1.0,hidden_lattice
4.007575757575758,-0.19696969696969696,corrupt,24,shifted_mask,1.878787878787879,hidden_target_logit_effect,33,strict,answer_adjacent,0.5757575757575758,33,3.787878787878788,1.0,hidden_lattice
4.386363636363637,1.0643939393939394,corrupt,24,shuffled_mask,2.6666666666666665,hidden_target_logit_effect,33,strict,answer_adjacent,0.6666666666666666,33,3.606060606060606,1.0,hidden_lattice
7.878787878787879,1.9128787878787878,corrupt,24,union_mask,5.098484848484849,hidden_target_logit_effect,33,strict,answer_adjacent,0.7272727272727273,33,39.18181818181818,1.0,hidden_lattice
0.2196969696969697,-0.13636363636363635,corrupt,24,answer_mask,0.03787878787878788,hidden_target_logit_effect,33,strict,top_hidden_delta,0.42424242424242425,33,0.030303030303030304,1.0,hidden_lattice
0.1590909090909091,-0.18181818181818182,corrupt,24,shifted_mask,-0.007575757575757576,hidden_target_logit_effect,33,strict,top_hidden_delta,0.3939393939393939,33,-0.030303030303030304,1.0,hidden_lattice
0.25,-0.06818181818181818,corrupt,24,shuffled_mask,0.09090909090909091,hidden_target_logit_effect,33,strict,top_hidden_delta,0.45454545454545453,33,0.15151515151515152,1.0,hidden_lattice
0.3333333333333333,-0.030303030303030304,corrupt,24,union_mask,0.15151515151515152,hidden_target_logit_effect,33,strict,top_hidden_delta,0.48484848484848486,33,0.09090909090909091,1.0,hidden_lattice
11.297348484848484,3.477272727272727,corrupt,24,answer_mask,7.357954545454546,hidden_target_logit_effect,33,strict,visual+answer,0.7272727272727273,33,125.81818181818181,1.0,hidden_lattice
5.231060606060606,0.3522727272727273,corrupt,24,shifted_mask,2.7196969696969697,hidden_target_logit_effect,33,strict,visual+answer,0.5454545454545454,33,12.181818181818182,1.0,hidden_lattice
6.011363636363637,1.696969696969697,corrupt,24,shuffled_mask,3.7916666666666665,hidden_target_logit_effect,33,strict,visual+answer,0.6666666666666666,33,8.787878787878787,1.0,hidden_lattice
11.875,3.710227272727273,corrupt,24,union_mask,7.918560606060606,hidden_target_logit_effect,33,strict,visual+answer,0.696969696969697,33,130.4848484848485,1.0,hidden_lattice
1.0113636363636365,-0.09848484848484848,corrupt,24,answer_mask,0.4431818181818182,hidden_target_logit_effect,33,strict,visual_span,0.48484848484848486,33,0.3939393939393939,1.0,hidden_lattice
0.07575757575757576,-0.696969696969697,corrupt,24,shifted_mask,-0.3068181818181818,hidden_target_logit_effect,33,strict,visual_span,0.36363636363636365,33,-0.06060606060606061,1.0,hidden_lattice
0.21212121212121213,-0.5606060606060606,corrupt,24,shuffled_mask,-0.1590909090909091,hidden_target_logit_effect,33,strict,visual_span,0.3333333333333333,33,0.06060606060606061,1.0,hidden_lattice
1.0265151515151516,-0.11742424242424243,corrupt,24,union_mask,0.4431818181818182,hidden_target_logit_effect,33,strict,visual_span,0.45454545454545453,33,0.6060606060606061,1.0,hidden_lattice
12.475378787878787,4.5,restore,24,answer_mask,8.422348484848484,hidden_target_logit_effect,33,strict,answer_adjacent,0.7575757575757576,33,650.6969696969697,1.0,hidden_lattice
7.212121212121212,1.4696969696969697,restore,24,shifted_mask,4.181818181818182,hidden_target_logit_effect,33,strict,answer_adjacent,0.696969696969697,33,138.03030303030303,1.0,hidden_lattice
7.882575757575758,3.102272727272727,restore,24,shuffled_mask,5.378787878787879,hidden_target_logit_effect,33,strict,answer_adjacent,0.7575757575757576,33,43.75757575757576,1.0,hidden_lattice
13.859848484848484,5.1893939393939394,restore,24,union_mask,9.553030303030303,hidden_target_logit_effect,33,strict,answer_adjacent,0.7878787878787878,33,686.3030303030303,1.0,hidden_lattice
1.9886363636363635,0.49242424242424243,restore,24,answer_mask,1.1818181818181819,hidden_target_logit_effect,33,strict,top_hidden_delta,0.6060606060606061,33,454.4848484848485,1.0,hidden_lattice
0.9242424242424242,0.04924242424242424,restore,24,shifted_mask,0.4621212121212121,hidden_target_logit_effect,33,strict,top_hidden_delta,0.5454545454545454,33,59.696969696969695,1.0,hidden_lattice
0.9431818181818182,0.1893939393939394,restore,24,shuffled_mask,0.5568181818181818,hidden_target_logit_effect,33,strict,top_hidden_delta,0.5151515151515151,33,12.212121212121213,1.0,hidden_lattice
1.8068181818181819,0.5643939393939394,restore,24,union_mask,1.1022727272727273,hidden_target_logit_effect,33,strict,top_hidden_delta,0.6363636363636364,33,466.1212121212121,1.0,hidden_lattice
14.450757575757576,5.2897727272727275,restore,24,answer_mask,9.725378787878787,hidden_target_logit_effect,33,strict,visual+answer,0.696969696969697,33,651.3333333333334,1.0,hidden_lattice
7.575757575757576,1.4734848484848484,restore,24,shifted_mask,4.303030303030303,hidden_target_logit_effect,33,strict,visual+answer,0.6666666666666666,33,137.84848484848484,1.0,hidden_lattice
8.212121212121213,3.121212121212121,restore,24,shuffled_mask,5.568181818181818,hidden_target_logit_effect,33,strict,visual+answer,0.6666666666666666,33,44.03030303030303,1.0,hidden_lattice
15.643939393939394,5.795454545454546,restore,24,union_mask,10.647727272727273,hidden_target_logit_effect,33,strict,visual+answer,0.7272727272727273,33,686.6666666666666,1.0,hidden_lattice
5.117424242424242,1.3106060606060606,restore,24,answer_mask,2.9867424242424243,hidden_target_logit_effect,33,strict,visual_span,0.696969696969697,33,578.060606060606,1.0,hidden_lattice
2.803030303030303,0.3333333333333333,restore,24,shifted_mask,1.4128787878787878,hidden_target_logit_effect,33,strict,visual_span,0.5454545454545454,33,116.48484848484848,1.0,hidden_lattice
2.7083333333333335,0.5,restore,24,shuffled_mask,1.4924242424242424,hidden_target_logit_effect,33,strict,visual_span,0.6060606060606061,33,28.0,1.0,hidden_lattice
5.09469696969697,1.4507575757575757,restore,24,union_mask,3.0757575757575757,hidden_target_logit_effect,33,strict,visual_span,0.7575757575757576,33,592.8181818181819,1.0,hidden_lattice
7.6022727272727275,2.0113636363636362,corrupt,25,answer_mask,4.882575757575758,hidden_target_logit_effect,33,strict,answer_adjacent,0.7272727272727273,33,30.666666666666668,1.0,hidden_lattice
4.193181818181818,-0.04924242424242424,corrupt,25,shifted_mask,2.037878787878788,hidden_target_logit_effect,33,strict,answer_adjacent,0.6363636363636364,33,3.909090909090909,1.0,hidden_lattice
4.662878787878788,1.3068181818181819,corrupt,25,shuffled_mask,2.9204545454545454,hidden_target_logit_effect,33,strict,answer_adjacent,0.696969696969697,33,4.212121212121212,1.0,hidden_lattice
8.272727272727273,2.196969696969697,corrupt,25,union_mask,5.420454545454546,hidden_target_logit_effect,33,strict,answer_adjacent,0.7575757575757576,33,39.21212121212121,1.0,hidden_lattice
0.12878787878787878,-0.12878787878787878,corrupt,25,answer_mask,0.0,hidden_target_logit_effect,33,strict,top_hidden_delta,0.3333333333333333,33,0.06060606060606061,1.0,hidden_lattice
0.12878787878787878,-0.20454545454545456,corrupt,25,shifted_mask,-0.022727272727272728,hidden_target_logit_effect,33,strict,top_hidden_delta,0.36363636363636365,33,0.09090909090909091,1.0,hidden_lattice
0.21212121212121213,-0.06818181818181818,corrupt,25,shuffled_mask,0.07575757575757576,hidden_target_logit_effect,33,strict,top_hidden_delta,0.42424242424242425,33,0.0,1.0,hidden_lattice
0.2878787878787879,-0.015151515151515152,corrupt,25,union_mask,0.13636363636363635,hidden_target_logit_effect,33,strict,top_hidden_delta,0.5151515151515151,33,-0.030303030303030304,1.0,hidden_lattice
11.621212121212121,3.5833333333333335,corrupt,25,answer_mask,7.543560606060606,hidden_target_logit_effect,33,strict,visual+answer,0.7272727272727273,33,153.9090909090909,1.0,hidden_lattice
5.401515151515151,0.4696969696969697,corrupt,25,shifted_mask,2.8636363636363638,hidden_target_logit_effect,33,strict,visual+answer,0.5454545454545454,33,13.181818181818182,1.0,hidden_lattice
6.181818181818182,1.8484848484848484,corrupt,25,shuffled_mask,3.9545454545454546,hidden_target_logit_effect,33,strict,visual+answer,0.696969696969697,33,9.363636363636363,1.0,hidden_lattice
12.147727272727273,3.7386363636363638,corrupt,25,union_mask,8.0625,hidden_target_logit_effect,33,strict,visual+answer,0.7272727272727273,33,158.27272727272728,1.0,hidden_lattice
0.9696969696969697,-0.20075757575757575,corrupt,25,answer_mask,0.36742424242424243,hidden_target_logit_effect,33,strict,visual_span,0.48484848484848486,33,0.36363636363636365,1.0,hidden_lattice
0.15151515151515152,-0.6893939393939394,corrupt,25,shifted_mask,-0.2727272727272727,hidden_target_logit_effect,33,strict,visual_span,0.36363636363636365,33,0.0,1.0,hidden_lattice
0.17424242424242425,-0.6477272727272727,corrupt,25,shuffled_mask,-0.23106060606060605,hidden_target_logit_effect,33,strict,visual_span,0.36363636363636365,33,-0.030303030303030304,1.0,hidden_lattice
0.9848484848484849,-0.1893939393939394,corrupt,25,union_mask,0.3712121212121212,hidden_target_logit_effect,33,strict,visual_span,0.42424242424242425,33,0.6666666666666666,1.0,hidden_lattice
12.740530303030303,4.486742424242424,restore,25,answer_mask,8.539772727272727,hidden_target_logit_effect,33,strict,answer_adjacent,0.7575757575757576,33,650.7575757575758,1.0,hidden_lattice
7.253787878787879,1.5113636363636365,restore,25,shifted_mask,4.242424242424242,hidden_target_logit_effect,33,strict,answer_adjacent,0.6666666666666666,33,137.9090909090909,1.0,hidden_lattice
7.920454545454546,3.109848484848485,restore,25,shuffled_mask,5.431818181818182,hidden_target_logit_effect,33,strict,answer_adjacent,0.7575757575757576,33,43.81818181818182,1.0,hidden_lattice
14.045454545454545,5.117424242424242,restore,25,union_mask,9.628787878787879,hidden_target_logit_effect,33,strict,answer_adjacent,0.7878787878787878,33,686.3333333333334,1.0,hidden_lattice
1.831439393939394,0.4318181818181818,restore,25,answer_mask,1.0681818181818181,hidden_target_logit_effect,33,strict,top_hidden_delta,0.6363636363636364,33,452.93939393939394,1.0,hidden_lattice
0.9166666666666666,0.10227272727272728,restore,25,shifted_mask,0.49242424242424243,hidden_target_logit_effect,33,strict,top_hidden_delta,0.5454545454545454,33,77.03030303030303,1.0,hidden_lattice
0.946969696969697,0.14015151515151514,restore,25,shuffled_mask,0.5378787878787878,hidden_target_logit_effect,33,strict,top_hidden_delta,0.5454545454545454,33,11.272727272727273,1.0,hidden_lattice
1.8806818181818181,0.6117424242424242,restore,25,union_mask,1.1875,hidden_target_logit_effect,33,strict,top_hidden_delta,0.7575757575757576,33,470.030303030303,1.0,hidden_lattice
14.477272727272727,5.265151515151516,restore,25,answer_mask,9.710227272727273,hidden_target_logit_effect,33,strict,visual+answer,0.7272727272727273,33,651.2424242424242,1.0,hidden_lattice
7.571969696969697,1.4393939393939394,restore,25,shifted_mask,4.3106060606060606,hidden_target_logit_effect,33,strict,visual+answer,0.696969696969697,33,137.96969696969697,1.0,hidden_lattice
8.231060606060606,3.0984848484848486,restore,25,shuffled_mask,5.545454545454546,hidden_target_logit_effect,33,strict,visual+answer,0.6666666666666666,33,44.03030303030303,1.0,hidden_lattice
15.621212121212121,5.700757575757576,restore,25,union_mask,10.647727272727273,hidden_target_logit_effect,33,strict,visual+answer,0.7272727272727273,33,686.6969696969697,1.0,hidden_lattice
4.9772727272727275,1.2121212121212122,restore,25,answer_mask,2.8882575757575757,hidden_target_logit_effect,33,strict,visual_span,0.6666666666666666,33,577.0,1.0,hidden_lattice
2.6856060606060606,0.25757575757575757,restore,25,shifted_mask,1.3181818181818181,hidden_target_logit_effect,33,strict,visual_span,0.5151515151515151,33,115.96969696969697,1.0,hidden_lattice
2.602272727272727,0.39015151515151514,restore,25,shuffled_mask,1.4166666666666667,hidden_target_logit_effect,33,strict,visual_span,0.5757575757575758,33,27.454545454545453,1.0,hidden_lattice
5.015151515151516,1.3522727272727273,restore,25,union_mask,2.996212121212121,hidden_target_logit_effect,33,strict,visual_span,0.7575757575757576,33,590.1212121212121,1.0,hidden_lattice
9.647727272727273,2.9356060606060606,corrupt,26,answer_mask,6.378787878787879,hidden_target_logit_effect,33,strict,answer_adjacent,0.7272727272727273,33,51.484848484848484,1.0,hidden_lattice
5.1856060606060606,0.4393939393939394,corrupt,26,shifted_mask,2.7196969696969697,hidden_target_logit_effect,33,strict,answer_adjacent,0.5757575757575758,33,12.424242424242424,1.0,hidden_lattice
5.704545454545454,1.9128787878787878,corrupt,26,shuffled_mask,3.746212121212121,hidden_target_logit_effect,33,strict,answer_adjacent,0.7575757575757576,33,7.787878787878788,1.0,hidden_lattice
10.530303030303031,3.371212121212121,corrupt,26,union_mask,7.083333333333333,hidden_target_logit_effect,33,strict,answer_adjacent,0.7272727272727273,33,69.24242424242425,1.0,hidden_lattice
0.2878787878787879,0.0,corrupt,26,answer_mask,0.14393939393939395,hidden_target_logit_effect,33,strict,top_hidden_delta,0.48484848484848486,33,0.0,1.0,hidden_lattice
0.07575757575757576,-0.1893939393939394,corrupt,26,shifted_mask,-0.05303030303030303,hidden_target_logit_effect,33,strict,top_hidden_delta,0.2727272727272727,33,-0.030303030303030304,1.0,hidden_lattice
0.12121212121212122,-0.12878787878787878,corrupt,26,shuffled_mask,0.0,hidden_target_logit_effect,33,strict,top_hidden_delta,0.2727272727272727,33,0.06060606060606061,1.0,hidden_lattice
0.2878787878787879,-0.022727272727272728,corrupt,26,union_mask,0.12878787878787878,hidden_target_logit_effect,33,strict,top_hidden_delta,0.45454545454545453,33,0.030303030303030304,1.0,hidden_lattice
12.274621212121213,3.710227272727273,corrupt,26,answer_mask,7.854166666666667,hidden_target_logit_effect,33,strict,visual+answer,0.7272727272727273,33,267.1515151515151,1.0,hidden_lattice
5.920454545454546,0.5265151515151515,corrupt,26,shifted_mask,3.140151515151515,hidden_target_logit_effect,33,strict,visual+answer,0.6060606060606061,33,23.636363636363637,1.0,hidden_lattice
6.613636363636363,2.022727272727273,corrupt,26,shuffled_mask,4.223484848484849,hidden_target_logit_effect,33,strict,visual+answer,0.696969696969697,33,12.878787878787879,1.0,hidden_lattice
13.0,4.117424242424242,corrupt,26,union_mask,8.575757575757576,hidden_target_logit_effect,33,strict,visual+answer,0.7272727272727273,33,284.8181818181818,1.0,hidden_lattice
0.16666666666666666,-0.6212121212121212,corrupt,26,answer_mask,-0.21212121212121213,hidden_target_logit_effect,33,strict,visual_span,0.36363636363636365,33,0.18181818181818182,1.0,hidden_lattice
-0.03787878787878788,-0.5984848484848485,corrupt,26,shifted_mask,-0.3181818181818182,hidden_target_logit_effect,33,strict,visual_span,0.2727272727272727,33,-0.06060606060606061,1.0,hidden_lattice
0.06060606060606061,-0.6212121212121212,corrupt,26,shuffled_mask,-0.2727272727272727,hidden_target_logit_effect,33,strict,visual_span,0.2727272727272727,33,0.0,1.0,hidden_lattice
0.24242424242424243,-0.6060606060606061,corrupt,26,union_mask,-0.17424242424242425,hidden_target_logit_effect,33,strict,visual_span,0.30303030303030304,33,0.18181818181818182,1.0,hidden_lattice
14.539772727272727,5.159090909090909,restore,26,answer_mask,9.679924242424242,hidden_target_logit_effect,33,strict,answer_adjacent,0.7272727272727273,33,651.0909090909091,1.0,hidden_lattice
7.768939393939394,1.8636363636363635,restore,26,shifted_mask,4.621212121212121,hidden_target_logit_effect,33,strict,answer_adjacent,0.7272727272727273,33,137.8181818181818,1.0,hidden_lattice
8.356060606060606,3.375,restore,26,shuffled_mask,5.765151515151516,hidden_target_logit_effect,33,strict,answer_adjacent,0.8181818181818182,33,43.78787878787879,1.0,hidden_lattice
15.825757575757576,5.950757575757576,restore,26,union_mask,10.852272727272727,hidden_target_logit_effect,33,strict,answer_adjacent,0.7878787878787878,33,686.7575757575758,1.0,hidden_lattice
1.5132575757575757,0.38636363636363635,restore,26,answer_mask,0.9109848484848485,hidden_target_logit_effect,33,strict,top_hidden_delta,0.5757575757575758,33,425.09090909090907,1.0,hidden_lattice
0.678030303030303,0.045454545454545456,restore,26,shifted_mask,0.3371212121212121,hidden_target_logit_effect,33,strict,top_hidden_delta,0.48484848484848486,33,63.63636363636363,1.0,hidden_lattice
0.821969696969697,0.10227272727272728,restore,26,shuffled_mask,0.4431818181818182,hidden_target_logit_effect,33,strict,top_hidden_delta,0.5454545454545454,33,9.0,1.0,hidden_lattice
1.356060606060606,0.3333333333333333,restore,26,union_mask,0.7992424242424242,hidden_target_logit_effect,33,strict,top_hidden_delta,0.7272727272727273,33,427.030303030303,1.0,hidden_lattice
14.196969696969697,4.922348484848484,restore,26,answer_mask,9.445075757575758,hidden_target_logit_effect,33,strict,visual+answer,0.7272727272727273,33,651.2727272727273,1.0,hidden_lattice
7.625,1.4166666666666667,restore,26,shifted_mask,4.340909090909091,hidden_target_logit_effect,33,strict,visual+answer,0.6666666666666666,33,137.96969696969697,1.0,hidden_lattice
8.261363636363637,3.102272727272727,restore,26,shuffled_mask,5.553030303030303,hidden_target_logit_effect,33,strict,visual+answer,0.7575757575757576,33,43.93939393939394,1.0,hidden_lattice
15.526515151515152,5.731060606060606,restore,26,union_mask,10.579545454545455,hidden_target_logit_effect,33,strict,visual+answer,0.7575757575757576,33,686.8484848484849,1.0,hidden_lattice
3.1666666666666665,0.6799242424242424,restore,26,answer_mask,1.759469696969697,hidden_target_logit_effect,33,strict,visual_span,0.7272727272727273,33,544.0,1.0,hidden_lattice
1.6136363636363635,0.06818181818181818,restore,26,shifted_mask,0.7196969696969697,hidden_target_logit_effect,33,strict,visual_span,0.48484848484848486,33,91.0,1.0,hidden_lattice
1.6174242424242424,0.07575757575757576,restore,26,shuffled_mask,0.7651515151515151,hidden_target_logit_effect,33,strict,visual_span,0.5454545454545454,33,18.545454545454547,1.0,hidden_lattice
3.037878787878788,0.625,restore,26,union_mask,1.6856060606060606,hidden_target_logit_effect,33,strict,visual_span,0.7575757575757576,33,540.2424242424242,1.0,hidden_lattice
9.723484848484848,3.071969696969697,corrupt,27,answer_mask,6.473484848484849,hidden_target_logit_effect,33,strict,answer_adjacent,0.7575757575757576,33,54.18181818181818,1.0,hidden_lattice
5.2727272727272725,0.553030303030303,corrupt,27,shifted_mask,2.8484848484848486,hidden_target_logit_effect,33,strict,answer_adjacent,0.6060606060606061,33,12.606060606060606,1.0,hidden_lattice
5.666666666666667,1.9734848484848484,corrupt,27,shuffled_mask,3.772727272727273,hidden_target_logit_effect,33,strict,answer_adjacent,0.7878787878787878,33,7.606060606060606,1.0,hidden_lattice
10.579545454545455,3.412878787878788,corrupt,27,union_mask,7.140151515151516,hidden_target_logit_effect,33,strict,answer_adjacent,0.7272727272727273,33,73.36363636363636,1.0,hidden_lattice
0.21212121212121213,-0.05303030303030303,corrupt,27,answer_mask,0.07575757575757576,hidden_target_logit_effect,33,strict,top_hidden_delta,0.3939393939393939,33,0.30303030303030304,1.0,hidden_lattice
0.11363636363636363,-0.13636363636363635,corrupt,27,shifted_mask,-0.015151515151515152,hidden_target_logit_effect,33,strict,top_hidden_delta,0.2727272727272727,33,-0.06060606060606061,1.0,hidden_lattice
0.21212121212121213,-0.09848484848484848,corrupt,27,shuffled_mask,0.05303030303030303,hidden_target_logit_effect,33,strict,top_hidden_delta,0.3939393939393939,33,0.09090909090909091,1.0,hidden_lattice
0.2727272727272727,-0.06060606060606061,corrupt,27,union_mask,0.10606060606060606,hidden_target_logit_effect,33,strict,top_hidden_delta,0.48484848484848486,33,0.030303030303030304,1.0,hidden_lattice
12.534090909090908,3.8863636363636362,corrupt,27,answer_mask,8.12689393939394,hidden_target_logit_effect,33,strict,visual+answer,0.7272727272727273,33,313.6060606060606,1.0,hidden_lattice
6.143939393939394,0.75,corrupt,27,shifted_mask,3.321969696969697,hidden_target_logit_effect,33,strict,visual+answer,0.5757575757575758,33,24.333333333333332,1.0,hidden_lattice
6.78030303030303,2.257575757575758,corrupt,27,shuffled_mask,4.416666666666667,hidden_target_logit_effect,33,strict,visual+answer,0.7575757575757576,33,13.272727272727273,1.0,hidden_lattice
13.145833333333334,4.134469696969697,corrupt,27,union_mask,8.683712121212121,hidden_target_logit_effect,33,strict,visual+answer,0.7575757575757576,33,328.75757575757575,1.0,hidden_lattice
0.5151515151515151,-0.30303030303030304,corrupt,27,answer_mask,0.11363636363636363,hidden_target_logit_effect,33,strict,visual_span,0.48484848484848486,33,0.45454545454545453,1.0,hidden_lattice
0.03787878787878788,-0.49242424242424243,corrupt,27,shifted_mask,-0.22727272727272727,hidden_target_logit_effect,33,strict,visual_span,0.30303030303030304,33,-0.030303030303030304,1.0,hidden_lattice
0.14393939393939395,-0.5681818181818182,corrupt,27,shuffled_mask,-0.19696969696969696,hidden_target_logit_effect,33,strict,visual_span,0.30303030303030304,33,0.06060606060606061,1.0,hidden_lattice
0.4166666666666667,-0.44696969696969696,corrupt,27,union_mask,0.0,hidden_target_logit_effect,33,strict,visual_span,0.30303030303030304,33,0.36363636363636365,1.0,hidden_lattice
14.115530303030303,4.992424242424242,restore,27,answer_mask,9.369318181818182,hidden_target_logit_effect,33,strict,answer_adjacent,0.7575757575757576,33,650.969696969697,1.0,hidden_lattice
7.643939393939394,1.8333333333333333,restore,27,shifted_mask,4.537878787878788,hidden_target_logit_effect,33,strict,answer_adjacent,0.7272727272727273,33,137.87878787878788,1.0,hidden_lattice
8.143939393939394,3.246212121212121,restore,27,shuffled_mask,5.621212121212121,hidden_target_logit_effect,33,strict,answer_adjacent,0.8181818181818182,33,43.81818181818182,1.0,hidden_lattice
15.443181818181818,5.806818181818182,restore,27,union_mask,10.556818181818182,hidden_target_logit_effect,33,strict,answer_adjacent,0.7878787878787878,33,686.6363636363636,1.0,hidden_lattice
1.6666666666666667,0.4621212121212121,restore,27,answer_mask,1.003787878787879,hidden_target_logit_effect,33,strict,top_hidden_delta,0.6666666666666666,33,430.3636363636364,1.0,hidden_lattice
0.8787878787878788,0.0946969696969697,restore,27,shifted_mask,0.45075757575757575,hidden_target_logit_effect,33,strict,top_hidden_delta,0.42424242424242425,33,63.78787878787879,1.0,hidden_lattice
0.8484848484848485,0.16666666666666666,restore,27,shuffled_mask,0.4962121212121212,hidden_target_logit_effect,33,strict,top_hidden_delta,0.6060606060606061,33,11.181818181818182,1.0,hidden_lattice
1.4545454545454546,0.4090909090909091,restore,27,union_mask,0.8825757575757576,hidden_target_logit_effect,33,strict,top_hidden_delta,0.6363636363636364,33,433.57575757575756,1.0,hidden_lattice
14.234848484848484,5.035984848484849,restore,27,answer_mask,9.513257575757576,hidden_target_logit_effect,33,strict,visual+answer,0.7272727272727273,33,651.4545454545455,1.0,hidden_lattice
7.7727272727272725,1.4545454545454546,restore,27,shifted_mask,4.393939393939394,hidden_target_logit_effect,33,strict,visual+answer,0.7272727272727273,33,138.03030303030303,1.0,hidden_lattice
8.340909090909092,3.2196969696969697,restore,27,shuffled_mask,5.643939393939394,hidden_target_logit_effect,33,strict,visual+answer,0.7575757575757576,33,43.93939393939394,1.0,hidden_lattice
15.549242424242424,5.829545454545454,restore,27,union_mask,10.655303030303031,hidden_target_logit_effect,33,strict,visual+answer,0.7878787878787878,33,686.7575757575758,1.0,hidden_lattice
3.140151515151515,0.6931818181818182,restore,27,answer_mask,1.7916666666666667,hidden_target_logit_effect,33,strict,visual_span,0.6363636363636364,33,538.2727272727273,1.0,hidden_lattice
1.6515151515151516,0.06439393939393939,restore,27,shifted_mask,0.75,hidden_target_logit_effect,33,strict,visual_span,0.48484848484848486,33,89.0909090909091,1.0,hidden_lattice
1.7348484848484849,0.12121212121212122,restore,27,shuffled_mask,0.8371212121212122,hidden_target_logit_effect,33,strict,visual_span,0.6363636363636364,33,18.181818181818183,1.0,hidden_lattice
2.9886363636363638,0.5909090909090909,restore,27,union_mask,1.6553030303030303,hidden_target_logit_effect,33,strict,visual_span,0.696969696969697,33,536.5454545454545,1.0,hidden_lattice
10.166666666666666,3.2803030303030303,corrupt,28,answer_mask,6.761363636363637,hidden_target_logit_effect,33,strict,answer_adjacent,0.7575757575757576,33,68.87878787878788,1.0,hidden_lattice
5.454545454545454,0.696969696969697,corrupt,28,shifted_mask,2.992424242424242,hidden_target_logit_effect,33,strict,answer_adjacent,0.6060606060606061,33,13.484848484848484,1.0,hidden_lattice
5.928030303030303,2.087121212121212,corrupt,28,shuffled_mask,3.946969696969697,hidden_target_logit_effect,33,strict,answer_adjacent,0.7575757575757576,33,8.666666666666666,1.0,hidden_lattice
11.011363636363637,3.742424242424242,corrupt,28,union_mask,7.492424242424242,hidden_target_logit_effect,33,strict,answer_adjacent,0.7272727272727273,33,87.75757575757575,1.0,hidden_lattice
0.4318181818181818,-0.09090909090909091,corrupt,28,answer_mask,0.14772727272727273,hidden_target_logit_effect,33,strict,top_hidden_delta,0.36363636363636365,33,0.09090909090909091,1.0,hidden_lattice
0.14393939393939395,-0.07575757575757576,corrupt,28,shifted_mask,0.03787878787878788,hidden_target_logit_effect,33,strict,top_hidden_delta,0.42424242424242425,33,0.0,1.0,hidden_lattice
0.17424242424242425,-0.03787878787878788,corrupt,28,shuffled_mask,0.06818181818181818,hidden_target_logit_effect,33,strict,top_hidden_delta,0.3939393939393939,33,0.06060606060606061,1.0,hidden_lattice
0.48484848484848486,0.022727272727272728,corrupt,28,union_mask,0.25,hidden_target_logit_effect,33,strict,top_hidden_delta,0.42424242424242425,33,0.030303030303030304,1.0,hidden_lattice
12.714015151515152,3.9678030303030303,corrupt,28,answer_mask,8.194128787878787,hidden_target_logit_effect,33,strict,visual+answer,0.7272727272727273,33,363.969696969697,1.0,hidden_lattice
6.174242424242424,0.803030303030303,corrupt,28,shifted_mask,3.367424242424242,hidden_target_logit_effect,33,strict,visual+answer,0.6060606060606061,33,26.848484848484848,1.0,hidden_lattice
6.8106060606060606,2.215909090909091,corrupt,28,shuffled_mask,4.428030303030303,hidden_target_logit_effect,33,strict,visual+answer,0.696969696969697,33,15.424242424242424,1.0,hidden_lattice
13.263257575757576,4.340909090909091,corrupt,28,union_mask,8.839962121212121,hidden_target_logit_effect,33,strict,visual+answer,0.7575757575757576,33,379.75757575757575,1.0,hidden_lattice
0.4393939393939394,-0.38636363636363635,corrupt,28,answer_mask,0.03787878787878788,hidden_target_logit_effect,33,strict,visual_span,0.45454545454545453,33,0.42424242424242425,1.0,hidden_lattice
0.10606060606060606,-0.48484848484848486,corrupt,28,shifted_mask,-0.1893939393939394,hidden_target_logit_effect,33,strict,visual_span,0.3939393939393939,33,0.09090909090909091,1.0,hidden_lattice
0.10606060606060606,-0.6590909090909091,corrupt,28,shuffled_mask,-0.25,hidden_target_logit_effect,33,strict,visual_span,0.3333333333333333,33,0.15151515151515152,1.0,hidden_lattice
0.3484848484848485,-0.5,corrupt,28,union_mask,-0.06818181818181818,hidden_target_logit_effect,33,strict,visual_span,0.3333333333333333,33,0.42424242424242425,1.0,hidden_lattice
14.297348484848484,5.1268939393939394,restore,28,answer_mask,9.475378787878787,hidden_target_logit_effect,33,strict,answer_adjacent,0.7575757575757576,33,651.0909090909091,1.0,hidden_lattice
7.65530303030303,1.821969696969697,restore,28,shifted_mask,4.553030303030303,hidden_target_logit_effect,33,strict,answer_adjacent,0.7272727272727273,33,137.96969696969697,1.0,hidden_lattice
8.272727272727273,3.2992424242424243,restore,28,shuffled_mask,5.71969696969697,hidden_target_logit_effect,33,strict,answer_adjacent,0.8181818181818182,33,43.78787878787879,1.0,hidden_lattice
15.534090909090908,5.840909090909091,restore,28,union_mask,10.594696969696969,hidden_target_logit_effect,33,strict,answer_adjacent,0.7878787878787878,33,686.6363636363636,1.0,hidden_lattice
1.875,0.5795454545454546,restore,28,answer_mask,1.1818181818181819,hidden_target_logit_effect,33,strict,top_hidden_delta,0.7575757575757576,33,443.75757575757575,1.0,hidden_lattice
0.6136363636363636,0.011363636363636364,restore,28,shifted_mask,0.2916666666666667,hidden_target_logit_effect,33,strict,top_hidden_delta,0.3939393939393939,33,63.93939393939394,1.0,hidden_lattice
0.9128787878787878,0.14015151515151514,restore,28,shuffled_mask,0.5113636363636364,hidden_target_logit_effect,33,strict,top_hidden_delta,0.5151515151515151,33,9.212121212121213,1.0,hidden_lattice
1.621212121212121,0.4772727272727273,restore,28,union_mask,1.0170454545454546,hidden_target_logit_effect,33,strict,top_hidden_delta,0.696969696969697,33,448.6363636363636,1.0,hidden_lattice
14.166666666666666,4.996212121212121,restore,28,answer_mask,9.467803030303031,hidden_target_logit_effect,33,strict,visual+answer,0.7272727272727273,33,651.3939393939394,1.0,hidden_lattice
7.662878787878788,1.496212121212121,restore,28,shifted_mask,4.386363636363637,hidden_target_logit_effect,33,strict,visual+answer,0.696969696969697,33,138.0,1.0,hidden_lattice
8.242424242424242,3.071969696969697,restore,28,shuffled_mask,5.53030303030303,hidden_target_logit_effect,33,strict,visual+answer,0.7272727272727273,33,44.0,1.0,hidden_lattice
15.511363636363637,5.708333333333333,restore,28,union_mask,10.594696969696969,hidden_target_logit_effect,33,strict,visual+answer,0.7878787878787878,33,686.7575757575758,1.0,hidden_lattice
2.9678030303030303,0.6363636363636364,restore,28,answer_mask,1.691287878787879,hidden_target_logit_effect,33,strict,visual_span,0.6363636363636364,33,526.939393939394,1.0,hidden_lattice
1.5681818181818181,-0.003787878787878788,restore,28,shifted_mask,0.6666666666666666,hidden_target_logit_effect,33,strict,visual_span,0.45454545454545453,33,89.60606060606061,1.0,hidden_lattice
1.5113636363636365,-0.03787878787878788,restore,28,shuffled_mask,0.6477272727272727,hidden_target_logit_effect,33,strict,visual_span,0.48484848484848486,33,17.484848484848484,1.0,hidden_lattice
2.715909090909091,0.4734848484848485,restore,28,union_mask,1.4772727272727273,hidden_target_logit_effect,33,strict,visual_span,0.6666666666666666,33,523.4242424242424,1.0,hidden_lattice
10.492424242424242,3.3068181818181817,corrupt,29,answer_mask,6.90719696969697,hidden_target_logit_effect,33,strict,answer_adjacent,0.7272727272727273,33,82.0909090909091,1.0,hidden_lattice
5.53030303030303,0.7803030303030303,corrupt,29,shifted_mask,3.0795454545454546,hidden_target_logit_effect,33,strict,answer_adjacent,0.6363636363636364,33,13.333333333333334,1.0,hidden_lattice
5.962121212121212,2.2083333333333335,corrupt,29,shuffled_mask,4.018939393939394,hidden_target_logit_effect,33,strict,answer_adjacent,0.7878787878787878,33,8.515151515151516,1.0,hidden_lattice
11.196969696969697,3.803030303030303,corrupt,29,union_mask,7.598484848484849,hidden_target_logit_effect,33,strict,answer_adjacent,0.7272727272727273,33,96.48484848484848,1.0,hidden_lattice
0.4053030303030303,-0.12121212121212122,corrupt,29,answer_mask,0.10984848484848485,hidden_target_logit_effect,33,strict,top_hidden_delta,0.2727272727272727,33,0.0,1.0,hidden_lattice
0.11363636363636363,-0.12121212121212122,corrupt,29,shifted_mask,0.0,hidden_target_logit_effect,33,strict,top_hidden_delta,0.3939393939393939,33,0.06060606060606061,1.0,hidden_lattice
0.12121212121212122,-0.09090909090909091,corrupt,29,shuffled_mask,0.015151515151515152,hidden_target_logit_effect,33,strict,top_hidden_delta,0.36363636363636365,33,0.0,1.0,hidden_lattice
0.4015151515151515,-0.07575757575757576,corrupt,29,union_mask,0.15151515151515152,hidden_target_logit_effect,33,strict,top_hidden_delta,0.36363636363636365,33,-0.030303030303030304,1.0,hidden_lattice
12.681818181818182,3.903409090909091,corrupt,29,answer_mask,8.160984848484848,hidden_target_logit_effect,33,strict,visual+answer,0.7272727272727273,33,361.8181818181818,1.0,hidden_lattice
6.246212121212121,0.8068181818181818,corrupt,29,shifted_mask,3.397727272727273,hidden_target_logit_effect,33,strict,visual+answer,0.6060606060606061,33,27.242424242424242,1.0,hidden_lattice
6.761363636363637,2.1931818181818183,corrupt,29,shuffled_mask,4.3977272727272725,hidden_target_logit_effect,33,strict,visual+answer,0.696969696969697,33,14.757575757575758,1.0,hidden_lattice
13.244318181818182,4.2102272727272725,corrupt,29,union_mask,8.793560606060606,hidden_target_logit_effect,33,strict,visual+answer,0.7575757575757576,33,378.969696969697,1.0,hidden_lattice
0.32575757575757575,-0.4772727272727273,corrupt,29,answer_mask,-0.06818181818181818,hidden_target_logit_effect,33,strict,visual_span,0.42424242424242425,33,0.3939393939393939,1.0,hidden_lattice
0.13636363636363635,-0.45454545454545453,corrupt,29,shifted_mask,-0.1590909090909091,hidden_target_logit_effect,33,strict,visual_span,0.36363636363636365,33,0.09090909090909091,1.0,hidden_lattice
0.015151515151515152,-0.7878787878787878,corrupt,29,shuffled_mask,-0.3560606060606061,hidden_target_logit_effect,33,strict,visual_span,0.36363636363636365,33,0.09090909090909091,1.0,hidden_lattice
0.22727272727272727,-0.5833333333333334,corrupt,29,union_mask,-0.17424242424242425,hidden_target_logit_effect,33,strict,visual_span,0.36363636363636365,33,0.3939393939393939,1.0,hidden_lattice
14.378787878787879,5.106060606060606,restore,29,answer_mask,9.49810606060606,hidden_target_logit_effect,33,strict,answer_adjacent,0.7272727272727273,33,651.030303030303,1.0,hidden_lattice
7.715909090909091,1.821969696969697,restore,29,shifted_mask,4.590909090909091,hidden_target_logit_effect,33,strict,answer_adjacent,0.7272727272727273,33,137.93939393939394,1.0,hidden_lattice
8.303030303030303,3.3333333333333335,restore,29,shuffled_mask,5.7272727272727275,hidden_target_logit_effect,33,strict,answer_adjacent,0.8181818181818182,33,43.878787878787875,1.0,hidden_lattice
15.617424242424242,5.924242424242424,restore,29,union_mask,10.700757575757576,hidden_target_logit_effect,33,strict,answer_adjacent,0.7575757575757576,33,686.6363636363636,1.0,hidden_lattice
1.8636363636363635,0.5606060606060606,restore,29,answer_mask,1.178030303030303,hidden_target_logit_effect,33,strict,top_hidden_delta,0.6060606060606061,33,375.09090909090907,1.0,hidden_lattice
0.8295454545454546,0.007575757575757576,restore,29,shifted_mask,0.3787878787878788,hidden_target_logit_effect,33,strict,top_hidden_delta,0.45454545454545453,33,52.93939393939394,1.0,hidden_lattice
0.9090909090909091,0.15151515151515152,restore,29,shuffled_mask,0.5037878787878788,hidden_target_logit_effect,33,strict,top_hidden_delta,0.5757575757575758,33,9.212121212121213,1.0,hidden_lattice
2.047348484848485,0.6136363636363636,restore,29,union_mask,1.2746212121212122,hidden_target_logit_effect,33,strict,top_hidden_delta,0.6060606060606061,33,411.3333333333333,1.0,hidden_lattice
14.113636363636363,4.9602272727272725,restore,29,answer_mask,9.422348484848484,hidden_target_logit_effect,33,strict,visual+answer,0.7272727272727273,33,651.3333333333334,1.0,hidden_lattice
7.700757575757576,1.3977272727272727,restore,29,shifted_mask,4.356060606060606,hidden_target_logit_effect,33,strict,visual+answer,0.696969696969697,33,138.0909090909091,1.0,hidden_lattice
8.162878787878787,3.0795454545454546,restore,29,shuffled_mask,5.507575757575758,hidden_target_logit_effect,33,strict,visual+answer,0.7272727272727273,33,44.06060606060606,1.0,hidden_lattice
15.333333333333334,5.651515151515151,restore,29,union_mask,10.458333333333334,hidden_target_logit_effect,33,strict,visual+answer,0.7272727272727273,33,686.7878787878788,1.0,hidden_lattice
2.446969696969697,0.48863636363636365,restore,29,answer_mask,1.4090909090909092,hidden_target_logit_effect,33,strict,visual_span,0.6060606060606061,33,499.6969696969697,1.0,hidden_lattice
1.4242424242424243,-0.11363636363636363,restore,29,shifted_mask,0.5492424242424242,hidden_target_logit_effect,33,strict,visual_span,0.3939393939393939,33,86.81818181818181,1.0,hidden_lattice
1.3825757575757576,-0.10227272727272728,restore,29,shuffled_mask,0.553030303030303,hidden_target_logit_effect,33,strict,visual_span,0.48484848484848486,33,16.757575757575758,1.0,hidden_lattice
2.1931818181818183,0.29545454545454547,restore,29,union_mask,1.1704545454545454,hidden_target_logit_effect,33,strict,visual_span,0.6363636363636364,33,497.6060606060606,1.0,hidden_lattice
11.776515151515152,3.871212121212121,corrupt,30,answer_mask,7.761363636363637,hidden_target_logit_effect,33,strict,answer_adjacent,0.7272727272727273,33,155.45454545454547,1.0,hidden_lattice
5.829545454545454,0.9393939393939394,corrupt,30,shifted_mask,3.3068181818181817,hidden_target_logit_effect,33,strict,answer_adjacent,0.6666666666666666,33,16.757575757575758,1.0,hidden_lattice
6.2727272727272725,2.534090909090909,corrupt,30,shuffled_mask,4.306818181818182,hidden_target_logit_effect,33,strict,answer_adjacent,0.7878787878787878,33,9.363636363636363,1.0,hidden_lattice
12.382575757575758,4.287878787878788,corrupt,30,union_mask,8.367424242424242,hidden_target_logit_effect,33,strict,answer_adjacent,0.7272727272727273,33,179.4848484848485,1.0,hidden_lattice
0.5416666666666666,-0.030303030303030304,corrupt,30,answer_mask,0.22348484848484848,hidden_target_logit_effect,33,strict,top_hidden_delta,0.30303030303030304,33,0.030303030303030304,1.0,hidden_lattice
0.0,-0.20454545454545456,corrupt,30,shifted_mask,-0.09848484848484848,hidden_target_logit_effect,33,strict,top_hidden_delta,0.21212121212121213,33,0.0,1.0,hidden_lattice
-0.007575757575757576,-0.29545454545454547,corrupt,30,shuffled_mask,-0.15151515151515152,hidden_target_logit_effect,33,strict,top_hidden_delta,0.18181818181818182,33,0.09090909090909091,1.0,hidden_lattice
0.3560606060606061,-0.10606060606060606,corrupt,30,union_mask,0.10606060606060606,hidden_target_logit_effect,33,strict,top_hidden_delta,0.30303030303030304,33,-0.06060606060606061,1.0,hidden_lattice
12.742424242424242,3.960227272727273,corrupt,30,answer_mask,8.237689393939394,hidden_target_logit_effect,33,strict,visual+answer,0.7272727272727273,33,401.4848484848485,1.0,hidden_lattice
6.340909090909091,0.8787878787878788,corrupt,30,shifted_mask,3.4696969696969697,hidden_target_logit_effect,33,strict,visual+answer,0.6060606060606061,33,30.515151515151516,1.0,hidden_lattice
6.8977272727272725,2.265151515151515,corrupt,30,shuffled_mask,4.496212121212121,hidden_target_logit_effect,33,strict,visual+answer,0.696969696969697,33,16.727272727272727,1.0,hidden_lattice
13.428977272727273,4.394886363636363,corrupt,30,union_mask,8.947916666666666,hidden_target_logit_effect,33,strict,visual+answer,0.696969696969697,33,421.8181818181818,1.0,hidden_lattice
0.1893939393939394,-0.5984848484848485,corrupt,30,answer_mask,-0.19696969696969696,hidden_target_logit_effect,33,strict,visual_span,0.45454545454545453,33,0.21212121212121213,1.0,hidden_lattice
-0.03787878787878788,-0.6742424242424242,corrupt,30,shifted_mask,-0.3484848484848485,hidden_target_logit_effect,33,strict,visual_span,0.24242424242424243,33,0.030303030303030304,1.0,hidden_lattice
-0.03787878787878788,-0.8636363636363636,corrupt,30,shuffled_mask,-0.42424242424242425,hidden_target_logit_effect,33,strict,visual_span,0.30303030303030304,33,0.0,1.0,hidden_lattice
0.11363636363636363,-0.6515151515151515,corrupt,30,union_mask,-0.25757575757575757,hidden_target_logit_effect,33,strict,visual_span,0.36363636363636365,33,0.18181818181818182,1.0,hidden_lattice
14.329545454545455,5.179924242424242,restore,30,answer_mask,9.573863636363637,hidden_target_logit_effect,33,strict,answer_adjacent,0.7272727272727273,33,651.030303030303,1.0,hidden_lattice
7.821969696969697,1.9886363636363635,restore,30,shifted_mask,4.734848484848484,hidden_target_logit_effect,33,strict,answer_adjacent,0.7878787878787878,33,137.96969696969697,1.0,hidden_lattice
8.462121212121213,3.5454545454545454,restore,30,shuffled_mask,5.924242424242424,hidden_target_logit_effect,33,strict,answer_adjacent,0.8484848484848485,33,43.90909090909091,1.0,hidden_lattice
15.640151515151516,6.034090909090909,restore,30,union_mask,10.738636363636363,hidden_target_logit_effect,33,strict,answer_adjacent,0.7575757575757576,33,686.5757575757576,1.0,hidden_lattice
0.6306818181818182,0.1590909090909091,restore,30,answer_mask,0.39109848484848486,hidden_target_logit_effect,33,strict,top_hidden_delta,0.5454545454545454,33,117.84848484848484,1.0,hidden_lattice
0.7159090909090909,-0.06060606060606061,restore,30,shifted_mask,0.2727272727272727,hidden_target_logit_effect,33,strict,top_hidden_delta,0.36363636363636365,33,16.272727272727273,1.0,hidden_lattice
0.6439393939393939,-0.06818181818181818,restore,30,shuffled_mask,0.23863636363636365,hidden_target_logit_effect,33,strict,top_hidden_delta,0.45454545454545453,33,2.0303030303030303,1.0,hidden_lattice
1.206439393939394,0.26325757575757575,restore,30,union_mask,0.6865530303030303,hidden_target_logit_effect,33,strict,top_hidden_delta,0.6363636363636364,33,119.60606060606061,1.0,hidden_lattice
13.945075757575758,4.899621212121212,restore,30,answer_mask,9.285984848484848,hidden_target_logit_effect,33,strict,visual+answer,0.7272727272727273,33,651.1818181818181,1.0,hidden_lattice
7.681818181818182,1.4545454545454546,restore,30,shifted_mask,4.371212121212121,hidden_target_logit_effect,33,strict,visual+answer,0.6666666666666666,33,138.12121212121212,1.0,hidden_lattice
8.246212121212121,3.1856060606060606,restore,30,shuffled_mask,5.598484848484849,hidden_target_logit_effect,33,strict,visual+answer,0.7575757575757576,33,44.0,1.0,hidden_lattice
15.166666666666666,5.628787878787879,restore,30,union_mask,10.375,hidden_target_logit_effect,33,strict,visual+answer,0.7272727272727273,33,686.7878787878788,1.0,hidden_lattice
0.9147727272727273,-0.17045454545454544,restore,30,answer_mask,0.3428030303030303,hidden_target_logit_effect,33,strict,visual_span,0.42424242424242425,33,343.3333333333333,1.0,hidden_lattice
1.0795454545454546,-0.23484848484848486,restore,30,shifted_mask,0.3333333333333333,hidden_target_logit_effect,33,strict,visual_span,0.3333333333333333,33,65.81818181818181,1.0,hidden_lattice
1.0871212121212122,-0.3560606060606061,restore,30,shuffled_mask,0.2765151515151515,hidden_target_logit_effect,33,strict,visual_span,0.42424242424242425,33,14.757575757575758,1.0,hidden_lattice
1.0606060606060606,-0.16287878787878787,restore,30,union_mask,0.42803030303030304,hidden_target_logit_effect,33,strict,visual_span,0.5151515151515151,33,337.75757575757575,1.0,hidden_lattice
13.395833333333334,4.492424242424242,corrupt,31,answer_mask,8.850378787878787,hidden_target_logit_effect,33,strict,answer_adjacent,0.7272727272727273,33,438.1515151515151,1.0,hidden_lattice
6.837121212121212,1.0757575757575757,corrupt,31,shifted_mask,3.8446969696969697,hidden_target_logit_effect,33,strict,answer_adjacent,0.6666666666666666,33,51.09090909090909,1.0,hidden_lattice
7.575757575757576,2.897727272727273,corrupt,31,shuffled_mask,5.140151515151516,hidden_target_logit_effect,33,strict,answer_adjacent,0.696969696969697,33,30.151515151515152,1.0,hidden_lattice
14.323863636363637,5.0,corrupt,31,union_mask,9.772727272727273,hidden_target_logit_effect,33,strict,answer_adjacent,0.7272727272727273,33,460.4848484848485,1.0,hidden_lattice
0.6325757575757576,0.06060606060606061,corrupt,31,answer_mask,0.32196969696969696,hidden_target_logit_effect,33,strict,top_hidden_delta,0.48484848484848486,33,0.09090909090909091,1.0,hidden_lattice
0.1590909090909091,-0.12878787878787878,corrupt,31,shifted_mask,0.030303030303030304,hidden_target_logit_effect,33,strict,top_hidden_delta,0.48484848484848486,33,0.030303030303030304,1.0,hidden_lattice
0.19696969696969696,-0.13636363636363635,corrupt,31,shuffled_mask,0.03787878787878788,hidden_target_logit_effect,33,strict,top_hidden_delta,0.3939393939393939,33,0.15151515151515152,1.0,hidden_lattice
0.4962121212121212,0.0,corrupt,31,union_mask,0.23106060606060605,hidden_target_logit_effect,33,strict,top_hidden_delta,0.42424242424242425,33,0.0,1.0,hidden_lattice
13.604166666666666,4.276515151515151,corrupt,31,answer_mask,8.837121212121213,hidden_target_logit_effect,33,strict,visual+answer,0.7272727272727273,33,589.3333333333334,1.0,hidden_lattice
7.348484848484849,0.9734848484848485,corrupt,31,shifted_mask,3.984848484848485,hidden_target_logit_effect,33,strict,visual+answer,0.6666666666666666,33,100.24242424242425,1.0,hidden_lattice
7.981060606060606,2.7045454545454546,corrupt,31,shuffled_mask,5.231060606060606,hidden_target_logit_effect,33,strict,visual+answer,0.7272727272727273,33,41.696969696969695,1.0,hidden_lattice
14.753787878787879,4.90719696969697,corrupt,31,union_mask,9.945075757575758,hidden_target_logit_effect,33,strict,visual+answer,0.7272727272727273,33,605.4848484848485,1.0,hidden_lattice
0.4621212121212121,-0.1893939393939394,corrupt,31,answer_mask,0.15151515151515152,hidden_target_logit_effect,33,strict,visual_span,0.5757575757575758,33,0.2727272727272727,1.0,hidden_lattice
0.08333333333333333,-0.3712121212121212,corrupt,31,shifted_mask,-0.13636363636363635,hidden_target_logit_effect,33,strict,visual_span,0.36363636363636365,33,0.0,1.0,hidden_lattice
0.12878787878787878,-0.5454545454545454,corrupt,31,shuffled_mask,-0.20454545454545456,hidden_target_logit_effect,33,strict,visual_span,0.2727272727272727,33,0.09090909090909091,1.0,hidden_lattice
0.3181818181818182,-0.4015151515151515,corrupt,31,union_mask,-0.030303030303030304,hidden_target_logit_effect,33,strict,visual_span,0.48484848484848486,33,0.2727272727272727,1.0,hidden_lattice
13.628787878787879,4.765151515151516,restore,31,answer_mask,9.104166666666666,hidden_target_logit_effect,33,strict,answer_adjacent,0.7272727272727273,33,650.7878787878788,1.0,hidden_lattice
7.571969696969697,1.4393939393939394,restore,31,shifted_mask,4.3106060606060606,hidden_target_logit_effect,33,strict,answer_adjacent,0.7272727272727273,33,138.12121212121212,1.0,hidden_lattice
8.178030303030303,3.272727272727273,restore,31,shuffled_mask,5.606060606060606,hidden_target_logit_effect,33,strict,answer_adjacent,0.7575757575757576,33,43.96969696969697,1.0,hidden_lattice
14.943181818181818,5.693181818181818,restore,31,union_mask,10.375,hidden_target_logit_effect,33,strict,answer_adjacent,0.7878787878787878,33,686.4848484848485,1.0,hidden_lattice
0.8503787878787878,0.16666666666666666,restore,31,answer_mask,0.49053030303030304,hidden_target_logit_effect,33,strict,top_hidden_delta,0.5757575757575758,33,85.87878787878788,1.0,hidden_lattice
0.2537878787878788,-0.12121212121212122,restore,31,shifted_mask,0.06439393939393939,hidden_target_logit_effect,33,strict,top_hidden_delta,0.3939393939393939,33,15.545454545454545,1.0,hidden_lattice
0.4696969696969697,-0.07575757575757576,restore,31,shuffled_mask,0.1856060606060606,hidden_target_logit_effect,33,strict,top_hidden_delta,0.48484848484848486,33,10.151515151515152,1.0,hidden_lattice
0.8333333333333334,0.14962121212121213,restore,31,union_mask,0.4621212121212121,hidden_target_logit_effect,33,strict,top_hidden_delta,0.5757575757575758,33,79.93939393939394,1.0,hidden_lattice
13.886363636363637,4.575757575757576,restore,31,answer_mask,9.149621212121213,hidden_target_logit_effect,33,strict,visual+answer,0.7272727272727273,33,651.030303030303,1.0,hidden_lattice
7.545454545454546,1.1363636363636365,restore,31,shifted_mask,4.143939393939394,hidden_target_logit_effect,33,strict,visual+answer,0.6363636363636364,33,138.12121212121212,1.0,hidden_lattice
8.083333333333334,2.8484848484848486,restore,31,shuffled_mask,5.356060606060606,hidden_target_logit_effect,33,strict,visual+answer,0.696969696969697,33,44.09090909090909,1.0,hidden_lattice
15.193181818181818,5.5,restore,31,union_mask,10.367424242424242,hidden_target_logit_effect,33,strict,visual+answer,0.7272727272727273,33,686.7878787878788,1.0,hidden_lattice
0.19507575757575757,-0.38257575757575757,restore,31,answer_mask,-0.08617424242424243,hidden_target_logit_effect,33,strict,visual_span,0.42424242424242425,33,147.42424242424244,1.0,hidden_lattice
0.5075757575757576,-0.26136363636363635,restore,31,shifted_mask,0.0946969696969697,hidden_target_logit_effect,33,strict,visual_span,0.42424242424242425,33,52.84848484848485,1.0,hidden_lattice
0.4356060606060606,-0.5265151515151515,restore,31,shuffled_mask,-0.06439393939393939,hidden_target_logit_effect,33,strict,visual_span,0.36363636363636365,33,11.818181818181818,1.0,hidden_lattice
0.5047348484848485,-0.3390151515151515,restore,31,union_mask,0.08049242424242424,hidden_target_logit_effect,33,strict,visual_span,0.6060606060606061,33,140.66666666666666,1.0,hidden_lattice
13.144886363636363,4.051136363636363,corrupt,32,answer_mask,8.489583333333334,hidden_target_logit_effect,33,strict,answer_adjacent,0.7272727272727273,33,494.4848484848485,1.0,hidden_lattice
6.757575757575758,0.7840909090909091,corrupt,32,shifted_mask,3.647727272727273,hidden_target_logit_effect,33,strict,answer_adjacent,0.6666666666666666,33,58.0,1.0,hidden_lattice
7.465909090909091,2.6818181818181817,corrupt,32,shuffled_mask,4.965909090909091,hidden_target_logit_effect,33,strict,answer_adjacent,0.696969696969697,33,30.757575757575758,1.0,hidden_lattice
14.18560606060606,4.680871212121212,corrupt,32,union_mask,9.535037878787879,hidden_target_logit_effect,33,strict,answer_adjacent,0.7878787878787878,33,511.45454545454544,1.0,hidden_lattice
0.6818181818181818,0.14393939393939395,corrupt,32,answer_mask,0.3977272727272727,hidden_target_logit_effect,33,strict,top_hidden_delta,0.42424242424242425,33,0.15151515151515152,1.0,hidden_lattice
0.09090909090909091,-0.06060606060606061,corrupt,32,shifted_mask,0.015151515151515152,hidden_target_logit_effect,33,strict,top_hidden_delta,0.2727272727272727,33,0.06060606060606061,1.0,hidden_lattice
0.3712121212121212,-0.007575757575757576,corrupt,32,shuffled_mask,0.1590909090909091,hidden_target_logit_effect,33,strict,top_hidden_delta,0.2727272727272727,33,0.15151515151515152,1.0,hidden_lattice
0.6363636363636364,0.13636363636363635,corrupt,32,union_mask,0.3712121212121212,hidden_target_logit_effect,33,strict,top_hidden_delta,0.3939393939393939,33,0.18181818181818182,1.0,hidden_lattice
13.714015151515152,4.384469696969697,corrupt,32,answer_mask,8.93560606060606,hidden_target_logit_effect,33,strict,visual+answer,0.7272727272727273,33,607.1515151515151,1.0,hidden_lattice
7.409090909090909,0.946969696969697,corrupt,32,shifted_mask,4.003787878787879,hidden_target_logit_effect,33,strict,visual+answer,0.6666666666666666,33,108.93939393939394,1.0,hidden_lattice
7.996212121212121,2.746212121212121,corrupt,32,shuffled_mask,5.257575757575758,hidden_target_logit_effect,33,strict,visual+answer,0.696969696969697,33,40.93939393939394,1.0,hidden_lattice
14.910984848484848,5.117424242424242,corrupt,32,union_mask,10.100378787878787,hidden_target_logit_effect,33,strict,visual+answer,0.7878787878787878,33,636.5757575757576,1.0,hidden_lattice
0.6136363636363636,0.19696969696969696,corrupt,32,answer_mask,0.3939393939393939,hidden_target_logit_effect,33,strict,visual_span,0.5757575757575758,33,0.3939393939393939,1.0,hidden_lattice
0.22727272727272727,-0.045454545454545456,corrupt,32,shifted_mask,0.09090909090909091,hidden_target_logit_effect,33,strict,visual_span,0.42424242424242425,33,0.18181818181818182,1.0,hidden_lattice
0.3181818181818182,-0.09090909090909091,corrupt,32,shuffled_mask,0.10606060606060606,hidden_target_logit_effect,33,strict,visual_span,0.3939393939393939,33,0.21212121212121213,1.0,hidden_lattice
0.6439393939393939,0.1590909090909091,corrupt,32,union_mask,0.3939393939393939,hidden_target_logit_effect,33,strict,visual_span,0.5454545454545454,33,0.42424242424242425,1.0,hidden_lattice
13.253787878787879,4.308712121212121,restore,32,answer_mask,8.702651515151516,hidden_target_logit_effect,33,strict,answer_adjacent,0.7272727272727273,33,650.6666666666666,1.0,hidden_lattice
7.378787878787879,1.121212121212121,restore,32,shifted_mask,4.0606060606060606,hidden_target_logit_effect,33,strict,answer_adjacent,0.6666666666666666,33,138.0,1.0,hidden_lattice
7.909090909090909,2.882575757575758,restore,32,shuffled_mask,5.28030303030303,hidden_target_logit_effect,33,strict,answer_adjacent,0.7272727272727273,33,43.90909090909091,1.0,hidden_lattice
14.579545454545455,5.234848484848484,restore,32,union_mask,9.897727272727273,hidden_target_logit_effect,33,strict,answer_adjacent,0.7575757575757576,33,686.3030303030303,1.0,hidden_lattice
0.696969696969697,0.13636363636363635,restore,32,answer_mask,0.3873106060606061,hidden_target_logit_effect,33,strict,top_hidden_delta,0.5151515151515151,33,67.84848484848484,1.0,hidden_lattice
0.2159090909090909,0.003787878787878788,restore,32,shifted_mask,0.10227272727272728,hidden_target_logit_effect,33,strict,top_hidden_delta,0.36363636363636365,33,14.06060606060606,1.0,hidden_lattice
0.5189393939393939,0.06439393939393939,restore,32,shuffled_mask,0.26136363636363635,hidden_target_logit_effect,33,strict,top_hidden_delta,0.42424242424242425,33,9.090909090909092,1.0,hidden_lattice
0.6647727272727273,0.10984848484848485,restore,32,union_mask,0.3494318181818182,hidden_target_logit_effect,33,strict,top_hidden_delta,0.45454545454545453,33,59.515151515151516,1.0,hidden_lattice
13.787878787878787,4.545454545454546,restore,32,answer_mask,9.066287878787879,hidden_target_logit_effect,33,strict,visual+answer,0.7272727272727273,33,650.969696969697,1.0,hidden_lattice
7.678030303030303,1.2083333333333333,restore,32,shifted_mask,4.21969696969697,hidden_target_logit_effect,33,strict,visual+answer,0.6666666666666666,33,138.0909090909091,1.0,hidden_lattice
8.121212121212121,2.852272727272727,restore,32,shuffled_mask,5.386363636363637,hidden_target_logit_effect,33,strict,visual+answer,0.7272727272727273,33,44.121212121212125,1.0,hidden_lattice
15.117424242424242,5.450757575757576,restore,32,union_mask,10.299242424242424,hidden_target_logit_effect,33,strict,visual+answer,0.7575757575757576,33,686.6666666666666,1.0,hidden_lattice
0.48674242424242425,0.14015151515151514,restore,32,answer_mask,0.3058712121212121,hidden_target_logit_effect,33,strict,visual_span,0.5454545454545454,33,109.84848484848484,1.0,hidden_lattice
0.6893939393939394,0.07196969696969698,restore,32,shifted_mask,0.3484848484848485,hidden_target_logit_effect,33,strict,visual_span,0.3939393939393939,33,58.81818181818182,1.0,hidden_lattice
0.5833333333333334,-0.03409090909090909,restore,32,shuffled_mask,0.23484848484848486,hidden_target_logit_effect,33,strict,visual_span,0.42424242424242425,33,10.545454545454545,1.0,hidden_lattice
0.7793560606060606,0.2528409090909091,restore,32,union_mask,0.5066287878787878,hidden_target_logit_effect,33,strict,visual_span,0.6060606060606061,33,125.60606060606061,1.0,hidden_lattice
0.12121212121212122,-0.05303030303030303,corrupt,33,answer_mask,0.030303030303030304,hidden_target_logit_effect,33,strict,answer_adjacent,0.30303030303030304,33,0.030303030303030304,1.0,hidden_lattice
0.09848484848484848,-0.07575757575757576,corrupt,33,shifted_mask,0.007575757575757576,hidden_target_logit_effect,33,strict,answer_adjacent,0.24242424242424243,33,0.09090909090909091,1.0,hidden_lattice
0.09848484848484848,-0.03787878787878788,corrupt,33,shuffled_mask,0.030303030303030304,hidden_target_logit_effect,33,strict,answer_adjacent,0.24242424242424243,33,0.030303030303030304,1.0,hidden_lattice
0.17424242424242425,-0.007575757575757576,corrupt,33,union_mask,0.08333333333333333,hidden_target_logit_effect,33,strict,answer_adjacent,0.36363636363636365,33,0.12121212121212122,1.0,hidden_lattice
0.12121212121212122,-0.007575757575757576,corrupt,33,answer_mask,0.05303030303030303,hidden_target_logit_effect,33,strict,top_hidden_delta,0.15151515151515152,33,0.030303030303030304,1.0,hidden_lattice
0.09848484848484848,-0.007575757575757576,corrupt,33,shifted_mask,0.03787878787878788,hidden_target_logit_effect,33,strict,top_hidden_delta,0.09090909090909091,33,0.09090909090909091,1.0,hidden_lattice
0.07575757575757576,-0.015151515151515152,corrupt,33,shuffled_mask,0.022727272727272728,hidden_target_logit_effect,33,strict,top_hidden_delta,0.06060606060606061,33,0.06060606060606061,1.0,hidden_lattice
0.18181818181818182,0.05303030303030303,corrupt,33,union_mask,0.11363636363636363,hidden_target_logit_effect,33,strict,top_hidden_delta,0.2727272727272727,33,0.06060606060606061,1.0,hidden_lattice
0.12121212121212122,-0.05303030303030303,corrupt,33,answer_mask,0.030303030303030304,hidden_target_logit_effect,33,strict,visual+answer,0.30303030303030304,33,0.030303030303030304,1.0,hidden_lattice
0.09848484848484848,-0.07575757575757576,corrupt,33,shifted_mask,0.007575757575757576,hidden_target_logit_effect,33,strict,visual+answer,0.24242424242424243,33,0.09090909090909091,1.0,hidden_lattice
0.09848484848484848,-0.03787878787878788,corrupt,33,shuffled_mask,0.030303030303030304,hidden_target_logit_effect,33,strict,visual+answer,0.24242424242424243,33,0.030303030303030304,1.0,hidden_lattice
0.17424242424242425,-0.007575757575757576,corrupt,33,union_mask,0.08333333333333333,hidden_target_logit_effect,33,strict,visual+answer,0.36363636363636365,33,0.12121212121212122,1.0,hidden_lattice
0.0,0.0,corrupt,33,answer_mask,0.0,hidden_target_logit_effect,33,strict,visual_span,0.0,33,0.0,1.0,hidden_lattice
0.0,0.0,corrupt,33,shifted_mask,0.0,hidden_target_logit_effect,33,strict,visual_span,0.0,33,0.0,1.0,hidden_lattice
0.0,0.0,corrupt,33,shuffled_mask,0.0,hidden_target_logit_effect,33,strict,visual_span,0.0,33,0.0,1.0,hidden_lattice
0.0,0.0,corrupt,33,union_mask,0.0,hidden_target_logit_effect,33,strict,visual_span,0.0,33,0.0,1.0,hidden_lattice
0.38446969696969696,0.15151515151515152,restore,33,answer_mask,0.26420454545454547,hidden_target_logit_effect,33,strict,answer_adjacent,0.6363636363636364,33,142.3939393939394,1.0,hidden_lattice
0.23106060606060605,0.045454545454545456,restore,33,shifted_mask,0.13257575757575757,hidden_target_logit_effect,33,strict,answer_adjacent,0.45454545454545453,33,26.303030303030305,1.0,hidden_lattice
0.26515151515151514,0.09090909090909091,restore,33,shuffled_mask,0.17424242424242425,hidden_target_logit_effect,33,strict,answer_adjacent,0.5151515151515151,33,7.212121212121212,1.0,hidden_lattice
0.4431818181818182,0.1534090909090909,restore,33,union_mask,0.29450757575757575,hidden_target_logit_effect,33,strict,answer_adjacent,0.696969696969697,33,145.0909090909091,1.0,hidden_lattice
0.3191287878787879,0.09090909090909091,restore,33,answer_mask,0.19602272727272727,hidden_target_logit_effect,33,strict,top_hidden_delta,0.30303030303030304,33,141.0909090909091,1.0,hidden_lattice
0.19696969696969696,0.03787878787878788,restore,33,shifted_mask,0.10606060606060606,hidden_target_logit_effect,33,strict,top_hidden_delta,0.21212121212121213,33,26.242424242424242,1.0,hidden_lattice
0.16666666666666666,0.01893939393939394,restore,33,shuffled_mask,0.08333333333333333,hidden_target_logit_effect,33,strict,top_hidden_delta,0.12121212121212122,33,6.666666666666667,1.0,hidden_lattice
0.4100378787878788,0.14488636363636365,restore,33,union_mask,0.27178030303030304,hidden_target_logit_effect,33,strict,top_hidden_delta,0.36363636363636365,33,144.6060606060606,1.0,hidden_lattice
0.38446969696969696,0.15151515151515152,restore,33,answer_mask,0.26420454545454547,hidden_target_logit_effect,33,strict,visual+answer,0.6363636363636364,33,142.3939393939394,1.0,hidden_lattice
0.23106060606060605,0.045454545454545456,restore,33,shifted_mask,0.13257575757575757,hidden_target_logit_effect,33,strict,visual+answer,0.45454545454545453,33,26.303030303030305,1.0,hidden_lattice
0.26515151515151514,0.09090909090909091,restore,33,shuffled_mask,0.17424242424242425,hidden_target_logit_effect,33,strict,visual+answer,0.5151515151515151,33,7.212121212121212,1.0,hidden_lattice
0.4431818181818182,0.1534090909090909,restore,33,union_mask,0.29450757575757575,hidden_target_logit_effect,33,strict,visual+answer,0.696969696969697,33,145.0909090909091,1.0,hidden_lattice
0.0,0.0,restore,33,answer_mask,0.0,hidden_target_logit_effect,33,strict,visual_span,0.0,33,0.0,1.0,hidden_lattice
0.0,0.0,restore,33,shifted_mask,0.0,hidden_target_logit_effect,33,strict,visual_span,0.0,33,0.0,1.0,hidden_lattice
0.0,0.0,restore,33,shuffled_mask,0.0,hidden_target_logit_effect,33,strict,visual_span,0.0,33,0.0,1.0,hidden_lattice
0.0,0.0,restore,33,union_mask,0.0,hidden_target_logit_effect,33,strict,visual_span,0.0,33,0.0,1.0,hidden_lattice
