sample_id,image_filename,condition,mask_path,seed,actual_iou_with_union,valid_iou_le_0p10,area_px,reference_union_area_px
okvqa_val_1839495,COCO_val2014_000000183949.jpg,random_control_01,E:\Bridging\annotation\stage3_paperpack72_labelme\paperpack81_final_assets\exported_masks\COCO_val2014_000000183949\random16\random_control_01.png,2354032590,0.694705,0,213360,213360
okvqa_val_1839495,COCO_val2014_000000183949.jpg,random_control_02,E:\Bridging\annotation\stage3_paperpack72_labelme\paperpack81_final_assets\exported_masks\COCO_val2014_000000183949\random16\random_control_02.png,340952732,0.688977,0,213360,213360
okvqa_val_1839495,COCO_val2014_000000183949.jpg,random_control_03,E:\Bridging\annotation\stage3_paperpack72_labelme\paperpack81_final_assets\exported_masks\COCO_val2014_000000183949\random16\random_control_03.png,2849275599,0.690154,0,213360,213360
okvqa_val_1839495,COCO_val2014_000000183949.jpg,random_control_04,E:\Bridging\annotation\stage3_paperpack72_labelme\paperpack81_final_assets\exported_masks\COCO_val2014_000000183949\random16\random_control_04.png,2912139257,0.739939,0,213360,213360
okvqa_val_1839495,COCO_val2014_000000183949.jpg,random_control_05,E:\Bridging\annotation\stage3_paperpack72_labelme\paperpack81_final_assets\exported_masks\COCO_val2014_000000183949\random16\random_control_05.png,2277914856,0.702793,0,213360,213360
okvqa_val_1839495,COCO_val2014_000000183949.jpg,random_control_06,E:\Bridging\annotation\stage3_paperpack72_labelme\paperpack81_final_assets\exported_masks\COCO_val2014_000000183949\random16\random_control_06.png,1972737220,0.716976,0,213360,213360
okvqa_val_1839495,COCO_val2014_000000183949.jpg,random_control_07,E:\Bridging\annotation\stage3_paperpack72_labelme\paperpack81_final_assets\exported_masks\COCO_val2014_000000183949\random16\random_control_07.png,483916146,0.70168,0,213360,213360
okvqa_val_1839495,COCO_val2014_000000183949.jpg,random_control_08,E:\Bridging\annotation\stage3_paperpack72_labelme\paperpack81_final_assets\exported_masks\COCO_val2014_000000183949\random16\random_control_08.png,4193319096,0.699369,0,213360,213360
okvqa_val_1839495,COCO_val2014_000000183949.jpg,random_control_09,E:\Bridging\annotation\stage3_paperpack72_labelme\paperpack81_final_assets\exported_masks\COCO_val2014_000000183949\random16\random_control_09.png,856428720,0.712085,0,213360,213360
okvqa_val_1839495,COCO_val2014_000000183949.jpg,random_control_10,E:\Bridging\annotation\stage3_paperpack72_labelme\paperpack81_final_assets\exported_masks\COCO_val2014_000000183949\random16\random_control_10.png,2831044397,0.690154,0,213360,213360
okvqa_val_1839495,COCO_val2014_000000183949.jpg,random_control_11,E:\Bridging\annotation\stage3_paperpack72_labelme\paperpack81_final_assets\exported_masks\COCO_val2014_000000183949\random16\random_control_11.png,2657459555,0.732627,0,213360,213360
okvqa_val_1839495,COCO_val2014_000000183949.jpg,random_control_12,E:\Bridging\annotation\stage3_paperpack72_labelme\paperpack81_final_assets\exported_masks\COCO_val2014_000000183949\random16\random_control_12.png,4149607238,0.70054,0,213360,213360
okvqa_val_1839495,COCO_val2014_000000183949.jpg,random_control_13,E:\Bridging\annotation\stage3_paperpack72_labelme\paperpack81_final_assets\exported_masks\COCO_val2014_000000183949\random16\random_control_13.png,785653888,0.720576,0,213360,213360
okvqa_val_1839495,COCO_val2014_000000183949.jpg,random_control_14,E:\Bridging\annotation\stage3_paperpack72_labelme\paperpack81_final_assets\exported_masks\COCO_val2014_000000183949\random16\random_control_14.png,1021184588,0.727262,0,213360,213360
okvqa_val_1839495,COCO_val2014_000000183949.jpg,random_control_15,E:\Bridging\annotation\stage3_paperpack72_labelme\paperpack81_final_assets\exported_masks\COCO_val2014_000000183949\random16\random_control_15.png,1695462244,0.726423,0,213360,213360
okvqa_val_1839495,COCO_val2014_000000183949.jpg,random_control_16,E:\Bridging\annotation\stage3_paperpack72_labelme\paperpack81_final_assets\exported_masks\COCO_val2014_000000183949\random16\random_control_16.png,3110344639,0.732627,0,213360,213360
okvqa_val_1839495,COCO_val2014_000000183949.jpg,shifted_mask,E:\Bridging\annotation\stage3_paperpack72_labelme\paperpack81_final_assets\exported_masks\COCO_val2014_000000183949\shifted.png,,0.68672,0,213360,213360
okvqa_val_1839495,COCO_val2014_000000183949.jpg,shuffled_mask,E:\Bridging\annotation\stage3_paperpack72_labelme\paperpack81_final_assets\exported_masks\COCO_val2014_000000183949\shuffled.png,644683732,0.70054,0,213360,213360
okvqa_val_2078985,COCO_val2014_000000207898.jpg,random_control_01,E:\Bridging\annotation\stage3_paperpack72_labelme\paperpack81_final_assets\exported_masks\COCO_val2014_000000207898\random16\random_control_01.png,1193541635,0.0620232,1,68629,68629
okvqa_val_2078985,COCO_val2014_000000207898.jpg,random_control_02,E:\Bridging\annotation\stage3_paperpack72_labelme\paperpack81_final_assets\exported_masks\COCO_val2014_000000207898\random16\random_control_02.png,2189070904,0.079259,1,68629,68629
okvqa_val_2078985,COCO_val2014_000000207898.jpg,random_control_03,E:\Bridging\annotation\stage3_paperpack72_labelme\paperpack81_final_assets\exported_masks\COCO_val2014_000000207898\random16\random_control_03.png,380862166,0.0839039,1,68629,68629
okvqa_val_2078985,COCO_val2014_000000207898.jpg,random_control_04,E:\Bridging\annotation\stage3_paperpack72_labelme\paperpack81_final_assets\exported_masks\COCO_val2014_000000207898\random16\random_control_04.png,3134407309,0.0956623,1,68629,68629
okvqa_val_2078985,COCO_val2014_000000207898.jpg,random_control_05,E:\Bridging\annotation\stage3_paperpack72_labelme\paperpack81_final_assets\exported_masks\COCO_val2014_000000207898\random16\random_control_05.png,3120786206,0.0533513,1,68629,68629
okvqa_val_2078985,COCO_val2014_000000207898.jpg,random_control_06,E:\Bridging\annotation\stage3_paperpack72_labelme\paperpack81_final_assets\exported_masks\COCO_val2014_000000207898\random16\random_control_06.png,3982335502,0.0859534,1,68629,68629
okvqa_val_2078985,COCO_val2014_000000207898.jpg,random_control_07,E:\Bridging\annotation\stage3_paperpack72_labelme\paperpack81_final_assets\exported_masks\COCO_val2014_000000207898\random16\random_control_07.png,1393572815,0.064362,1,68629,68629
okvqa_val_2078985,COCO_val2014_000000207898.jpg,random_control_08,E:\Bridging\annotation\stage3_paperpack72_labelme\paperpack81_final_assets\exported_masks\COCO_val2014_000000207898\random16\random_control_08.png,2309132233,0.0863316,1,68629,68629
okvqa_val_2078985,COCO_val2014_000000207898.jpg,random_control_09,E:\Bridging\annotation\stage3_paperpack72_labelme\paperpack81_final_assets\exported_masks\COCO_val2014_000000207898\random16\random_control_09.png,4197479731,0.098908,1,68629,68629
okvqa_val_2078985,COCO_val2014_000000207898.jpg,random_control_10,E:\Bridging\annotation\stage3_paperpack72_labelme\paperpack81_final_assets\exported_masks\COCO_val2014_000000207898\random16\random_control_10.png,490782801,0.0800063,1,68629,68629
okvqa_val_2078985,COCO_val2014_000000207898.jpg,random_control_11,E:\Bridging\annotation\stage3_paperpack72_labelme\paperpack81_final_assets\exported_masks\COCO_val2014_000000207898\random16\random_control_11.png,1145008949,0.0747463,1,68629,68629
okvqa_val_2078985,COCO_val2014_000000207898.jpg,random_control_12,E:\Bridging\annotation\stage3_paperpack72_labelme\paperpack81_final_assets\exported_masks\COCO_val2014_000000207898\random16\random_control_12.png,3949437902,0.0835531,1,68629,68629
okvqa_val_2078985,COCO_val2014_000000207898.jpg,random_control_13,E:\Bridging\annotation\stage3_paperpack72_labelme\paperpack81_final_assets\exported_masks\COCO_val2014_000000207898\random16\random_control_13.png,1978709982,0.0656842,1,68629,68629
okvqa_val_2078985,COCO_val2014_000000207898.jpg,random_control_14,E:\Bridging\annotation\stage3_paperpack72_labelme\paperpack81_final_assets\exported_masks\COCO_val2014_000000207898\random16\random_control_14.png,282212675,0.0740567,1,68629,68629
okvqa_val_2078985,COCO_val2014_000000207898.jpg,random_control_15,E:\Bridging\annotation\stage3_paperpack72_labelme\paperpack81_final_assets\exported_masks\COCO_val2014_000000207898\random16\random_control_15.png,1028338165,0.0672586,1,68629,68629
okvqa_val_2078985,COCO_val2014_000000207898.jpg,random_control_16,E:\Bridging\annotation\stage3_paperpack72_labelme\paperpack81_final_assets\exported_masks\COCO_val2014_000000207898\random16\random_control_16.png,2332577025,0.0650558,1,68629,68629
okvqa_val_2078985,COCO_val2014_000000207898.jpg,shifted_mask,E:\Bridging\annotation\stage3_paperpack72_labelme\paperpack81_final_assets\exported_masks\COCO_val2014_000000207898\shifted.png,,0.0421228,1,68629,68629
okvqa_val_2078985,COCO_val2014_000000207898.jpg,shuffled_mask,E:\Bridging\annotation\stage3_paperpack72_labelme\paperpack81_final_assets\exported_masks\COCO_val2014_000000207898\shuffled.png,3474754024,0.0866412,1,68629,68629
okvqa_val_4075245,COCO_val2014_000000407524.jpg,random_control_01,E:\Bridging\annotation\stage3_paperpack72_labelme\paperpack81_final_assets\exported_masks\COCO_val2014_000000407524\random16\random_control_01.png,2708075731,0.453801,0,203522,203522
okvqa_val_4075245,COCO_val2014_000000407524.jpg,random_control_02,E:\Bridging\annotation\stage3_paperpack72_labelme\paperpack81_final_assets\exported_masks\COCO_val2014_000000407524\random16\random_control_02.png,1651402181,0.455413,0,203522,203522
okvqa_val_4075245,COCO_val2014_000000407524.jpg,random_control_03,E:\Bridging\annotation\stage3_paperpack72_labelme\paperpack81_final_assets\exported_masks\COCO_val2014_000000407524\random16\random_control_03.png,2755843446,0.443813,0,203522,203522
okvqa_val_4075245,COCO_val2014_000000407524.jpg,random_control_04,E:\Bridging\annotation\stage3_paperpack72_labelme\paperpack81_final_assets\exported_masks\COCO_val2014_000000407524\random16\random_control_04.png,720845043,0.449288,0,203522,203522
okvqa_val_4075245,COCO_val2014_000000407524.jpg,random_control_05,E:\Bridging\annotation\stage3_paperpack72_labelme\paperpack81_final_assets\exported_masks\COCO_val2014_000000407524\random16\random_control_05.png,2501558643,0.459274,0,203522,203522
okvqa_val_4075245,COCO_val2014_000000407524.jpg,random_control_06,E:\Bridging\annotation\stage3_paperpack72_labelme\paperpack81_final_assets\exported_masks\COCO_val2014_000000407524\random16\random_control_06.png,3264641800,0.448895,0,203522,203522
okvqa_val_4075245,COCO_val2014_000000407524.jpg,random_control_07,E:\Bridging\annotation\stage3_paperpack72_labelme\paperpack81_final_assets\exported_masks\COCO_val2014_000000407524\random16\random_control_07.png,2748932076,0.456512,0,203522,203522
okvqa_val_4075245,COCO_val2014_000000407524.jpg,random_control_08,E:\Bridging\annotation\stage3_paperpack72_labelme\paperpack81_final_assets\exported_masks\COCO_val2014_000000407524\random16\random_control_08.png,1699732434,0.455361,0,203522,203522
okvqa_val_4075245,COCO_val2014_000000407524.jpg,random_control_09,E:\Bridging\annotation\stage3_paperpack72_labelme\paperpack81_final_assets\exported_masks\COCO_val2014_000000407524\random16\random_control_09.png,2621923150,0.446301,0,203522,203522
okvqa_val_4075245,COCO_val2014_000000407524.jpg,random_control_10,E:\Bridging\annotation\stage3_paperpack72_labelme\paperpack81_final_assets\exported_masks\COCO_val2014_000000407524\random16\random_control_10.png,875369815,0.451577,0,203522,203522
okvqa_val_4075245,COCO_val2014_000000407524.jpg,random_control_11,E:\Bridging\annotation\stage3_paperpack72_labelme\paperpack81_final_assets\exported_masks\COCO_val2014_000000407524\random16\random_control_11.png,2378157806,0.453106,0,203522,203522
okvqa_val_4075245,COCO_val2014_000000407524.jpg,random_control_12,E:\Bridging\annotation\stage3_paperpack72_labelme\paperpack81_final_assets\exported_masks\COCO_val2014_000000407524\random16\random_control_12.png,2278363172,0.44837,0,203522,203522
okvqa_val_4075245,COCO_val2014_000000407524.jpg,random_control_13,E:\Bridging\annotation\stage3_paperpack72_labelme\paperpack81_final_assets\exported_masks\COCO_val2014_000000407524\random16\random_control_13.png,82832993,0.449778,0,203522,203522
okvqa_val_4075245,COCO_val2014_000000407524.jpg,random_control_14,E:\Bridging\annotation\stage3_paperpack72_labelme\paperpack81_final_assets\exported_masks\COCO_val2014_000000407524\random16\random_control_14.png,3857029305,0.445864,0,203522,203522
okvqa_val_4075245,COCO_val2014_000000407524.jpg,random_control_15,E:\Bridging\annotation\stage3_paperpack72_labelme\paperpack81_final_assets\exported_masks\COCO_val2014_000000407524\random16\random_control_15.png,3387851117,0.458871,0,203522,203522
okvqa_val_4075245,COCO_val2014_000000407524.jpg,random_control_16,E:\Bridging\annotation\stage3_paperpack72_labelme\paperpack81_final_assets\exported_masks\COCO_val2014_000000407524\random16\random_control_16.png,3665662104,0.452706,0,203522,203522
okvqa_val_4075245,COCO_val2014_000000407524.jpg,shifted_mask,E:\Bridging\annotation\stage3_paperpack72_labelme\paperpack81_final_assets\exported_masks\COCO_val2014_000000407524\shifted.png,,0.969803,0,203522,203522
okvqa_val_4075245,COCO_val2014_000000407524.jpg,shuffled_mask,E:\Bridging\annotation\stage3_paperpack72_labelme\paperpack81_final_assets\exported_masks\COCO_val2014_000000407524\shuffled.png,2878307611,0.449272,0,203522,203522
okvqa_val_4999035,COCO_val2014_000000499903.jpg,random_control_01,E:\Bridging\annotation\stage3_paperpack72_labelme\paperpack81_final_assets\exported_masks\COCO_val2014_000000499903\random16\random_control_01.png,884286859,0.200806,0,132037,132037
okvqa_val_4999035,COCO_val2014_000000499903.jpg,random_control_02,E:\Bridging\annotation\stage3_paperpack72_labelme\paperpack81_final_assets\exported_masks\COCO_val2014_000000499903\random16\random_control_02.png,766268165,0.179818,0,132037,132037
okvqa_val_4999035,COCO_val2014_000000499903.jpg,random_control_03,E:\Bridging\annotation\stage3_paperpack72_labelme\paperpack81_final_assets\exported_masks\COCO_val2014_000000499903\random16\random_control_03.png,2912520360,0.199955,0,132037,132037
okvqa_val_4999035,COCO_val2014_000000499903.jpg,random_control_04,E:\Bridging\annotation\stage3_paperpack72_labelme\paperpack81_final_assets\exported_masks\COCO_val2014_000000499903\random16\random_control_04.png,837114689,0.236197,0,132037,132037
okvqa_val_4999035,COCO_val2014_000000499903.jpg,random_control_05,E:\Bridging\annotation\stage3_paperpack72_labelme\paperpack81_final_assets\exported_masks\COCO_val2014_000000499903\random16\random_control_05.png,188965255,0.18291,0,132037,132037
okvqa_val_4999035,COCO_val2014_000000499903.jpg,random_control_06,E:\Bridging\annotation\stage3_paperpack72_labelme\paperpack81_final_assets\exported_masks\COCO_val2014_000000499903\random16\random_control_06.png,3529063866,0.202665,0,132037,132037
okvqa_val_4999035,COCO_val2014_000000499903.jpg,random_control_07,E:\Bridging\annotation\stage3_paperpack72_labelme\paperpack81_final_assets\exported_masks\COCO_val2014_000000499903\random16\random_control_07.png,3931097909,0.184151,0,132037,132037
okvqa_val_4999035,COCO_val2014_000000499903.jpg,random_control_08,E:\Bridging\annotation\stage3_paperpack72_labelme\paperpack81_final_assets\exported_masks\COCO_val2014_000000499903\random16\random_control_08.png,56340220,0.19146,0,132037,132037
okvqa_val_4999035,COCO_val2014_000000499903.jpg,random_control_09,E:\Bridging\annotation\stage3_paperpack72_labelme\paperpack81_final_assets\exported_masks\COCO_val2014_000000499903\random16\random_control_09.png,727268701,0.232206,0,132037,132037
okvqa_val_4999035,COCO_val2014_000000499903.jpg,random_control_10,E:\Bridging\annotation\stage3_paperpack72_labelme\paperpack81_final_assets\exported_masks\COCO_val2014_000000499903\random16\random_control_10.png,3973328347,0.18229,0,132037,132037
okvqa_val_4999035,COCO_val2014_000000499903.jpg,random_control_11,E:\Bridging\annotation\stage3_paperpack72_labelme\paperpack81_final_assets\exported_masks\COCO_val2014_000000499903\random16\random_control_11.png,3356247257,0.189705,0,132037,132037
okvqa_val_4999035,COCO_val2014_000000499903.jpg,random_control_12,E:\Bridging\annotation\stage3_paperpack72_labelme\paperpack81_final_assets\exported_masks\COCO_val2014_000000499903\random16\random_control_12.png,2908840607,0.216404,0,132037,132037
okvqa_val_4999035,COCO_val2014_000000499903.jpg,random_control_13,E:\Bridging\annotation\stage3_paperpack72_labelme\paperpack81_final_assets\exported_masks\COCO_val2014_000000499903\random16\random_control_13.png,1979970248,0.205179,0,132037,132037
okvqa_val_4999035,COCO_val2014_000000499903.jpg,random_control_14,E:\Bridging\annotation\stage3_paperpack72_labelme\paperpack81_final_assets\exported_masks\COCO_val2014_000000499903\random16\random_control_14.png,1589549012,0.185219,0,132037,132037
okvqa_val_4999035,COCO_val2014_000000499903.jpg,random_control_15,E:\Bridging\annotation\stage3_paperpack72_labelme\paperpack81_final_assets\exported_masks\COCO_val2014_000000499903\random16\random_control_15.png,3509458800,0.178618,0,132037,132037
okvqa_val_4999035,COCO_val2014_000000499903.jpg,random_control_16,E:\Bridging\annotation\stage3_paperpack72_labelme\paperpack81_final_assets\exported_masks\COCO_val2014_000000499903\random16\random_control_16.png,4178642285,0.193609,0,132037,132037
okvqa_val_4999035,COCO_val2014_000000499903.jpg,shifted_mask,E:\Bridging\annotation\stage3_paperpack72_labelme\paperpack81_final_assets\exported_masks\COCO_val2014_000000499903\shifted.png,,0.196773,0,132037,132037
okvqa_val_4999035,COCO_val2014_000000499903.jpg,shuffled_mask,E:\Bridging\annotation\stage3_paperpack72_labelme\paperpack81_final_assets\exported_masks\COCO_val2014_000000499903\shuffled.png,3213090714,0.194559,0,132037,132037
okvqa_val_527125,COCO_val2014_000000052712.jpg,random_control_01,E:\Bridging\annotation\stage3_paperpack72_labelme\paperpack81_final_assets\exported_masks\COCO_val2014_000000052712\random16\random_control_01.png,2940918465,0.543866,0,194328,194328
okvqa_val_527125,COCO_val2014_000000052712.jpg,random_control_02,E:\Bridging\annotation\stage3_paperpack72_labelme\paperpack81_final_assets\exported_masks\COCO_val2014_000000052712\random16\random_control_02.png,4193313003,0.535431,0,194328,194328
okvqa_val_527125,COCO_val2014_000000052712.jpg,random_control_03,E:\Bridging\annotation\stage3_paperpack72_labelme\paperpack81_final_assets\exported_masks\COCO_val2014_000000052712\random16\random_control_03.png,2334444945,0.53494,0,194328,194328
okvqa_val_527125,COCO_val2014_000000052712.jpg,random_control_04,E:\Bridging\annotation\stage3_paperpack72_labelme\paperpack81_final_assets\exported_masks\COCO_val2014_000000052712\random16\random_control_04.png,4283743371,0.471028,0,194328,194328
okvqa_val_527125,COCO_val2014_000000052712.jpg,random_control_05,E:\Bridging\annotation\stage3_paperpack72_labelme\paperpack81_final_assets\exported_masks\COCO_val2014_000000052712\random16\random_control_05.png,2270931155,0.495205,0,194328,194328
okvqa_val_527125,COCO_val2014_000000052712.jpg,random_control_06,E:\Bridging\annotation\stage3_paperpack72_labelme\paperpack81_final_assets\exported_masks\COCO_val2014_000000052712\random16\random_control_06.png,3689935472,0.494716,0,194328,194328
okvqa_val_527125,COCO_val2014_000000052712.jpg,random_control_07,E:\Bridging\annotation\stage3_paperpack72_labelme\paperpack81_final_assets\exported_masks\COCO_val2014_000000052712\random16\random_control_07.png,2631345835,0.496742,0,194328,194328
okvqa_val_527125,COCO_val2014_000000052712.jpg,random_control_08,E:\Bridging\annotation\stage3_paperpack72_labelme\paperpack81_final_assets\exported_masks\COCO_val2014_000000052712\random16\random_control_08.png,2157660839,0.475255,0,194328,194328
okvqa_val_527125,COCO_val2014_000000052712.jpg,random_control_09,E:\Bridging\annotation\stage3_paperpack72_labelme\paperpack81_final_assets\exported_masks\COCO_val2014_000000052712\random16\random_control_09.png,4077069092,0.52972,0,194328,194328
okvqa_val_527125,COCO_val2014_000000052712.jpg,random_control_10,E:\Bridging\annotation\stage3_paperpack72_labelme\paperpack81_final_assets\exported_masks\COCO_val2014_000000052712\random16\random_control_10.png,1630996121,0.4902,0,194328,194328
okvqa_val_527125,COCO_val2014_000000052712.jpg,random_control_11,E:\Bridging\annotation\stage3_paperpack72_labelme\paperpack81_final_assets\exported_masks\COCO_val2014_000000052712\random16\random_control_11.png,1813947017,0.50297,0,194328,194328
okvqa_val_527125,COCO_val2014_000000052712.jpg,random_control_12,E:\Bridging\annotation\stage3_paperpack72_labelme\paperpack81_final_assets\exported_masks\COCO_val2014_000000052712\random16\random_control_12.png,3761969898,0.489697,0,194328,194328
okvqa_val_527125,COCO_val2014_000000052712.jpg,random_control_13,E:\Bridging\annotation\stage3_paperpack72_labelme\paperpack81_final_assets\exported_masks\COCO_val2014_000000052712\random16\random_control_13.png,4124762036,0.504331,0,194328,194328
okvqa_val_527125,COCO_val2014_000000052712.jpg,random_control_14,E:\Bridging\annotation\stage3_paperpack72_labelme\paperpack81_final_assets\exported_masks\COCO_val2014_000000052712\random16\random_control_14.png,1533543695,0.501066,0,194328,194328
okvqa_val_527125,COCO_val2014_000000052712.jpg,random_control_15,E:\Bridging\annotation\stage3_paperpack72_labelme\paperpack81_final_assets\exported_masks\COCO_val2014_000000052712\random16\random_control_15.png,2835462141,0.476494,0,194328,194328
okvqa_val_527125,COCO_val2014_000000052712.jpg,random_control_16,E:\Bridging\annotation\stage3_paperpack72_labelme\paperpack81_final_assets\exported_masks\COCO_val2014_000000052712\random16\random_control_16.png,2083046459,0.499479,0,194328,194328
okvqa_val_527125,COCO_val2014_000000052712.jpg,shifted_mask,E:\Bridging\annotation\stage3_paperpack72_labelme\paperpack81_final_assets\exported_masks\COCO_val2014_000000052712\shifted.png,,0.501774,0,194328,194328
okvqa_val_527125,COCO_val2014_000000052712.jpg,shuffled_mask,E:\Bridging\annotation\stage3_paperpack72_labelme\paperpack81_final_assets\exported_masks\COCO_val2014_000000052712\shuffled.png,1111342738,0.502598,0,194328,194328
okvqa_val_5665385,COCO_val2014_000000566538.jpg,random_control_01,E:\Bridging\annotation\stage3_paperpack72_labelme\paperpack81_final_assets\exported_masks\COCO_val2014_000000566538\random16\random_control_01.png,1181339624,0.236032,0,113477,113477
okvqa_val_5665385,COCO_val2014_000000566538.jpg,random_control_02,E:\Bridging\annotation\stage3_paperpack72_labelme\paperpack81_final_assets\exported_masks\COCO_val2014_000000566538\random16\random_control_02.png,2668947787,0.248798,0,113477,113477
okvqa_val_5665385,COCO_val2014_000000566538.jpg,random_control_03,E:\Bridging\annotation\stage3_paperpack72_labelme\paperpack81_final_assets\exported_masks\COCO_val2014_000000566538\random16\random_control_03.png,3226584378,0.227907,0,113477,113477
okvqa_val_5665385,COCO_val2014_000000566538.jpg,random_control_04,E:\Bridging\annotation\stage3_paperpack72_labelme\paperpack81_final_assets\exported_masks\COCO_val2014_000000566538\random16\random_control_04.png,3657312631,0.253308,0,113477,113477
okvqa_val_5665385,COCO_val2014_000000566538.jpg,random_control_05,E:\Bridging\annotation\stage3_paperpack72_labelme\paperpack81_final_assets\exported_masks\COCO_val2014_000000566538\random16\random_control_05.png,1693761551,0.248084,0,113477,113477
okvqa_val_5665385,COCO_val2014_000000566538.jpg,random_control_06,E:\Bridging\annotation\stage3_paperpack72_labelme\paperpack81_final_assets\exported_masks\COCO_val2014_000000566538\random16\random_control_06.png,498218828,0.236739,0,113477,113477
okvqa_val_5665385,COCO_val2014_000000566538.jpg,random_control_07,E:\Bridging\annotation\stage3_paperpack72_labelme\paperpack81_final_assets\exported_masks\COCO_val2014_000000566538\random16\random_control_07.png,442402975,0.258325,0,113477,113477
okvqa_val_5665385,COCO_val2014_000000566538.jpg,random_control_08,E:\Bridging\annotation\stage3_paperpack72_labelme\paperpack81_final_assets\exported_masks\COCO_val2014_000000566538\random16\random_control_08.png,3787556497,0.259596,0,113477,113477
okvqa_val_5665385,COCO_val2014_000000566538.jpg,random_control_09,E:\Bridging\annotation\stage3_paperpack72_labelme\paperpack81_final_assets\exported_masks\COCO_val2014_000000566538\random16\random_control_09.png,38395051,0.23307,0,113477,113477
okvqa_val_5665385,COCO_val2014_000000566538.jpg,random_control_10,E:\Bridging\annotation\stage3_paperpack72_labelme\paperpack81_final_assets\exported_masks\COCO_val2014_000000566538\random16\random_control_10.png,1755132718,0.244279,0,113477,113477
okvqa_val_5665385,COCO_val2014_000000566538.jpg,random_control_11,E:\Bridging\annotation\stage3_paperpack72_labelme\paperpack81_final_assets\exported_masks\COCO_val2014_000000566538\random16\random_control_11.png,2958450279,0.235339,0,113477,113477
okvqa_val_5665385,COCO_val2014_000000566538.jpg,random_control_12,E:\Bridging\annotation\stage3_paperpack72_labelme\paperpack81_final_assets\exported_masks\COCO_val2014_000000566538\random16\random_control_12.png,174035213,0.237481,0,113477,113477
okvqa_val_5665385,COCO_val2014_000000566538.jpg,random_control_13,E:\Bridging\annotation\stage3_paperpack72_labelme\paperpack81_final_assets\exported_masks\COCO_val2014_000000566538\random16\random_control_13.png,1861732405,0.280215,0,113477,113477
okvqa_val_5665385,COCO_val2014_000000566538.jpg,random_control_14,E:\Bridging\annotation\stage3_paperpack72_labelme\paperpack81_final_assets\exported_masks\COCO_val2014_000000566538\random16\random_control_14.png,3449838059,0.241692,0,113477,113477
okvqa_val_5665385,COCO_val2014_000000566538.jpg,random_control_15,E:\Bridging\annotation\stage3_paperpack72_labelme\paperpack81_final_assets\exported_masks\COCO_val2014_000000566538\random16\random_control_15.png,1795153287,0.231765,0,113477,113477
okvqa_val_5665385,COCO_val2014_000000566538.jpg,random_control_16,E:\Bridging\annotation\stage3_paperpack72_labelme\paperpack81_final_assets\exported_masks\COCO_val2014_000000566538\random16\random_control_16.png,324142516,0.244989,0,113477,113477
okvqa_val_5665385,COCO_val2014_000000566538.jpg,shifted_mask,E:\Bridging\annotation\stage3_paperpack72_labelme\paperpack81_final_assets\exported_masks\COCO_val2014_000000566538\shifted.png,,0.418525,0,113477,113477
okvqa_val_5665385,COCO_val2014_000000566538.jpg,shuffled_mask,E:\Bridging\annotation\stage3_paperpack72_labelme\paperpack81_final_assets\exported_masks\COCO_val2014_000000566538\shuffled.png,2761228067,0.27584,0,113477,113477
okvqa_val_5734555,COCO_val2014_000000573455.jpg,random_control_01,E:\Bridging\annotation\stage3_paperpack72_labelme\paperpack81_final_assets\exported_masks\COCO_val2014_000000573455\random16\random_control_01.png,2136407218,0.651614,0,180713,180713
okvqa_val_5734555,COCO_val2014_000000573455.jpg,random_control_02,E:\Bridging\annotation\stage3_paperpack72_labelme\paperpack81_final_assets\exported_masks\COCO_val2014_000000573455\random16\random_control_02.png,2221535658,0.649759,0,180713,180713
okvqa_val_5734555,COCO_val2014_000000573455.jpg,random_control_03,E:\Bridging\annotation\stage3_paperpack72_labelme\paperpack81_final_assets\exported_masks\COCO_val2014_000000573455\random16\random_control_03.png,2352453277,0.65893,0,180713,180713
okvqa_val_5734555,COCO_val2014_000000573455.jpg,random_control_04,E:\Bridging\annotation\stage3_paperpack72_labelme\paperpack81_final_assets\exported_masks\COCO_val2014_000000573455\random16\random_control_04.png,252143995,0.657712,0,180713,180713
okvqa_val_5734555,COCO_val2014_000000573455.jpg,random_control_05,E:\Bridging\annotation\stage3_paperpack72_labelme\paperpack81_final_assets\exported_masks\COCO_val2014_000000573455\random16\random_control_05.png,3356508916,0.656542,0,180713,180713
okvqa_val_5734555,COCO_val2014_000000573455.jpg,random_control_06,E:\Bridging\annotation\stage3_paperpack72_labelme\paperpack81_final_assets\exported_masks\COCO_val2014_000000573455\random16\random_control_06.png,2231528775,0.649059,0,180713,180713
okvqa_val_5734555,COCO_val2014_000000573455.jpg,random_control_07,E:\Bridging\annotation\stage3_paperpack72_labelme\paperpack81_final_assets\exported_masks\COCO_val2014_000000573455\random16\random_control_07.png,1348566514,0.638125,0,180713,180713
okvqa_val_5734555,COCO_val2014_000000573455.jpg,random_control_08,E:\Bridging\annotation\stage3_paperpack72_labelme\paperpack81_final_assets\exported_masks\COCO_val2014_000000573455\random16\random_control_08.png,3595317329,0.661782,0,180713,180713
okvqa_val_5734555,COCO_val2014_000000573455.jpg,random_control_09,E:\Bridging\annotation\stage3_paperpack72_labelme\paperpack81_final_assets\exported_masks\COCO_val2014_000000573455\random16\random_control_09.png,2009181307,0.642786,0,180713,180713
okvqa_val_5734555,COCO_val2014_000000573455.jpg,random_control_10,E:\Bridging\annotation\stage3_paperpack72_labelme\paperpack81_final_assets\exported_masks\COCO_val2014_000000573455\random16\random_control_10.png,3127795775,0.659699,0,180713,180713
okvqa_val_5734555,COCO_val2014_000000573455.jpg,random_control_11,E:\Bridging\annotation\stage3_paperpack72_labelme\paperpack81_final_assets\exported_masks\COCO_val2014_000000573455\random16\random_control_11.png,3927347674,0.642696,0,180713,180713
okvqa_val_5734555,COCO_val2014_000000573455.jpg,random_control_12,E:\Bridging\annotation\stage3_paperpack72_labelme\paperpack81_final_assets\exported_masks\COCO_val2014_000000573455\random16\random_control_12.png,2282169187,0.656041,0,180713,180713
okvqa_val_5734555,COCO_val2014_000000573455.jpg,random_control_13,E:\Bridging\annotation\stage3_paperpack72_labelme\paperpack81_final_assets\exported_masks\COCO_val2014_000000573455\random16\random_control_13.png,3650076489,0.649044,0,180713,180713
okvqa_val_5734555,COCO_val2014_000000573455.jpg,random_control_14,E:\Bridging\annotation\stage3_paperpack72_labelme\paperpack81_final_assets\exported_masks\COCO_val2014_000000573455\random16\random_control_14.png,3075502468,0.655829,0,180713,180713
okvqa_val_5734555,COCO_val2014_000000573455.jpg,random_control_15,E:\Bridging\annotation\stage3_paperpack72_labelme\paperpack81_final_assets\exported_masks\COCO_val2014_000000573455\random16\random_control_15.png,3103697763,0.658062,0,180713,180713
okvqa_val_5734555,COCO_val2014_000000573455.jpg,random_control_16,E:\Bridging\annotation\stage3_paperpack72_labelme\paperpack81_final_assets\exported_masks\COCO_val2014_000000573455\random16\random_control_16.png,533934281,0.656724,0,180713,180713
okvqa_val_5734555,COCO_val2014_000000573455.jpg,shifted_mask,E:\Bridging\annotation\stage3_paperpack72_labelme\paperpack81_final_assets\exported_masks\COCO_val2014_000000573455\shifted.png,,0.837812,0,180713,180713
okvqa_val_5734555,COCO_val2014_000000573455.jpg,shuffled_mask,E:\Bridging\annotation\stage3_paperpack72_labelme\paperpack81_final_assets\exported_masks\COCO_val2014_000000573455\shuffled.png,1164227584,0.651976,0,180713,180713
okvqa_val_5738235,COCO_val2014_000000573823.jpg,random_control_01,E:\Bridging\annotation\stage3_paperpack72_labelme\paperpack81_final_assets\exported_masks\COCO_val2014_000000573823\random16\random_control_01.png,3387429041,0.438716,0,160724,160724
okvqa_val_5738235,COCO_val2014_000000573823.jpg,random_control_02,E:\Bridging\annotation\stage3_paperpack72_labelme\paperpack81_final_assets\exported_masks\COCO_val2014_000000573823\random16\random_control_02.png,973956633,0.452688,0,160724,160724
okvqa_val_5738235,COCO_val2014_000000573823.jpg,random_control_03,E:\Bridging\annotation\stage3_paperpack72_labelme\paperpack81_final_assets\exported_masks\COCO_val2014_000000573823\random16\random_control_03.png,1949521147,0.447788,0,160724,160724
okvqa_val_5738235,COCO_val2014_000000573823.jpg,random_control_04,E:\Bridging\annotation\stage3_paperpack72_labelme\paperpack81_final_assets\exported_masks\COCO_val2014_000000573823\random16\random_control_04.png,756443972,0.427193,0,160724,160724
okvqa_val_5738235,COCO_val2014_000000573823.jpg,random_control_05,E:\Bridging\annotation\stage3_paperpack72_labelme\paperpack81_final_assets\exported_masks\COCO_val2014_000000573823\random16\random_control_05.png,159415501,0.46652,0,160724,160724
okvqa_val_5738235,COCO_val2014_000000573823.jpg,random_control_06,E:\Bridging\annotation\stage3_paperpack72_labelme\paperpack81_final_assets\exported_masks\COCO_val2014_000000573823\random16\random_control_06.png,733895525,0.415952,0,160724,160724
okvqa_val_5738235,COCO_val2014_000000573823.jpg,random_control_07,E:\Bridging\annotation\stage3_paperpack72_labelme\paperpack81_final_assets\exported_masks\COCO_val2014_000000573823\random16\random_control_07.png,1155727585,0.398658,0,160724,160724
okvqa_val_5738235,COCO_val2014_000000573823.jpg,random_control_08,E:\Bridging\annotation\stage3_paperpack72_labelme\paperpack81_final_assets\exported_masks\COCO_val2014_000000573823\random16\random_control_08.png,1893570932,0.449446,0,160724,160724
okvqa_val_5738235,COCO_val2014_000000573823.jpg,random_control_09,E:\Bridging\annotation\stage3_paperpack72_labelme\paperpack81_final_assets\exported_masks\COCO_val2014_000000573823\random16\random_control_09.png,489263474,0.438825,0,160724,160724
okvqa_val_5738235,COCO_val2014_000000573823.jpg,random_control_10,E:\Bridging\annotation\stage3_paperpack72_labelme\paperpack81_final_assets\exported_masks\COCO_val2014_000000573823\random16\random_control_10.png,19450214,0.456025,0,160724,160724
okvqa_val_5738235,COCO_val2014_000000573823.jpg,random_control_11,E:\Bridging\annotation\stage3_paperpack72_labelme\paperpack81_final_assets\exported_masks\COCO_val2014_000000573823\random16\random_control_11.png,222493439,0.445301,0,160724,160724
okvqa_val_5738235,COCO_val2014_000000573823.jpg,random_control_12,E:\Bridging\annotation\stage3_paperpack72_labelme\paperpack81_final_assets\exported_masks\COCO_val2014_000000573823\random16\random_control_12.png,1884524706,0.39495,0,160724,160724
okvqa_val_5738235,COCO_val2014_000000573823.jpg,random_control_13,E:\Bridging\annotation\stage3_paperpack72_labelme\paperpack81_final_assets\exported_masks\COCO_val2014_000000573823\random16\random_control_13.png,3513114832,0.445106,0,160724,160724
okvqa_val_5738235,COCO_val2014_000000573823.jpg,random_control_14,E:\Bridging\annotation\stage3_paperpack72_labelme\paperpack81_final_assets\exported_masks\COCO_val2014_000000573823\random16\random_control_14.png,183853604,0.408889,0,160724,160724
okvqa_val_5738235,COCO_val2014_000000573823.jpg,random_control_15,E:\Bridging\annotation\stage3_paperpack72_labelme\paperpack81_final_assets\exported_masks\COCO_val2014_000000573823\random16\random_control_15.png,1135611264,0.432906,0,160724,160724
okvqa_val_5738235,COCO_val2014_000000573823.jpg,random_control_16,E:\Bridging\annotation\stage3_paperpack72_labelme\paperpack81_final_assets\exported_masks\COCO_val2014_000000573823\random16\random_control_16.png,893929761,0.387669,0,160724,160724
okvqa_val_5738235,COCO_val2014_000000573823.jpg,shifted_mask,E:\Bridging\annotation\stage3_paperpack72_labelme\paperpack81_final_assets\exported_masks\COCO_val2014_000000573823\shifted.png,,0.683697,0,160724,160724
okvqa_val_5738235,COCO_val2014_000000573823.jpg,shuffled_mask,E:\Bridging\annotation\stage3_paperpack72_labelme\paperpack81_final_assets\exported_masks\COCO_val2014_000000573823\shuffled.png,951316875,0.414544,0,160724,160724
okvqa_val_5759705,COCO_val2014_000000575970.jpg,random_control_01,E:\Bridging\annotation\stage3_paperpack72_labelme\paperpack81_final_assets\exported_masks\COCO_val2014_000000575970\random16\random_control_01.png,1738491334,0.477636,0,180409,180409
okvqa_val_5759705,COCO_val2014_000000575970.jpg,random_control_02,E:\Bridging\annotation\stage3_paperpack72_labelme\paperpack81_final_assets\exported_masks\COCO_val2014_000000575970\random16\random_control_02.png,3387163617,0.465733,0,180409,180409
okvqa_val_5759705,COCO_val2014_000000575970.jpg,random_control_03,E:\Bridging\annotation\stage3_paperpack72_labelme\paperpack81_final_assets\exported_masks\COCO_val2014_000000575970\random16\random_control_03.png,2159669000,0.468812,0,180409,180409
okvqa_val_5759705,COCO_val2014_000000575970.jpg,random_control_04,E:\Bridging\annotation\stage3_paperpack72_labelme\paperpack81_final_assets\exported_masks\COCO_val2014_000000575970\random16\random_control_04.png,3312743398,0.469063,0,180409,180409
okvqa_val_5759705,COCO_val2014_000000575970.jpg,random_control_05,E:\Bridging\annotation\stage3_paperpack72_labelme\paperpack81_final_assets\exported_masks\COCO_val2014_000000575970\random16\random_control_05.png,4070243981,0.455751,0,180409,180409
okvqa_val_5759705,COCO_val2014_000000575970.jpg,random_control_06,E:\Bridging\annotation\stage3_paperpack72_labelme\paperpack81_final_assets\exported_masks\COCO_val2014_000000575970\random16\random_control_06.png,2249997379,0.45768,0,180409,180409
okvqa_val_5759705,COCO_val2014_000000575970.jpg,random_control_07,E:\Bridging\annotation\stage3_paperpack72_labelme\paperpack81_final_assets\exported_masks\COCO_val2014_000000575970\random16\random_control_07.png,1155438864,0.474267,0,180409,180409
okvqa_val_5759705,COCO_val2014_000000575970.jpg,random_control_08,E:\Bridging\annotation\stage3_paperpack72_labelme\paperpack81_final_assets\exported_masks\COCO_val2014_000000575970\random16\random_control_08.png,3023719262,0.477473,0,180409,180409
okvqa_val_5759705,COCO_val2014_000000575970.jpg,random_control_09,E:\Bridging\annotation\stage3_paperpack72_labelme\paperpack81_final_assets\exported_masks\COCO_val2014_000000575970\random16\random_control_09.png,1988302928,0.484182,0,180409,180409
okvqa_val_5759705,COCO_val2014_000000575970.jpg,random_control_10,E:\Bridging\annotation\stage3_paperpack72_labelme\paperpack81_final_assets\exported_masks\COCO_val2014_000000575970\random16\random_control_10.png,4237693477,0.45768,0,180409,180409
okvqa_val_5759705,COCO_val2014_000000575970.jpg,random_control_11,E:\Bridging\annotation\stage3_paperpack72_labelme\paperpack81_final_assets\exported_masks\COCO_val2014_000000575970\random16\random_control_11.png,4272510936,0.498345,0,180409,180409
okvqa_val_5759705,COCO_val2014_000000575970.jpg,random_control_12,E:\Bridging\annotation\stage3_paperpack72_labelme\paperpack81_final_assets\exported_masks\COCO_val2014_000000575970\random16\random_control_12.png,1149297657,0.466978,0,180409,180409
okvqa_val_5759705,COCO_val2014_000000575970.jpg,random_control_13,E:\Bridging\annotation\stage3_paperpack72_labelme\paperpack81_final_assets\exported_masks\COCO_val2014_000000575970\random16\random_control_13.png,278519256,0.493526,0,180409,180409
okvqa_val_5759705,COCO_val2014_000000575970.jpg,random_control_14,E:\Bridging\annotation\stage3_paperpack72_labelme\paperpack81_final_assets\exported_masks\COCO_val2014_000000575970\random16\random_control_14.png,2132610138,0.462359,0,180409,180409
okvqa_val_5759705,COCO_val2014_000000575970.jpg,random_control_15,E:\Bridging\annotation\stage3_paperpack72_labelme\paperpack81_final_assets\exported_masks\COCO_val2014_000000575970\random16\random_control_15.png,2331078015,0.475913,0,180409,180409
okvqa_val_5759705,COCO_val2014_000000575970.jpg,random_control_16,E:\Bridging\annotation\stage3_paperpack72_labelme\paperpack81_final_assets\exported_masks\COCO_val2014_000000575970\random16\random_control_16.png,2026693145,0.4726,0,180409,180409
okvqa_val_5759705,COCO_val2014_000000575970.jpg,shifted_mask,E:\Bridging\annotation\stage3_paperpack72_labelme\paperpack81_final_assets\exported_masks\COCO_val2014_000000575970\shifted.png,,0.492365,0,180409,180409
okvqa_val_5759705,COCO_val2014_000000575970.jpg,shuffled_mask,E:\Bridging\annotation\stage3_paperpack72_labelme\paperpack81_final_assets\exported_masks\COCO_val2014_000000575970\shuffled.png,3788496382,0.468704,0,180409,180409
okvqa_val_657365,COCO_val2014_000000065736.jpg,random_control_01,E:\Bridging\annotation\stage3_paperpack72_labelme\paperpack81_final_assets\exported_masks\COCO_val2014_000000065736\random16\random_control_01.png,2116959293,0.00833478,1,49541,49541
okvqa_val_657365,COCO_val2014_000000065736.jpg,random_control_02,E:\Bridging\annotation\stage3_paperpack72_labelme\paperpack81_final_assets\exported_masks\COCO_val2014_000000065736\random16\random_control_02.png,2001524740,0,1,49541,49541
okvqa_val_657365,COCO_val2014_000000065736.jpg,random_control_03,E:\Bridging\annotation\stage3_paperpack72_labelme\paperpack81_final_assets\exported_masks\COCO_val2014_000000065736\random16\random_control_03.png,4126046932,0.0340646,1,49541,49541
okvqa_val_657365,COCO_val2014_000000065736.jpg,random_control_04,E:\Bridging\annotation\stage3_paperpack72_labelme\paperpack81_final_assets\exported_masks\COCO_val2014_000000065736\random16\random_control_04.png,2992874164,0.00898167,1,49541,49541
okvqa_val_657365,COCO_val2014_000000065736.jpg,random_control_05,E:\Bridging\annotation\stage3_paperpack72_labelme\paperpack81_final_assets\exported_masks\COCO_val2014_000000065736\random16\random_control_05.png,1629132690,0,1,49541,49541
okvqa_val_657365,COCO_val2014_000000065736.jpg,random_control_06,E:\Bridging\annotation\stage3_paperpack72_labelme\paperpack81_final_assets\exported_masks\COCO_val2014_000000065736\random16\random_control_06.png,3714168478,0,1,49541,49541
okvqa_val_657365,COCO_val2014_000000065736.jpg,random_control_07,E:\Bridging\annotation\stage3_paperpack72_labelme\paperpack81_final_assets\exported_masks\COCO_val2014_000000065736\random16\random_control_07.png,1439734123,0,1,49541,49541
okvqa_val_657365,COCO_val2014_000000065736.jpg,random_control_08,E:\Bridging\annotation\stage3_paperpack72_labelme\paperpack81_final_assets\exported_masks\COCO_val2014_000000065736\random16\random_control_08.png,2571151173,0.0921858,1,49541,49541
okvqa_val_657365,COCO_val2014_000000065736.jpg,random_control_09,E:\Bridging\annotation\stage3_paperpack72_labelme\paperpack81_final_assets\exported_masks\COCO_val2014_000000065736\random16\random_control_09.png,539428742,0.0260972,1,49541,49541
okvqa_val_657365,COCO_val2014_000000065736.jpg,random_control_10,E:\Bridging\annotation\stage3_paperpack72_labelme\paperpack81_final_assets\exported_masks\COCO_val2014_000000065736\random16\random_control_10.png,3725278644,0,1,49541,49541
okvqa_val_657365,COCO_val2014_000000065736.jpg,random_control_11,E:\Bridging\annotation\stage3_paperpack72_labelme\paperpack81_final_assets\exported_masks\COCO_val2014_000000065736\random16\random_control_11.png,595154327,0.0985675,1,49541,49541
okvqa_val_657365,COCO_val2014_000000065736.jpg,random_control_12,E:\Bridging\annotation\stage3_paperpack72_labelme\paperpack81_final_assets\exported_masks\COCO_val2014_000000065736\random16\random_control_12.png,4170803027,0,1,49541,49541
okvqa_val_657365,COCO_val2014_000000065736.jpg,random_control_13,E:\Bridging\annotation\stage3_paperpack72_labelme\paperpack81_final_assets\exported_masks\COCO_val2014_000000065736\random16\random_control_13.png,3258130540,0.000878832,1,49541,49541
okvqa_val_657365,COCO_val2014_000000065736.jpg,random_control_14,E:\Bridging\annotation\stage3_paperpack72_labelme\paperpack81_final_assets\exported_masks\COCO_val2014_000000065736\random16\random_control_14.png,3879164871,0,1,49541,49541
okvqa_val_657365,COCO_val2014_000000065736.jpg,random_control_15,E:\Bridging\annotation\stage3_paperpack72_labelme\paperpack81_final_assets\exported_masks\COCO_val2014_000000065736\random16\random_control_15.png,2230504702,0.00955739,1,49541,49541
okvqa_val_657365,COCO_val2014_000000065736.jpg,random_control_16,E:\Bridging\annotation\stage3_paperpack72_labelme\paperpack81_final_assets\exported_masks\COCO_val2014_000000065736\random16\random_control_16.png,4100987969,0.0245693,1,49541,49541
okvqa_val_657365,COCO_val2014_000000065736.jpg,shifted_mask,E:\Bridging\annotation\stage3_paperpack72_labelme\paperpack81_final_assets\exported_masks\COCO_val2014_000000065736\shifted.png,,0.0051127,1,49541,49541
okvqa_val_657365,COCO_val2014_000000065736.jpg,shuffled_mask,E:\Bridging\annotation\stage3_paperpack72_labelme\paperpack81_final_assets\exported_masks\COCO_val2014_000000065736\shuffled.png,824463760,0,1,49541,49541
okvqa_val_03909,COCO_val2014_000000303024.jpg,random_control_01,E:\Bridging\annotation\stage3_paperpack72_labelme\paperpack81_final_assets\exported_masks\COCO_val2014_000000303024\random16\random_control_01.png,556686008,0.120393,0,107709,107709
okvqa_val_03909,COCO_val2014_000000303024.jpg,random_control_02,E:\Bridging\annotation\stage3_paperpack72_labelme\paperpack81_final_assets\exported_masks\COCO_val2014_000000303024\random16\random_control_02.png,1702570507,0.124311,0,107709,107709
okvqa_val_03909,COCO_val2014_000000303024.jpg,random_control_03,E:\Bridging\annotation\stage3_paperpack72_labelme\paperpack81_final_assets\exported_masks\COCO_val2014_000000303024\random16\random_control_03.png,1592121913,0.172343,0,107709,107709
okvqa_val_03909,COCO_val2014_000000303024.jpg,random_control_04,E:\Bridging\annotation\stage3_paperpack72_labelme\paperpack81_final_assets\exported_masks\COCO_val2014_000000303024\random16\random_control_04.png,2737221804,0.118532,0,107709,107709
okvqa_val_03909,COCO_val2014_000000303024.jpg,random_control_05,E:\Bridging\annotation\stage3_paperpack72_labelme\paperpack81_final_assets\exported_masks\COCO_val2014_000000303024\random16\random_control_05.png,2291164350,0.131694,0,107709,107709
okvqa_val_03909,COCO_val2014_000000303024.jpg,random_control_06,E:\Bridging\annotation\stage3_paperpack72_labelme\paperpack81_final_assets\exported_masks\COCO_val2014_000000303024\random16\random_control_06.png,2129662426,0.115202,0,107709,107709
okvqa_val_03909,COCO_val2014_000000303024.jpg,random_control_07,E:\Bridging\annotation\stage3_paperpack72_labelme\paperpack81_final_assets\exported_masks\COCO_val2014_000000303024\random16\random_control_07.png,3749726918,0.182368,0,107709,107709
okvqa_val_03909,COCO_val2014_000000303024.jpg,random_control_08,E:\Bridging\annotation\stage3_paperpack72_labelme\paperpack81_final_assets\exported_masks\COCO_val2014_000000303024\random16\random_control_08.png,3912934744,0.133648,0,107709,107709
okvqa_val_03909,COCO_val2014_000000303024.jpg,random_control_09,E:\Bridging\annotation\stage3_paperpack72_labelme\paperpack81_final_assets\exported_masks\COCO_val2014_000000303024\random16\random_control_09.png,1628628732,0.142856,0,107709,107709
okvqa_val_03909,COCO_val2014_000000303024.jpg,random_control_10,E:\Bridging\annotation\stage3_paperpack72_labelme\paperpack81_final_assets\exported_masks\COCO_val2014_000000303024\random16\random_control_10.png,972326330,0.17908,0,107709,107709
okvqa_val_03909,COCO_val2014_000000303024.jpg,random_control_11,E:\Bridging\annotation\stage3_paperpack72_labelme\paperpack81_final_assets\exported_masks\COCO_val2014_000000303024\random16\random_control_11.png,1757274152,0.144659,0,107709,107709
okvqa_val_03909,COCO_val2014_000000303024.jpg,random_control_12,E:\Bridging\annotation\stage3_paperpack72_labelme\paperpack81_final_assets\exported_masks\COCO_val2014_000000303024\random16\random_control_12.png,4057636360,0.13559,0,107709,107709
okvqa_val_03909,COCO_val2014_000000303024.jpg,random_control_13,E:\Bridging\annotation\stage3_paperpack72_labelme\paperpack81_final_assets\exported_masks\COCO_val2014_000000303024\random16\random_control_13.png,4115290324,0.176775,0,107709,107709
okvqa_val_03909,COCO_val2014_000000303024.jpg,random_control_14,E:\Bridging\annotation\stage3_paperpack72_labelme\paperpack81_final_assets\exported_masks\COCO_val2014_000000303024\random16\random_control_14.png,2377069164,0.138465,0,107709,107709
okvqa_val_03909,COCO_val2014_000000303024.jpg,random_control_15,E:\Bridging\annotation\stage3_paperpack72_labelme\paperpack81_final_assets\exported_masks\COCO_val2014_000000303024\random16\random_control_15.png,1654702036,0.145463,0,107709,107709
okvqa_val_03909,COCO_val2014_000000303024.jpg,random_control_16,E:\Bridging\annotation\stage3_paperpack72_labelme\paperpack81_final_assets\exported_masks\COCO_val2014_000000303024\random16\random_control_16.png,2062599414,0.139935,0,107709,107709
okvqa_val_03909,COCO_val2014_000000303024.jpg,shifted_mask,E:\Bridging\annotation\stage3_paperpack72_labelme\paperpack81_final_assets\exported_masks\COCO_val2014_000000303024\shifted.png,,0.18888,0,107709,107709
okvqa_val_03909,COCO_val2014_000000303024.jpg,shuffled_mask,E:\Bridging\annotation\stage3_paperpack72_labelme\paperpack81_final_assets\exported_masks\COCO_val2014_000000303024\shuffled.png,1137066884,0.125251,0,107709,107709
okvqa_val_1440035,COCO_val2014_000000144003.jpg,random_control_01,E:\Bridging\annotation\stage3_paperpack72_labelme\paperpack81_final_assets\exported_masks\COCO_val2014_000000144003\random16\random_control_01.png,3341146441,0.0463343,1,49602,49602
okvqa_val_1440035,COCO_val2014_000000144003.jpg,random_control_02,E:\Bridging\annotation\stage3_paperpack72_labelme\paperpack81_final_assets\exported_masks\COCO_val2014_000000144003\random16\random_control_02.png,3076646149,0.0624143,1,49602,49602
okvqa_val_1440035,COCO_val2014_000000144003.jpg,random_control_03,E:\Bridging\annotation\stage3_paperpack72_labelme\paperpack81_final_assets\exported_masks\COCO_val2014_000000144003\random16\random_control_03.png,4096992625,0.0505115,1,49602,49602
okvqa_val_1440035,COCO_val2014_000000144003.jpg,random_control_04,E:\Bridging\annotation\stage3_paperpack72_labelme\paperpack81_final_assets\exported_masks\COCO_val2014_000000144003\random16\random_control_04.png,3012519119,0.0424092,1,49602,49602
okvqa_val_1440035,COCO_val2014_000000144003.jpg,random_control_05,E:\Bridging\annotation\stage3_paperpack72_labelme\paperpack81_final_assets\exported_masks\COCO_val2014_000000144003\random16\random_control_05.png,2758987842,0.062733,1,49602,49602
okvqa_val_1440035,COCO_val2014_000000144003.jpg,random_control_06,E:\Bridging\annotation\stage3_paperpack72_labelme\paperpack81_final_assets\exported_masks\COCO_val2014_000000144003\random16\random_control_06.png,4230858683,0.086191,1,49602,49602
okvqa_val_1440035,COCO_val2014_000000144003.jpg,random_control_07,E:\Bridging\annotation\stage3_paperpack72_labelme\paperpack81_final_assets\exported_masks\COCO_val2014_000000144003\random16\random_control_07.png,3303382346,0.0970981,1,49602,49602
okvqa_val_1440035,COCO_val2014_000000144003.jpg,random_control_08,E:\Bridging\annotation\stage3_paperpack72_labelme\paperpack81_final_assets\exported_masks\COCO_val2014_000000144003\random16\random_control_08.png,2050215462,0.089017,1,49602,49602
okvqa_val_1440035,COCO_val2014_000000144003.jpg,random_control_09,E:\Bridging\annotation\stage3_paperpack72_labelme\paperpack81_final_assets\exported_masks\COCO_val2014_000000144003\random16\random_control_09.png,1439999877,0.0983127,1,49602,49602
okvqa_val_1440035,COCO_val2014_000000144003.jpg,random_control_10,E:\Bridging\annotation\stage3_paperpack72_labelme\paperpack81_final_assets\exported_masks\COCO_val2014_000000144003\random16\random_control_10.png,1601808904,0.0644092,1,49602,49602
okvqa_val_1440035,COCO_val2014_000000144003.jpg,random_control_11,E:\Bridging\annotation\stage3_paperpack72_labelme\paperpack81_final_assets\exported_masks\COCO_val2014_000000144003\random16\random_control_11.png,3139763153,0.0628924,1,49602,49602
okvqa_val_1440035,COCO_val2014_000000144003.jpg,random_control_12,E:\Bridging\annotation\stage3_paperpack72_labelme\paperpack81_final_assets\exported_masks\COCO_val2014_000000144003\random16\random_control_12.png,503761478,0.0850149,1,49602,49602
okvqa_val_1440035,COCO_val2014_000000144003.jpg,random_control_13,E:\Bridging\annotation\stage3_paperpack72_labelme\paperpack81_final_assets\exported_masks\COCO_val2014_000000144003\random16\random_control_13.png,1217914139,0.0914972,1,49602,49602
okvqa_val_1440035,COCO_val2014_000000144003.jpg,random_control_14,E:\Bridging\annotation\stage3_paperpack72_labelme\paperpack81_final_assets\exported_masks\COCO_val2014_000000144003\random16\random_control_14.png,3242445788,0.0893398,1,49602,49602
okvqa_val_1440035,COCO_val2014_000000144003.jpg,random_control_15,E:\Bridging\annotation\stage3_paperpack72_labelme\paperpack81_final_assets\exported_masks\COCO_val2014_000000144003\random16\random_control_15.png,2027263294,0.0571611,1,49602,49602
okvqa_val_1440035,COCO_val2014_000000144003.jpg,random_control_16,E:\Bridging\annotation\stage3_paperpack72_labelme\paperpack81_final_assets\exported_masks\COCO_val2014_000000144003\random16\random_control_16.png,3247014436,0.0593964,1,49602,49602
okvqa_val_1440035,COCO_val2014_000000144003.jpg,shifted_mask,E:\Bridging\annotation\stage3_paperpack72_labelme\paperpack81_final_assets\exported_masks\COCO_val2014_000000144003\shifted.png,,0.0918096,1,49602,49602
okvqa_val_1440035,COCO_val2014_000000144003.jpg,shuffled_mask,E:\Bridging\annotation\stage3_paperpack72_labelme\paperpack81_final_assets\exported_masks\COCO_val2014_000000144003\shuffled.png,354388394,0.0847895,1,49602,49602
okvqa_val_1499095,COCO_val2014_000000149909.jpg,random_control_01,E:\Bridging\annotation\stage3_paperpack72_labelme\paperpack81_final_assets\exported_masks\COCO_val2014_000000149909\random16\random_control_01.png,4001579892,0.182211,0,84135,84135
okvqa_val_1499095,COCO_val2014_000000149909.jpg,random_control_02,E:\Bridging\annotation\stage3_paperpack72_labelme\paperpack81_final_assets\exported_masks\COCO_val2014_000000149909\random16\random_control_02.png,2036736236,0.196842,0,84135,84135
okvqa_val_1499095,COCO_val2014_000000149909.jpg,random_control_03,E:\Bridging\annotation\stage3_paperpack72_labelme\paperpack81_final_assets\exported_masks\COCO_val2014_000000149909\random16\random_control_03.png,1640782256,0.186462,0,84135,84135
okvqa_val_1499095,COCO_val2014_000000149909.jpg,random_control_04,E:\Bridging\annotation\stage3_paperpack72_labelme\paperpack81_final_assets\exported_masks\COCO_val2014_000000149909\random16\random_control_04.png,2208943838,0.183042,0,84135,84135
okvqa_val_1499095,COCO_val2014_000000149909.jpg,random_control_05,E:\Bridging\annotation\stage3_paperpack72_labelme\paperpack81_final_assets\exported_masks\COCO_val2014_000000149909\random16\random_control_05.png,2823971015,0.183042,0,84135,84135
okvqa_val_1499095,COCO_val2014_000000149909.jpg,random_control_06,E:\Bridging\annotation\stage3_paperpack72_labelme\paperpack81_final_assets\exported_masks\COCO_val2014_000000149909\random16\random_control_06.png,3813027716,0.172082,0,84135,84135
okvqa_val_1499095,COCO_val2014_000000149909.jpg,random_control_07,E:\Bridging\annotation\stage3_paperpack72_labelme\paperpack81_final_assets\exported_masks\COCO_val2014_000000149909\random16\random_control_07.png,2046949292,0.200342,0,84135,84135
okvqa_val_1499095,COCO_val2014_000000149909.jpg,random_control_08,E:\Bridging\annotation\stage3_paperpack72_labelme\paperpack81_final_assets\exported_masks\COCO_val2014_000000149909\random16\random_control_08.png,3038581373,0.171682,0,84135,84135
okvqa_val_1499095,COCO_val2014_000000149909.jpg,random_control_09,E:\Bridging\annotation\stage3_paperpack72_labelme\paperpack81_final_assets\exported_masks\COCO_val2014_000000149909\random16\random_control_09.png,3647352880,0.182286,0,84135,84135
okvqa_val_1499095,COCO_val2014_000000149909.jpg,random_control_10,E:\Bridging\annotation\stage3_paperpack72_labelme\paperpack81_final_assets\exported_masks\COCO_val2014_000000149909\random16\random_control_10.png,1086134597,0.191629,0,84135,84135
okvqa_val_1499095,COCO_val2014_000000149909.jpg,random_control_11,E:\Bridging\annotation\stage3_paperpack72_labelme\paperpack81_final_assets\exported_masks\COCO_val2014_000000149909\random16\random_control_11.png,3200475960,0.207405,0,84135,84135
okvqa_val_1499095,COCO_val2014_000000149909.jpg,random_control_12,E:\Bridging\annotation\stage3_paperpack72_labelme\paperpack81_final_assets\exported_masks\COCO_val2014_000000149909\random16\random_control_12.png,3717010409,0.18818,0,84135,84135
okvqa_val_1499095,COCO_val2014_000000149909.jpg,random_control_13,E:\Bridging\annotation\stage3_paperpack72_labelme\paperpack81_final_assets\exported_masks\COCO_val2014_000000149909\random16\random_control_13.png,2382649260,0.18475,0,84135,84135
okvqa_val_1499095,COCO_val2014_000000149909.jpg,random_control_14,E:\Bridging\annotation\stage3_paperpack72_labelme\paperpack81_final_assets\exported_masks\COCO_val2014_000000149909\random16\random_control_14.png,559976579,0.183042,0,84135,84135
okvqa_val_1499095,COCO_val2014_000000149909.jpg,random_control_15,E:\Bridging\annotation\stage3_paperpack72_labelme\paperpack81_final_assets\exported_masks\COCO_val2014_000000149909\random16\random_control_15.png,1036022387,0.190567,0,84135,84135
okvqa_val_1499095,COCO_val2014_000000149909.jpg,random_control_16,E:\Bridging\annotation\stage3_paperpack72_labelme\paperpack81_final_assets\exported_masks\COCO_val2014_000000149909\random16\random_control_16.png,2783202582,0.19859,0,84135,84135
okvqa_val_1499095,COCO_val2014_000000149909.jpg,shifted_mask,E:\Bridging\annotation\stage3_paperpack72_labelme\paperpack81_final_assets\exported_masks\COCO_val2014_000000149909\shifted.png,,0.10002,0,84135,84135
okvqa_val_1499095,COCO_val2014_000000149909.jpg,shuffled_mask,E:\Bridging\annotation\stage3_paperpack72_labelme\paperpack81_final_assets\exported_masks\COCO_val2014_000000149909\shuffled.png,940620019,0.183042,0,84135,84135
okvqa_val_1944205,COCO_val2014_000000194420.jpg,random_control_01,E:\Bridging\annotation\stage3_paperpack72_labelme\paperpack81_final_assets\exported_masks\COCO_val2014_000000194420\random16\random_control_01.png,1836099858,0.634187,0,131856,131856
okvqa_val_1944205,COCO_val2014_000000194420.jpg,random_control_02,E:\Bridging\annotation\stage3_paperpack72_labelme\paperpack81_final_assets\exported_masks\COCO_val2014_000000194420\random16\random_control_02.png,4058604485,0.619315,0,131856,131856
okvqa_val_1944205,COCO_val2014_000000194420.jpg,random_control_03,E:\Bridging\annotation\stage3_paperpack72_labelme\paperpack81_final_assets\exported_masks\COCO_val2014_000000194420\random16\random_control_03.png,241215003,0.618739,0,131856,131856
okvqa_val_1944205,COCO_val2014_000000194420.jpg,random_control_04,E:\Bridging\annotation\stage3_paperpack72_labelme\paperpack81_final_assets\exported_masks\COCO_val2014_000000194420\random16\random_control_04.png,2965264697,0.609963,0,131856,131856
okvqa_val_1944205,COCO_val2014_000000194420.jpg,random_control_05,E:\Bridging\annotation\stage3_paperpack72_labelme\paperpack81_final_assets\exported_masks\COCO_val2014_000000194420\random16\random_control_05.png,626203123,0.61274,0,131856,131856
okvqa_val_1944205,COCO_val2014_000000194420.jpg,random_control_06,E:\Bridging\annotation\stage3_paperpack72_labelme\paperpack81_final_assets\exported_masks\COCO_val2014_000000194420\random16\random_control_06.png,3746094650,0.622923,0,131856,131856
okvqa_val_1944205,COCO_val2014_000000194420.jpg,random_control_07,E:\Bridging\annotation\stage3_paperpack72_labelme\paperpack81_final_assets\exported_masks\COCO_val2014_000000194420\random16\random_control_07.png,1347874269,0.617042,0,131856,131856
okvqa_val_1944205,COCO_val2014_000000194420.jpg,random_control_08,E:\Bridging\annotation\stage3_paperpack72_labelme\paperpack81_final_assets\exported_masks\COCO_val2014_000000194420\random16\random_control_08.png,2119001273,0.628576,0,131856,131856
okvqa_val_1944205,COCO_val2014_000000194420.jpg,random_control_09,E:\Bridging\annotation\stage3_paperpack72_labelme\paperpack81_final_assets\exported_masks\COCO_val2014_000000194420\random16\random_control_09.png,2048209050,0.649829,0,131856,131856
okvqa_val_1944205,COCO_val2014_000000194420.jpg,random_control_10,E:\Bridging\annotation\stage3_paperpack72_labelme\paperpack81_final_assets\exported_masks\COCO_val2014_000000194420\random16\random_control_10.png,1196579449,0.625223,0,131856,131856
okvqa_val_1944205,COCO_val2014_000000194420.jpg,random_control_11,E:\Bridging\annotation\stage3_paperpack72_labelme\paperpack81_final_assets\exported_masks\COCO_val2014_000000194420\random16\random_control_11.png,2052264864,0.605279,0,131856,131856
okvqa_val_1944205,COCO_val2014_000000194420.jpg,random_control_12,E:\Bridging\annotation\stage3_paperpack72_labelme\paperpack81_final_assets\exported_masks\COCO_val2014_000000194420\random16\random_control_12.png,2694281752,0.601088,0,131856,131856
okvqa_val_1944205,COCO_val2014_000000194420.jpg,random_control_13,E:\Bridging\annotation\stage3_paperpack72_labelme\paperpack81_final_assets\exported_masks\COCO_val2014_000000194420\random16\random_control_13.png,2687825614,0.61611,0,131856,131856
okvqa_val_1944205,COCO_val2014_000000194420.jpg,random_control_14,E:\Bridging\annotation\stage3_paperpack72_labelme\paperpack81_final_assets\exported_masks\COCO_val2014_000000194420\random16\random_control_14.png,621869897,0.607618,0,131856,131856
okvqa_val_1944205,COCO_val2014_000000194420.jpg,random_control_15,E:\Bridging\annotation\stage3_paperpack72_labelme\paperpack81_final_assets\exported_masks\COCO_val2014_000000194420\random16\random_control_15.png,2485896039,0.63174,0,131856,131856
okvqa_val_1944205,COCO_val2014_000000194420.jpg,random_control_16,E:\Bridging\annotation\stage3_paperpack72_labelme\paperpack81_final_assets\exported_masks\COCO_val2014_000000194420\random16\random_control_16.png,2539152707,0.64326,0,131856,131856
okvqa_val_1944205,COCO_val2014_000000194420.jpg,shifted_mask,E:\Bridging\annotation\stage3_paperpack72_labelme\paperpack81_final_assets\exported_masks\COCO_val2014_000000194420\shifted.png,,0.613776,0,131856,131856
okvqa_val_1944205,COCO_val2014_000000194420.jpg,shuffled_mask,E:\Bridging\annotation\stage3_paperpack72_labelme\paperpack81_final_assets\exported_masks\COCO_val2014_000000194420\shuffled.png,1648224863,0.629381,0,131856,131856
okvqa_val_216885,COCO_val2014_000000021688.jpg,random_control_01,E:\Bridging\annotation\stage3_paperpack72_labelme\paperpack81_final_assets\exported_masks\COCO_val2014_000000021688\random16\random_control_01.png,1364464309,0.662012,0,219752,219752
okvqa_val_216885,COCO_val2014_000000021688.jpg,random_control_02,E:\Bridging\annotation\stage3_paperpack72_labelme\paperpack81_final_assets\exported_masks\COCO_val2014_000000021688\random16\random_control_02.png,2524928094,0.669043,0,219752,219752
okvqa_val_216885,COCO_val2014_000000021688.jpg,random_control_03,E:\Bridging\annotation\stage3_paperpack72_labelme\paperpack81_final_assets\exported_masks\COCO_val2014_000000021688\random16\random_control_03.png,1141183581,0.659075,0,219752,219752
okvqa_val_216885,COCO_val2014_000000021688.jpg,random_control_04,E:\Bridging\annotation\stage3_paperpack72_labelme\paperpack81_final_assets\exported_masks\COCO_val2014_000000021688\random16\random_control_04.png,2845729300,0.666606,0,219752,219752
okvqa_val_216885,COCO_val2014_000000021688.jpg,random_control_05,E:\Bridging\annotation\stage3_paperpack72_labelme\paperpack81_final_assets\exported_masks\COCO_val2014_000000021688\random16\random_control_05.png,2024771819,0.675277,0,219752,219752
okvqa_val_216885,COCO_val2014_000000021688.jpg,random_control_06,E:\Bridging\annotation\stage3_paperpack72_labelme\paperpack81_final_assets\exported_masks\COCO_val2014_000000021688\random16\random_control_06.png,4187749955,0.675277,0,219752,219752
okvqa_val_216885,COCO_val2014_000000021688.jpg,random_control_07,E:\Bridging\annotation\stage3_paperpack72_labelme\paperpack81_final_assets\exported_masks\COCO_val2014_000000021688\random16\random_control_07.png,1560217746,0.666322,0,219752,219752
okvqa_val_216885,COCO_val2014_000000021688.jpg,random_control_08,E:\Bridging\annotation\stage3_paperpack72_labelme\paperpack81_final_assets\exported_masks\COCO_val2014_000000021688\random16\random_control_08.png,2266507187,0.675277,0,219752,219752
okvqa_val_216885,COCO_val2014_000000021688.jpg,random_control_09,E:\Bridging\annotation\stage3_paperpack72_labelme\paperpack81_final_assets\exported_masks\COCO_val2014_000000021688\random16\random_control_09.png,2861785635,0.661484,0,219752,219752
okvqa_val_216885,COCO_val2014_000000021688.jpg,random_control_10,E:\Bridging\annotation\stage3_paperpack72_labelme\paperpack81_final_assets\exported_masks\COCO_val2014_000000021688\random16\random_control_10.png,191489993,0.675277,0,219752,219752
okvqa_val_216885,COCO_val2014_000000021688.jpg,random_control_11,E:\Bridging\annotation\stage3_paperpack72_labelme\paperpack81_final_assets\exported_masks\COCO_val2014_000000021688\random16\random_control_11.png,1048171475,0.677772,0,219752,219752
okvqa_val_216885,COCO_val2014_000000021688.jpg,random_control_12,E:\Bridging\annotation\stage3_paperpack72_labelme\paperpack81_final_assets\exported_masks\COCO_val2014_000000021688\random16\random_control_12.png,2624221327,0.675277,0,219752,219752
okvqa_val_216885,COCO_val2014_000000021688.jpg,random_control_13,E:\Bridging\annotation\stage3_paperpack72_labelme\paperpack81_final_assets\exported_masks\COCO_val2014_000000021688\random16\random_control_13.png,1479421657,0.659075,0,219752,219752
okvqa_val_216885,COCO_val2014_000000021688.jpg,random_control_14,E:\Bridging\annotation\stage3_paperpack72_labelme\paperpack81_final_assets\exported_masks\COCO_val2014_000000021688\random16\random_control_14.png,2032931542,0.672307,0,219752,219752
okvqa_val_216885,COCO_val2014_000000021688.jpg,random_control_15,E:\Bridging\annotation\stage3_paperpack72_labelme\paperpack81_final_assets\exported_masks\COCO_val2014_000000021688\random16\random_control_15.png,240059467,0.668453,0,219752,219752
okvqa_val_216885,COCO_val2014_000000021688.jpg,random_control_16,E:\Bridging\annotation\stage3_paperpack72_labelme\paperpack81_final_assets\exported_masks\COCO_val2014_000000021688\random16\random_control_16.png,1535605503,0.6687,0,219752,219752
okvqa_val_216885,COCO_val2014_000000021688.jpg,shifted_mask,E:\Bridging\annotation\stage3_paperpack72_labelme\paperpack81_final_assets\exported_masks\COCO_val2014_000000021688\shifted.png,,0.80008,0,219752,219752
okvqa_val_216885,COCO_val2014_000000021688.jpg,shuffled_mask,E:\Bridging\annotation\stage3_paperpack72_labelme\paperpack81_final_assets\exported_masks\COCO_val2014_000000021688\shuffled.png,3776184326,0.682782,0,219752,219752
okvqa_val_2288675,COCO_val2014_000000228867.jpg,random_control_01,E:\Bridging\annotation\stage3_paperpack72_labelme\paperpack81_final_assets\exported_masks\COCO_val2014_000000228867\random16\random_control_01.png,1486753033,0.460303,0,175067,175067
okvqa_val_2288675,COCO_val2014_000000228867.jpg,random_control_02,E:\Bridging\annotation\stage3_paperpack72_labelme\paperpack81_final_assets\exported_masks\COCO_val2014_000000228867\random16\random_control_02.png,3423269570,0.450052,0,175067,175067
okvqa_val_2288675,COCO_val2014_000000228867.jpg,random_control_03,E:\Bridging\annotation\stage3_paperpack72_labelme\paperpack81_final_assets\exported_masks\COCO_val2014_000000228867\random16\random_control_03.png,188952921,0.447564,0,175067,175067
okvqa_val_2288675,COCO_val2014_000000228867.jpg,random_control_04,E:\Bridging\annotation\stage3_paperpack72_labelme\paperpack81_final_assets\exported_masks\COCO_val2014_000000228867\random16\random_control_04.png,603095743,0.463991,0,175067,175067
okvqa_val_2288675,COCO_val2014_000000228867.jpg,random_control_05,E:\Bridging\annotation\stage3_paperpack72_labelme\paperpack81_final_assets\exported_masks\COCO_val2014_000000228867\random16\random_control_05.png,3158070656,0.454141,0,175067,175067
okvqa_val_2288675,COCO_val2014_000000228867.jpg,random_control_06,E:\Bridging\annotation\stage3_paperpack72_labelme\paperpack81_final_assets\exported_masks\COCO_val2014_000000228867\random16\random_control_06.png,3502324610,0.448427,0,175067,175067
okvqa_val_2288675,COCO_val2014_000000228867.jpg,random_control_07,E:\Bridging\annotation\stage3_paperpack72_labelme\paperpack81_final_assets\exported_masks\COCO_val2014_000000228867\random16\random_control_07.png,3627786912,0.447564,0,175067,175067
okvqa_val_2288675,COCO_val2014_000000228867.jpg,random_control_08,E:\Bridging\annotation\stage3_paperpack72_labelme\paperpack81_final_assets\exported_masks\COCO_val2014_000000228867\random16\random_control_08.png,2147647266,0.472252,0,175067,175067
okvqa_val_2288675,COCO_val2014_000000228867.jpg,random_control_09,E:\Bridging\annotation\stage3_paperpack72_labelme\paperpack81_final_assets\exported_masks\COCO_val2014_000000228867\random16\random_control_09.png,2141002671,0.445252,0,175067,175067
okvqa_val_2288675,COCO_val2014_000000228867.jpg,random_control_10,E:\Bridging\annotation\stage3_paperpack72_labelme\paperpack81_final_assets\exported_masks\COCO_val2014_000000228867\random16\random_control_10.png,3199734949,0.458977,0,175067,175067
okvqa_val_2288675,COCO_val2014_000000228867.jpg,random_control_11,E:\Bridging\annotation\stage3_paperpack72_labelme\paperpack81_final_assets\exported_masks\COCO_val2014_000000228867\random16\random_control_11.png,4022307311,0.4517,0,175067,175067
okvqa_val_2288675,COCO_val2014_000000228867.jpg,random_control_12,E:\Bridging\annotation\stage3_paperpack72_labelme\paperpack81_final_assets\exported_masks\COCO_val2014_000000228867\random16\random_control_12.png,2413754142,0.468966,0,175067,175067
okvqa_val_2288675,COCO_val2014_000000228867.jpg,random_control_13,E:\Bridging\annotation\stage3_paperpack72_labelme\paperpack81_final_assets\exported_masks\COCO_val2014_000000228867\random16\random_control_13.png,4198624786,0.441213,0,175067,175067
okvqa_val_2288675,COCO_val2014_000000228867.jpg,random_control_14,E:\Bridging\annotation\stage3_paperpack72_labelme\paperpack81_final_assets\exported_masks\COCO_val2014_000000228867\random16\random_control_14.png,2270713278,0.457398,0,175067,175067
okvqa_val_2288675,COCO_val2014_000000228867.jpg,random_control_15,E:\Bridging\annotation\stage3_paperpack72_labelme\paperpack81_final_assets\exported_masks\COCO_val2014_000000228867\random16\random_control_15.png,635504899,0.47454,0,175067,175067
okvqa_val_2288675,COCO_val2014_000000228867.jpg,random_control_16,E:\Bridging\annotation\stage3_paperpack72_labelme\paperpack81_final_assets\exported_masks\COCO_val2014_000000228867\random16\random_control_16.png,2687584102,0.458977,0,175067,175067
okvqa_val_2288675,COCO_val2014_000000228867.jpg,shifted_mask,E:\Bridging\annotation\stage3_paperpack72_labelme\paperpack81_final_assets\exported_masks\COCO_val2014_000000228867\shifted.png,,0.430093,0,175067,175067
okvqa_val_2288675,COCO_val2014_000000228867.jpg,shuffled_mask,E:\Bridging\annotation\stage3_paperpack72_labelme\paperpack81_final_assets\exported_masks\COCO_val2014_000000228867\shuffled.png,979537730,0.453997,0,175067,175067
okvqa_val_2489535,COCO_val2014_000000248953.jpg,random_control_01,E:\Bridging\annotation\stage3_paperpack72_labelme\paperpack81_final_assets\exported_masks\COCO_val2014_000000248953\random16\random_control_01.png,2180237881,0.278537,0,84099,84099
okvqa_val_2489535,COCO_val2014_000000248953.jpg,random_control_02,E:\Bridging\annotation\stage3_paperpack72_labelme\paperpack81_final_assets\exported_masks\COCO_val2014_000000248953\random16\random_control_02.png,3729951817,0.269045,0,84099,84099
okvqa_val_2489535,COCO_val2014_000000248953.jpg,random_control_03,E:\Bridging\annotation\stage3_paperpack72_labelme\paperpack81_final_assets\exported_masks\COCO_val2014_000000248953\random16\random_control_03.png,2268803498,0.30977,0,84099,84099
okvqa_val_2489535,COCO_val2014_000000248953.jpg,random_control_04,E:\Bridging\annotation\stage3_paperpack72_labelme\paperpack81_final_assets\exported_masks\COCO_val2014_000000248953\random16\random_control_04.png,999401570,0.306301,0,84099,84099
okvqa_val_2489535,COCO_val2014_000000248953.jpg,random_control_05,E:\Bridging\annotation\stage3_paperpack72_labelme\paperpack81_final_assets\exported_masks\COCO_val2014_000000248953\random16\random_control_05.png,3486454924,0.288883,0,84099,84099
okvqa_val_2489535,COCO_val2014_000000248953.jpg,random_control_06,E:\Bridging\annotation\stage3_paperpack72_labelme\paperpack81_final_assets\exported_masks\COCO_val2014_000000248953\random16\random_control_06.png,351305444,0.309902,0,84099,84099
okvqa_val_2489535,COCO_val2014_000000248953.jpg,random_control_07,E:\Bridging\annotation\stage3_paperpack72_labelme\paperpack81_final_assets\exported_masks\COCO_val2014_000000248953\random16\random_control_07.png,1569325344,0.273648,0,84099,84099
okvqa_val_2489535,COCO_val2014_000000248953.jpg,random_control_08,E:\Bridging\annotation\stage3_paperpack72_labelme\paperpack81_final_assets\exported_masks\COCO_val2014_000000248953\random16\random_control_08.png,448629401,0.278081,0,84099,84099
okvqa_val_2489535,COCO_val2014_000000248953.jpg,random_control_09,E:\Bridging\annotation\stage3_paperpack72_labelme\paperpack81_final_assets\exported_masks\COCO_val2014_000000248953\random16\random_control_09.png,2736984183,0.268031,0,84099,84099
okvqa_val_2489535,COCO_val2014_000000248953.jpg,random_control_10,E:\Bridging\annotation\stage3_paperpack72_labelme\paperpack81_final_assets\exported_masks\COCO_val2014_000000248953\random16\random_control_10.png,1357490545,0.276287,0,84099,84099
okvqa_val_2489535,COCO_val2014_000000248953.jpg,random_control_11,E:\Bridging\annotation\stage3_paperpack72_labelme\paperpack81_final_assets\exported_masks\COCO_val2014_000000248953\random16\random_control_11.png,3667095613,0.287808,0,84099,84099
okvqa_val_2489535,COCO_val2014_000000248953.jpg,random_control_12,E:\Bridging\annotation\stage3_paperpack72_labelme\paperpack81_final_assets\exported_masks\COCO_val2014_000000248953\random16\random_control_12.png,1220600457,0.315043,0,84099,84099
okvqa_val_2489535,COCO_val2014_000000248953.jpg,random_control_13,E:\Bridging\annotation\stage3_paperpack72_labelme\paperpack81_final_assets\exported_masks\COCO_val2014_000000248953\random16\random_control_13.png,2394739655,0.296623,0,84099,84099
okvqa_val_2489535,COCO_val2014_000000248953.jpg,random_control_14,E:\Bridging\annotation\stage3_paperpack72_labelme\paperpack81_final_assets\exported_masks\COCO_val2014_000000248953\random16\random_control_14.png,1617152032,0.28837,0,84099,84099
okvqa_val_2489535,COCO_val2014_000000248953.jpg,random_control_15,E:\Bridging\annotation\stage3_paperpack72_labelme\paperpack81_final_assets\exported_masks\COCO_val2014_000000248953\random16\random_control_15.png,3424877938,0.261848,0,84099,84099
okvqa_val_2489535,COCO_val2014_000000248953.jpg,random_control_16,E:\Bridging\annotation\stage3_paperpack72_labelme\paperpack81_final_assets\exported_masks\COCO_val2014_000000248953\random16\random_control_16.png,1055562809,0.27179,0,84099,84099
okvqa_val_2489535,COCO_val2014_000000248953.jpg,shifted_mask,E:\Bridging\annotation\stage3_paperpack72_labelme\paperpack81_final_assets\exported_masks\COCO_val2014_000000248953\shifted.png,,0.302084,0,84099,84099
okvqa_val_2489535,COCO_val2014_000000248953.jpg,shuffled_mask,E:\Bridging\annotation\stage3_paperpack72_labelme\paperpack81_final_assets\exported_masks\COCO_val2014_000000248953\shuffled.png,2012895716,0.285151,0,84099,84099
okvqa_val_2494045,COCO_val2014_000000249404.jpg,random_control_01,E:\Bridging\annotation\stage3_paperpack72_labelme\paperpack81_final_assets\exported_masks\COCO_val2014_000000249404\random16\random_control_01.png,1790832088,0.0789468,1,100437,100437
okvqa_val_2494045,COCO_val2014_000000249404.jpg,random_control_02,E:\Bridging\annotation\stage3_paperpack72_labelme\paperpack81_final_assets\exported_masks\COCO_val2014_000000249404\random16\random_control_02.png,511370025,0.0659726,1,100437,100437
okvqa_val_2494045,COCO_val2014_000000249404.jpg,random_control_03,E:\Bridging\annotation\stage3_paperpack72_labelme\paperpack81_final_assets\exported_masks\COCO_val2014_000000249404\random16\random_control_03.png,3541905406,0.0917659,1,100437,100437
okvqa_val_2494045,COCO_val2014_000000249404.jpg,random_control_04,E:\Bridging\annotation\stage3_paperpack72_labelme\paperpack81_final_assets\exported_masks\COCO_val2014_000000249404\random16\random_control_04.png,3778693610,0.0635795,1,100437,100437
okvqa_val_2494045,COCO_val2014_000000249404.jpg,random_control_05,E:\Bridging\annotation\stage3_paperpack72_labelme\paperpack81_final_assets\exported_masks\COCO_val2014_000000249404\random16\random_control_05.png,3950515008,0.0983323,1,100437,100437
okvqa_val_2494045,COCO_val2014_000000249404.jpg,random_control_06,E:\Bridging\annotation\stage3_paperpack72_labelme\paperpack81_final_assets\exported_masks\COCO_val2014_000000249404\random16\random_control_06.png,2522856587,0.0980321,1,100437,100437
okvqa_val_2494045,COCO_val2014_000000249404.jpg,random_control_07,E:\Bridging\annotation\stage3_paperpack72_labelme\paperpack81_final_assets\exported_masks\COCO_val2014_000000249404\random16\random_control_07.png,3544750475,0.107897,0,100437,100437
okvqa_val_2494045,COCO_val2014_000000249404.jpg,random_control_08,E:\Bridging\annotation\stage3_paperpack72_labelme\paperpack81_final_assets\exported_masks\COCO_val2014_000000249404\random16\random_control_08.png,993602912,0.101851,0,100437,100437
okvqa_val_2494045,COCO_val2014_000000249404.jpg,random_control_09,E:\Bridging\annotation\stage3_paperpack72_labelme\paperpack81_final_assets\exported_masks\COCO_val2014_000000249404\random16\random_control_09.png,908179005,0.0807289,1,100437,100437
okvqa_val_2494045,COCO_val2014_000000249404.jpg,random_control_10,E:\Bridging\annotation\stage3_paperpack72_labelme\paperpack81_final_assets\exported_masks\COCO_val2014_000000249404\random16\random_control_10.png,2319159803,0.135587,0,100437,100437
okvqa_val_2494045,COCO_val2014_000000249404.jpg,random_control_11,E:\Bridging\annotation\stage3_paperpack72_labelme\paperpack81_final_assets\exported_masks\COCO_val2014_000000249404\random16\random_control_11.png,2584366364,0.11839,0,100437,100437
okvqa_val_2494045,COCO_val2014_000000249404.jpg,random_control_12,E:\Bridging\annotation\stage3_paperpack72_labelme\paperpack81_final_assets\exported_masks\COCO_val2014_000000249404\random16\random_control_12.png,3029719185,0.113344,0,100437,100437
okvqa_val_2494045,COCO_val2014_000000249404.jpg,random_control_13,E:\Bridging\annotation\stage3_paperpack72_labelme\paperpack81_final_assets\exported_masks\COCO_val2014_000000249404\random16\random_control_13.png,1637339011,0.110525,0,100437,100437
okvqa_val_2494045,COCO_val2014_000000249404.jpg,random_control_14,E:\Bridging\annotation\stage3_paperpack72_labelme\paperpack81_final_assets\exported_masks\COCO_val2014_000000249404\random16\random_control_14.png,2685321737,0.0746293,1,100437,100437
okvqa_val_2494045,COCO_val2014_000000249404.jpg,random_control_15,E:\Bridging\annotation\stage3_paperpack72_labelme\paperpack81_final_assets\exported_masks\COCO_val2014_000000249404\random16\random_control_15.png,2806952512,0.10334,0,100437,100437
okvqa_val_2494045,COCO_val2014_000000249404.jpg,random_control_16,E:\Bridging\annotation\stage3_paperpack72_labelme\paperpack81_final_assets\exported_masks\COCO_val2014_000000249404\random16\random_control_16.png,2646980861,0.0910246,1,100437,100437
okvqa_val_2494045,COCO_val2014_000000249404.jpg,shifted_mask,E:\Bridging\annotation\stage3_paperpack72_labelme\paperpack81_final_assets\exported_masks\COCO_val2014_000000249404\shifted.png,,0.142284,0,100437,100437
okvqa_val_2494045,COCO_val2014_000000249404.jpg,shuffled_mask,E:\Bridging\annotation\stage3_paperpack72_labelme\paperpack81_final_assets\exported_masks\COCO_val2014_000000249404\shuffled.png,391190431,0.0997153,1,100437,100437
okvqa_val_2615045,COCO_val2014_000000261504.jpg,random_control_01,E:\Bridging\annotation\stage3_paperpack72_labelme\paperpack81_final_assets\exported_masks\COCO_val2014_000000261504\random16\random_control_01.png,787009460,0.542567,0,230758,230758
okvqa_val_2615045,COCO_val2014_000000261504.jpg,random_control_02,E:\Bridging\annotation\stage3_paperpack72_labelme\paperpack81_final_assets\exported_masks\COCO_val2014_000000261504\random16\random_control_02.png,2075903176,0.549252,0,230758,230758
okvqa_val_2615045,COCO_val2014_000000261504.jpg,random_control_03,E:\Bridging\annotation\stage3_paperpack72_labelme\paperpack81_final_assets\exported_masks\COCO_val2014_000000261504\random16\random_control_03.png,3072385816,0.565724,0,230758,230758
okvqa_val_2615045,COCO_val2014_000000261504.jpg,random_control_04,E:\Bridging\annotation\stage3_paperpack72_labelme\paperpack81_final_assets\exported_masks\COCO_val2014_000000261504\random16\random_control_04.png,2114552101,0.558165,0,230758,230758
okvqa_val_2615045,COCO_val2014_000000261504.jpg,random_control_05,E:\Bridging\annotation\stage3_paperpack72_labelme\paperpack81_final_assets\exported_masks\COCO_val2014_000000261504\random16\random_control_05.png,1185463330,0.568673,0,230758,230758
okvqa_val_2615045,COCO_val2014_000000261504.jpg,random_control_06,E:\Bridging\annotation\stage3_paperpack72_labelme\paperpack81_final_assets\exported_masks\COCO_val2014_000000261504\random16\random_control_06.png,1157641536,0.5381,0,230758,230758
okvqa_val_2615045,COCO_val2014_000000261504.jpg,random_control_07,E:\Bridging\annotation\stage3_paperpack72_labelme\paperpack81_final_assets\exported_masks\COCO_val2014_000000261504\random16\random_control_07.png,2922141478,0.544255,0,230758,230758
okvqa_val_2615045,COCO_val2014_000000261504.jpg,random_control_08,E:\Bridging\annotation\stage3_paperpack72_labelme\paperpack81_final_assets\exported_masks\COCO_val2014_000000261504\random16\random_control_08.png,2306763427,0.548483,0,230758,230758
okvqa_val_2615045,COCO_val2014_000000261504.jpg,random_control_09,E:\Bridging\annotation\stage3_paperpack72_labelme\paperpack81_final_assets\exported_masks\COCO_val2014_000000261504\random16\random_control_09.png,3336728822,0.554156,0,230758,230758
okvqa_val_2615045,COCO_val2014_000000261504.jpg,random_control_10,E:\Bridging\annotation\stage3_paperpack72_labelme\paperpack81_final_assets\exported_masks\COCO_val2014_000000261504\random16\random_control_10.png,4194660017,0.545662,0,230758,230758
okvqa_val_2615045,COCO_val2014_000000261504.jpg,random_control_11,E:\Bridging\annotation\stage3_paperpack72_labelme\paperpack81_final_assets\exported_masks\COCO_val2014_000000261504\random16\random_control_11.png,2915497171,0.555581,0,230758,230758
okvqa_val_2615045,COCO_val2014_000000261504.jpg,random_control_12,E:\Bridging\annotation\stage3_paperpack72_labelme\paperpack81_final_assets\exported_masks\COCO_val2014_000000261504\random16\random_control_12.png,276178175,0.553581,0,230758,230758
okvqa_val_2615045,COCO_val2014_000000261504.jpg,random_control_13,E:\Bridging\annotation\stage3_paperpack72_labelme\paperpack81_final_assets\exported_masks\COCO_val2014_000000261504\random16\random_control_13.png,1538858288,0.554156,0,230758,230758
okvqa_val_2615045,COCO_val2014_000000261504.jpg,random_control_14,E:\Bridging\annotation\stage3_paperpack72_labelme\paperpack81_final_assets\exported_masks\COCO_val2014_000000261504\random16\random_control_14.png,1224186905,0.554889,0,230758,230758
okvqa_val_2615045,COCO_val2014_000000261504.jpg,random_control_15,E:\Bridging\annotation\stage3_paperpack72_labelme\paperpack81_final_assets\exported_masks\COCO_val2014_000000261504\random16\random_control_15.png,288217719,0.541171,0,230758,230758
okvqa_val_2615045,COCO_val2014_000000261504.jpg,random_control_16,E:\Bridging\annotation\stage3_paperpack72_labelme\paperpack81_final_assets\exported_masks\COCO_val2014_000000261504\random16\random_control_16.png,1284003013,0.563422,0,230758,230758
okvqa_val_2615045,COCO_val2014_000000261504.jpg,shifted_mask,E:\Bridging\annotation\stage3_paperpack72_labelme\paperpack81_final_assets\exported_masks\COCO_val2014_000000261504\shifted.png,,0.5381,0,230758,230758
okvqa_val_2615045,COCO_val2014_000000261504.jpg,shuffled_mask,E:\Bridging\annotation\stage3_paperpack72_labelme\paperpack81_final_assets\exported_masks\COCO_val2014_000000261504\shuffled.png,4017716707,0.54677,0,230758,230758
okvqa_val_2934745,COCO_val2014_000000293474.jpg,random_control_01,E:\Bridging\annotation\stage3_paperpack72_labelme\paperpack81_final_assets\exported_masks\COCO_val2014_000000293474\random16\random_control_01.png,2432868618,0.05502,1,49357,49357
okvqa_val_2934745,COCO_val2014_000000293474.jpg,random_control_02,E:\Bridging\annotation\stage3_paperpack72_labelme\paperpack81_final_assets\exported_masks\COCO_val2014_000000293474\random16\random_control_02.png,26798822,0.0882852,1,49357,49357
okvqa_val_2934745,COCO_val2014_000000293474.jpg,random_control_03,E:\Bridging\annotation\stage3_paperpack72_labelme\paperpack81_final_assets\exported_masks\COCO_val2014_000000293474\random16\random_control_03.png,90874849,0.0659799,1,49357,49357
okvqa_val_2934745,COCO_val2014_000000293474.jpg,random_control_04,E:\Bridging\annotation\stage3_paperpack72_labelme\paperpack81_final_assets\exported_masks\COCO_val2014_000000293474\random16\random_control_04.png,1202510024,0.0470968,1,49357,49357
okvqa_val_2934745,COCO_val2014_000000293474.jpg,random_control_05,E:\Bridging\annotation\stage3_paperpack72_labelme\paperpack81_final_assets\exported_masks\COCO_val2014_000000293474\random16\random_control_05.png,4027317895,0.0486095,1,49357,49357
okvqa_val_2934745,COCO_val2014_000000293474.jpg,random_control_06,E:\Bridging\annotation\stage3_paperpack72_labelme\paperpack81_final_assets\exported_masks\COCO_val2014_000000293474\random16\random_control_06.png,4132771068,0.0631442,1,49357,49357
okvqa_val_2934745,COCO_val2014_000000293474.jpg,random_control_07,E:\Bridging\annotation\stage3_paperpack72_labelme\paperpack81_final_assets\exported_masks\COCO_val2014_000000293474\random16\random_control_07.png,1026164914,0.0856521,1,49357,49357
okvqa_val_2934745,COCO_val2014_000000293474.jpg,random_control_08,E:\Bridging\annotation\stage3_paperpack72_labelme\paperpack81_final_assets\exported_masks\COCO_val2014_000000293474\random16\random_control_08.png,3184327310,0.0962497,1,49357,49357
okvqa_val_2934745,COCO_val2014_000000293474.jpg,random_control_09,E:\Bridging\annotation\stage3_paperpack72_labelme\paperpack81_final_assets\exported_masks\COCO_val2014_000000293474\random16\random_control_09.png,1170193397,0.0973221,1,49357,49357
okvqa_val_2934745,COCO_val2014_000000293474.jpg,random_control_10,E:\Bridging\annotation\stage3_paperpack72_labelme\paperpack81_final_assets\exported_masks\COCO_val2014_000000293474\random16\random_control_10.png,306342214,0.0996324,1,49357,49357
okvqa_val_2934745,COCO_val2014_000000293474.jpg,random_control_11,E:\Bridging\annotation\stage3_paperpack72_labelme\paperpack81_final_assets\exported_masks\COCO_val2014_000000293474\random16\random_control_11.png,2249028795,0.0598795,1,49357,49357
okvqa_val_2934745,COCO_val2014_000000293474.jpg,random_control_12,E:\Bridging\annotation\stage3_paperpack72_labelme\paperpack81_final_assets\exported_masks\COCO_val2014_000000293474\random16\random_control_12.png,1979375733,0.0889575,1,49357,49357
okvqa_val_2934745,COCO_val2014_000000293474.jpg,random_control_13,E:\Bridging\annotation\stage3_paperpack72_labelme\paperpack81_final_assets\exported_masks\COCO_val2014_000000293474\random16\random_control_13.png,797077795,0.051805,1,49357,49357
okvqa_val_2934745,COCO_val2014_000000293474.jpg,random_control_14,E:\Bridging\annotation\stage3_paperpack72_labelme\paperpack81_final_assets\exported_masks\COCO_val2014_000000293474\random16\random_control_14.png,3550253285,0.05502,1,49357,49357
okvqa_val_2934745,COCO_val2014_000000293474.jpg,random_control_15,E:\Bridging\annotation\stage3_paperpack72_labelme\paperpack81_final_assets\exported_masks\COCO_val2014_000000293474\random16\random_control_15.png,2086546988,0.0641413,1,49357,49357
okvqa_val_2934745,COCO_val2014_000000293474.jpg,random_control_16,E:\Bridging\annotation\stage3_paperpack72_labelme\paperpack81_final_assets\exported_masks\COCO_val2014_000000293474\random16\random_control_16.png,2621935317,0.089282,1,49357,49357
okvqa_val_2934745,COCO_val2014_000000293474.jpg,shifted_mask,E:\Bridging\annotation\stage3_paperpack72_labelme\paperpack81_final_assets\exported_masks\COCO_val2014_000000293474\shifted.png,,0.0840545,1,49357,49357
okvqa_val_2934745,COCO_val2014_000000293474.jpg,shuffled_mask,E:\Bridging\annotation\stage3_paperpack72_labelme\paperpack81_final_assets\exported_masks\COCO_val2014_000000293474\shuffled.png,1530504460,0.0597089,1,49357,49357
okvqa_val_4059455,COCO_val2014_000000405945.jpg,random_control_01,E:\Bridging\annotation\stage3_paperpack72_labelme\paperpack81_final_assets\exported_masks\COCO_val2014_000000405945\random16\random_control_01.png,2616898116,0.329783,0,88648,88648
okvqa_val_4059455,COCO_val2014_000000405945.jpg,random_control_02,E:\Bridging\annotation\stage3_paperpack72_labelme\paperpack81_final_assets\exported_masks\COCO_val2014_000000405945\random16\random_control_02.png,2437365915,0.293461,0,88648,88648
okvqa_val_4059455,COCO_val2014_000000405945.jpg,random_control_03,E:\Bridging\annotation\stage3_paperpack72_labelme\paperpack81_final_assets\exported_masks\COCO_val2014_000000405945\random16\random_control_03.png,1021443232,0.300663,0,88648,88648
okvqa_val_4059455,COCO_val2014_000000405945.jpg,random_control_04,E:\Bridging\annotation\stage3_paperpack72_labelme\paperpack81_final_assets\exported_masks\COCO_val2014_000000405945\random16\random_control_04.png,3967701342,0.364886,0,88648,88648
okvqa_val_4059455,COCO_val2014_000000405945.jpg,random_control_05,E:\Bridging\annotation\stage3_paperpack72_labelme\paperpack81_final_assets\exported_masks\COCO_val2014_000000405945\random16\random_control_05.png,4198507987,0.32802,0,88648,88648
okvqa_val_4059455,COCO_val2014_000000405945.jpg,random_control_06,E:\Bridging\annotation\stage3_paperpack72_labelme\paperpack81_final_assets\exported_masks\COCO_val2014_000000405945\random16\random_control_06.png,1480689206,0.338083,0,88648,88648
okvqa_val_4059455,COCO_val2014_000000405945.jpg,random_control_07,E:\Bridging\annotation\stage3_paperpack72_labelme\paperpack81_final_assets\exported_masks\COCO_val2014_000000405945\random16\random_control_07.png,1064865802,0.313012,0,88648,88648
okvqa_val_4059455,COCO_val2014_000000405945.jpg,random_control_08,E:\Bridging\annotation\stage3_paperpack72_labelme\paperpack81_final_assets\exported_masks\COCO_val2014_000000405945\random16\random_control_08.png,1705153944,0.297607,0,88648,88648
okvqa_val_4059455,COCO_val2014_000000405945.jpg,random_control_09,E:\Bridging\annotation\stage3_paperpack72_labelme\paperpack81_final_assets\exported_masks\COCO_val2014_000000405945\random16\random_control_09.png,4270450573,0.322789,0,88648,88648
okvqa_val_4059455,COCO_val2014_000000405945.jpg,random_control_10,E:\Bridging\annotation\stage3_paperpack72_labelme\paperpack81_final_assets\exported_masks\COCO_val2014_000000405945\random16\random_control_10.png,1021944330,0.341485,0,88648,88648
okvqa_val_4059455,COCO_val2014_000000405945.jpg,random_control_11,E:\Bridging\annotation\stage3_paperpack72_labelme\paperpack81_final_assets\exported_masks\COCO_val2014_000000405945\random16\random_control_11.png,876215334,0.313012,0,88648,88648
okvqa_val_4059455,COCO_val2014_000000405945.jpg,random_control_12,E:\Bridging\annotation\stage3_paperpack72_labelme\paperpack81_final_assets\exported_masks\COCO_val2014_000000405945\random16\random_control_12.png,3938079638,0.316952,0,88648,88648
okvqa_val_4059455,COCO_val2014_000000405945.jpg,random_control_13,E:\Bridging\annotation\stage3_paperpack72_labelme\paperpack81_final_assets\exported_masks\COCO_val2014_000000405945\random16\random_control_13.png,2714727740,0.371008,0,88648,88648
okvqa_val_4059455,COCO_val2014_000000405945.jpg,random_control_14,E:\Bridging\annotation\stage3_paperpack72_labelme\paperpack81_final_assets\exported_masks\COCO_val2014_000000405945\random16\random_control_14.png,2703733638,0.339114,0,88648,88648
okvqa_val_4059455,COCO_val2014_000000405945.jpg,random_control_15,E:\Bridging\annotation\stage3_paperpack72_labelme\paperpack81_final_assets\exported_masks\COCO_val2014_000000405945\random16\random_control_15.png,1243064543,0.341647,0,88648,88648
okvqa_val_4059455,COCO_val2014_000000405945.jpg,random_control_16,E:\Bridging\annotation\stage3_paperpack72_labelme\paperpack81_final_assets\exported_masks\COCO_val2014_000000405945\random16\random_control_16.png,590994300,0.293461,0,88648,88648
okvqa_val_4059455,COCO_val2014_000000405945.jpg,shifted_mask,E:\Bridging\annotation\stage3_paperpack72_labelme\paperpack81_final_assets\exported_masks\COCO_val2014_000000405945\shifted.png,,0.770623,0,88648,88648
okvqa_val_4059455,COCO_val2014_000000405945.jpg,shuffled_mask,E:\Bridging\annotation\stage3_paperpack72_labelme\paperpack81_final_assets\exported_masks\COCO_val2014_000000405945\shuffled.png,814164369,0.314482,0,88648,88648
okvqa_val_4417365,COCO_val2014_000000441736.jpg,random_control_01,E:\Bridging\annotation\stage3_paperpack72_labelme\paperpack81_final_assets\exported_masks\COCO_val2014_000000441736\random16\random_control_01.png,3790726095,0.0891806,1,91886,91886
okvqa_val_4417365,COCO_val2014_000000441736.jpg,random_control_02,E:\Bridging\annotation\stage3_paperpack72_labelme\paperpack81_final_assets\exported_masks\COCO_val2014_000000441736\random16\random_control_02.png,3515467043,0,1,91886,91886
okvqa_val_4417365,COCO_val2014_000000441736.jpg,random_control_03,E:\Bridging\annotation\stage3_paperpack72_labelme\paperpack81_final_assets\exported_masks\COCO_val2014_000000441736\random16\random_control_03.png,3800717396,0,1,91886,91886
okvqa_val_4417365,COCO_val2014_000000441736.jpg,random_control_04,E:\Bridging\annotation\stage3_paperpack72_labelme\paperpack81_final_assets\exported_masks\COCO_val2014_000000441736\random16\random_control_04.png,2245579106,0,1,91886,91886
okvqa_val_4417365,COCO_val2014_000000441736.jpg,random_control_05,E:\Bridging\annotation\stage3_paperpack72_labelme\paperpack81_final_assets\exported_masks\COCO_val2014_000000441736\random16\random_control_05.png,1836611462,0,1,91886,91886
okvqa_val_4417365,COCO_val2014_000000441736.jpg,random_control_06,E:\Bridging\annotation\stage3_paperpack72_labelme\paperpack81_final_assets\exported_masks\COCO_val2014_000000441736\random16\random_control_06.png,667517879,0.0777215,1,91886,91886
okvqa_val_4417365,COCO_val2014_000000441736.jpg,random_control_07,E:\Bridging\annotation\stage3_paperpack72_labelme\paperpack81_final_assets\exported_masks\COCO_val2014_000000441736\random16\random_control_07.png,35425793,0.0503238,1,91886,91886
okvqa_val_4417365,COCO_val2014_000000441736.jpg,random_control_08,E:\Bridging\annotation\stage3_paperpack72_labelme\paperpack81_final_assets\exported_masks\COCO_val2014_000000441736\random16\random_control_08.png,1582479179,0,1,91886,91886
okvqa_val_4417365,COCO_val2014_000000441736.jpg,random_control_09,E:\Bridging\annotation\stage3_paperpack72_labelme\paperpack81_final_assets\exported_masks\COCO_val2014_000000441736\random16\random_control_09.png,491814860,0,1,91886,91886
okvqa_val_4417365,COCO_val2014_000000441736.jpg,random_control_10,E:\Bridging\annotation\stage3_paperpack72_labelme\paperpack81_final_assets\exported_masks\COCO_val2014_000000441736\random16\random_control_10.png,2853188218,0,1,91886,91886
okvqa_val_4417365,COCO_val2014_000000441736.jpg,random_control_11,E:\Bridging\annotation\stage3_paperpack72_labelme\paperpack81_final_assets\exported_masks\COCO_val2014_000000441736\random16\random_control_11.png,642552608,0,1,91886,91886
okvqa_val_4417365,COCO_val2014_000000441736.jpg,random_control_12,E:\Bridging\annotation\stage3_paperpack72_labelme\paperpack81_final_assets\exported_masks\COCO_val2014_000000441736\random16\random_control_12.png,2654460192,0.0871317,1,91886,91886
okvqa_val_4417365,COCO_val2014_000000441736.jpg,random_control_13,E:\Bridging\annotation\stage3_paperpack72_labelme\paperpack81_final_assets\exported_masks\COCO_val2014_000000441736\random16\random_control_13.png,1602853393,0,1,91886,91886
okvqa_val_4417365,COCO_val2014_000000441736.jpg,random_control_14,E:\Bridging\annotation\stage3_paperpack72_labelme\paperpack81_final_assets\exported_masks\COCO_val2014_000000441736\random16\random_control_14.png,511645339,0,1,91886,91886
okvqa_val_4417365,COCO_val2014_000000441736.jpg,random_control_15,E:\Bridging\annotation\stage3_paperpack72_labelme\paperpack81_final_assets\exported_masks\COCO_val2014_000000441736\random16\random_control_15.png,2689016654,0,1,91886,91886
okvqa_val_4417365,COCO_val2014_000000441736.jpg,random_control_16,E:\Bridging\annotation\stage3_paperpack72_labelme\paperpack81_final_assets\exported_masks\COCO_val2014_000000441736\random16\random_control_16.png,1878638620,0.0499577,1,91886,91886
okvqa_val_4417365,COCO_val2014_000000441736.jpg,shifted_mask,E:\Bridging\annotation\stage3_paperpack72_labelme\paperpack81_final_assets\exported_masks\COCO_val2014_000000441736\shifted.png,,0,1,91886,91886
okvqa_val_4417365,COCO_val2014_000000441736.jpg,shuffled_mask,E:\Bridging\annotation\stage3_paperpack72_labelme\paperpack81_final_assets\exported_masks\COCO_val2014_000000441736\shuffled.png,1318307890,0.0575528,1,91886,91886
okvqa_val_4448885,COCO_val2014_000000444888.jpg,random_control_01,E:\Bridging\annotation\stage3_paperpack72_labelme\paperpack81_final_assets\exported_masks\COCO_val2014_000000444888\random16\random_control_01.png,1403186561,0.556062,0,129108,129108
okvqa_val_4448885,COCO_val2014_000000444888.jpg,random_control_02,E:\Bridging\annotation\stage3_paperpack72_labelme\paperpack81_final_assets\exported_masks\COCO_val2014_000000444888\random16\random_control_02.png,1589715279,0.573183,0,129108,129108
okvqa_val_4448885,COCO_val2014_000000444888.jpg,random_control_03,E:\Bridging\annotation\stage3_paperpack72_labelme\paperpack81_final_assets\exported_masks\COCO_val2014_000000444888\random16\random_control_03.png,1150476094,0.559831,0,129108,129108
okvqa_val_4448885,COCO_val2014_000000444888.jpg,random_control_04,E:\Bridging\annotation\stage3_paperpack72_labelme\paperpack81_final_assets\exported_masks\COCO_val2014_000000444888\random16\random_control_04.png,2429366952,0.552637,0,129108,129108
okvqa_val_4448885,COCO_val2014_000000444888.jpg,random_control_05,E:\Bridging\annotation\stage3_paperpack72_labelme\paperpack81_final_assets\exported_masks\COCO_val2014_000000444888\random16\random_control_05.png,3574829511,0.553506,0,129108,129108
okvqa_val_4448885,COCO_val2014_000000444888.jpg,random_control_06,E:\Bridging\annotation\stage3_paperpack72_labelme\paperpack81_final_assets\exported_masks\COCO_val2014_000000444888\random16\random_control_06.png,3976861685,0.55316,0,129108,129108
okvqa_val_4448885,COCO_val2014_000000444888.jpg,random_control_07,E:\Bridging\annotation\stage3_paperpack72_labelme\paperpack81_final_assets\exported_masks\COCO_val2014_000000444888\random16\random_control_07.png,3659735578,0.569416,0,129108,129108
okvqa_val_4448885,COCO_val2014_000000444888.jpg,random_control_08,E:\Bridging\annotation\stage3_paperpack72_labelme\paperpack81_final_assets\exported_masks\COCO_val2014_000000444888\random16\random_control_08.png,4215485369,0.561501,0,129108,129108
okvqa_val_4448885,COCO_val2014_000000444888.jpg,random_control_09,E:\Bridging\annotation\stage3_paperpack72_labelme\paperpack81_final_assets\exported_masks\COCO_val2014_000000444888\random16\random_control_09.png,1668862692,0.546982,0,129108,129108
okvqa_val_4448885,COCO_val2014_000000444888.jpg,random_control_10,E:\Bridging\annotation\stage3_paperpack72_labelme\paperpack81_final_assets\exported_masks\COCO_val2014_000000444888\random16\random_control_10.png,2969191149,0.56378,0,129108,129108
okvqa_val_4448885,COCO_val2014_000000444888.jpg,random_control_11,E:\Bridging\annotation\stage3_paperpack72_labelme\paperpack81_final_assets\exported_masks\COCO_val2014_000000444888\random16\random_control_11.png,2463327313,0.540852,0,129108,129108
okvqa_val_4448885,COCO_val2014_000000444888.jpg,random_control_12,E:\Bridging\annotation\stage3_paperpack72_labelme\paperpack81_final_assets\exported_masks\COCO_val2014_000000444888\random16\random_control_12.png,978182389,0.560963,0,129108,129108
okvqa_val_4448885,COCO_val2014_000000444888.jpg,random_control_13,E:\Bridging\annotation\stage3_paperpack72_labelme\paperpack81_final_assets\exported_masks\COCO_val2014_000000444888\random16\random_control_13.png,3709822142,0.601757,0,129108,129108
okvqa_val_4448885,COCO_val2014_000000444888.jpg,random_control_14,E:\Bridging\annotation\stage3_paperpack72_labelme\paperpack81_final_assets\exported_masks\COCO_val2014_000000444888\random16\random_control_14.png,4202969322,0.555218,0,129108,129108
okvqa_val_4448885,COCO_val2014_000000444888.jpg,random_control_15,E:\Bridging\annotation\stage3_paperpack72_labelme\paperpack81_final_assets\exported_masks\COCO_val2014_000000444888\random16\random_control_15.png,2023900449,0.552637,0,129108,129108
okvqa_val_4448885,COCO_val2014_000000444888.jpg,random_control_16,E:\Bridging\annotation\stage3_paperpack72_labelme\paperpack81_final_assets\exported_masks\COCO_val2014_000000444888\random16\random_control_16.png,3595501894,0.555752,0,129108,129108
okvqa_val_4448885,COCO_val2014_000000444888.jpg,shifted_mask,E:\Bridging\annotation\stage3_paperpack72_labelme\paperpack81_final_assets\exported_masks\COCO_val2014_000000444888\shifted.png,,0.540852,0,129108,129108
okvqa_val_4448885,COCO_val2014_000000444888.jpg,shuffled_mask,E:\Bridging\annotation\stage3_paperpack72_labelme\paperpack81_final_assets\exported_masks\COCO_val2014_000000444888\shuffled.png,1960652253,0.553506,0,129108,129108
okvqa_val_4987585,COCO_val2014_000000498758.jpg,random_control_01,E:\Bridging\annotation\stage3_paperpack72_labelme\paperpack81_final_assets\exported_masks\COCO_val2014_000000498758\random16\random_control_01.png,3067732086,0.261369,0,82006,82006
okvqa_val_4987585,COCO_val2014_000000498758.jpg,random_control_02,E:\Bridging\annotation\stage3_paperpack72_labelme\paperpack81_final_assets\exported_masks\COCO_val2014_000000498758\random16\random_control_02.png,2843598244,0.274345,0,82006,82006
okvqa_val_4987585,COCO_val2014_000000498758.jpg,random_control_03,E:\Bridging\annotation\stage3_paperpack72_labelme\paperpack81_final_assets\exported_masks\COCO_val2014_000000498758\random16\random_control_03.png,754682393,0.260884,0,82006,82006
okvqa_val_4987585,COCO_val2014_000000498758.jpg,random_control_04,E:\Bridging\annotation\stage3_paperpack72_labelme\paperpack81_final_assets\exported_masks\COCO_val2014_000000498758\random16\random_control_04.png,2359156969,0.316657,0,82006,82006
okvqa_val_4987585,COCO_val2014_000000498758.jpg,random_control_05,E:\Bridging\annotation\stage3_paperpack72_labelme\paperpack81_final_assets\exported_masks\COCO_val2014_000000498758\random16\random_control_05.png,3921928672,0.336223,0,82006,82006
okvqa_val_4987585,COCO_val2014_000000498758.jpg,random_control_06,E:\Bridging\annotation\stage3_paperpack72_labelme\paperpack81_final_assets\exported_masks\COCO_val2014_000000498758\random16\random_control_06.png,2685331496,0.277133,0,82006,82006
okvqa_val_4987585,COCO_val2014_000000498758.jpg,random_control_07,E:\Bridging\annotation\stage3_paperpack72_labelme\paperpack81_final_assets\exported_masks\COCO_val2014_000000498758\random16\random_control_07.png,1336408869,0.283178,0,82006,82006
okvqa_val_4987585,COCO_val2014_000000498758.jpg,random_control_08,E:\Bridging\annotation\stage3_paperpack72_labelme\paperpack81_final_assets\exported_masks\COCO_val2014_000000498758\random16\random_control_08.png,1918725734,0.266394,0,82006,82006
okvqa_val_4987585,COCO_val2014_000000498758.jpg,random_control_09,E:\Bridging\annotation\stage3_paperpack72_labelme\paperpack81_final_assets\exported_masks\COCO_val2014_000000498758\random16\random_control_09.png,88623531,0.272289,0,82006,82006
okvqa_val_4987585,COCO_val2014_000000498758.jpg,random_control_10,E:\Bridging\annotation\stage3_paperpack72_labelme\paperpack81_final_assets\exported_masks\COCO_val2014_000000498758\random16\random_control_10.png,1464173936,0.283439,0,82006,82006
okvqa_val_4987585,COCO_val2014_000000498758.jpg,random_control_11,E:\Bridging\annotation\stage3_paperpack72_labelme\paperpack81_final_assets\exported_masks\COCO_val2014_000000498758\random16\random_control_11.png,3148779680,0.268863,0,82006,82006
okvqa_val_4987585,COCO_val2014_000000498758.jpg,random_control_12,E:\Bridging\annotation\stage3_paperpack72_labelme\paperpack81_final_assets\exported_masks\COCO_val2014_000000498758\random16\random_control_12.png,2880544284,0.314251,0,82006,82006
okvqa_val_4987585,COCO_val2014_000000498758.jpg,random_control_13,E:\Bridging\annotation\stage3_paperpack72_labelme\paperpack81_final_assets\exported_masks\COCO_val2014_000000498758\random16\random_control_13.png,1385288063,0.269069,0,82006,82006
okvqa_val_4987585,COCO_val2014_000000498758.jpg,random_control_14,E:\Bridging\annotation\stage3_paperpack72_labelme\paperpack81_final_assets\exported_masks\COCO_val2014_000000498758\random16\random_control_14.png,576949588,0.289605,0,82006,82006
okvqa_val_4987585,COCO_val2014_000000498758.jpg,random_control_15,E:\Bridging\annotation\stage3_paperpack72_labelme\paperpack81_final_assets\exported_masks\COCO_val2014_000000498758\random16\random_control_15.png,963861,0.285018,0,82006,82006
okvqa_val_4987585,COCO_val2014_000000498758.jpg,random_control_16,E:\Bridging\annotation\stage3_paperpack72_labelme\paperpack81_final_assets\exported_masks\COCO_val2014_000000498758\random16\random_control_16.png,406835915,0.260109,0,82006,82006
okvqa_val_4987585,COCO_val2014_000000498758.jpg,shifted_mask,E:\Bridging\annotation\stage3_paperpack72_labelme\paperpack81_final_assets\exported_masks\COCO_val2014_000000498758\shifted.png,,0.251943,0,82006,82006
okvqa_val_4987585,COCO_val2014_000000498758.jpg,shuffled_mask,E:\Bridging\annotation\stage3_paperpack72_labelme\paperpack81_final_assets\exported_masks\COCO_val2014_000000498758\shuffled.png,926324368,0.2906,0,82006,82006
okvqa_val_5241085,COCO_val2014_000000524108.jpg,random_control_01,E:\Bridging\annotation\stage3_paperpack72_labelme\paperpack81_final_assets\exported_masks\COCO_val2014_000000524108\random16\random_control_01.png,568851239,0.926378,0,242347,242347
okvqa_val_5241085,COCO_val2014_000000524108.jpg,random_control_02,E:\Bridging\annotation\stage3_paperpack72_labelme\paperpack81_final_assets\exported_masks\COCO_val2014_000000524108\random16\random_control_02.png,1830737249,0.924565,0,242347,242347
okvqa_val_5241085,COCO_val2014_000000524108.jpg,random_control_03,E:\Bridging\annotation\stage3_paperpack72_labelme\paperpack81_final_assets\exported_masks\COCO_val2014_000000524108\random16\random_control_03.png,4231726758,0.921681,0,242347,242347
okvqa_val_5241085,COCO_val2014_000000524108.jpg,random_control_04,E:\Bridging\annotation\stage3_paperpack72_labelme\paperpack81_final_assets\exported_masks\COCO_val2014_000000524108\random16\random_control_04.png,4128107920,0.924565,0,242347,242347
okvqa_val_5241085,COCO_val2014_000000524108.jpg,random_control_05,E:\Bridging\annotation\stage3_paperpack72_labelme\paperpack81_final_assets\exported_masks\COCO_val2014_000000524108\random16\random_control_05.png,2158706072,0.918805,0,242347,242347
okvqa_val_5241085,COCO_val2014_000000524108.jpg,random_control_06,E:\Bridging\annotation\stage3_paperpack72_labelme\paperpack81_final_assets\exported_masks\COCO_val2014_000000524108\random16\random_control_06.png,257510321,0.927458,0,242347,242347
okvqa_val_5241085,COCO_val2014_000000524108.jpg,random_control_07,E:\Bridging\annotation\stage3_paperpack72_labelme\paperpack81_final_assets\exported_masks\COCO_val2014_000000524108\random16\random_control_07.png,2806236249,0.924565,0,242347,242347
okvqa_val_5241085,COCO_val2014_000000524108.jpg,random_control_08,E:\Bridging\annotation\stage3_paperpack72_labelme\paperpack81_final_assets\exported_masks\COCO_val2014_000000524108\random16\random_control_08.png,3587385468,0.918805,0,242347,242347
okvqa_val_5241085,COCO_val2014_000000524108.jpg,random_control_09,E:\Bridging\annotation\stage3_paperpack72_labelme\paperpack81_final_assets\exported_masks\COCO_val2014_000000524108\random16\random_control_09.png,3382640432,0.918805,0,242347,242347
okvqa_val_5241085,COCO_val2014_000000524108.jpg,random_control_10,E:\Bridging\annotation\stage3_paperpack72_labelme\paperpack81_final_assets\exported_masks\COCO_val2014_000000524108\random16\random_control_10.png,240423257,0.927458,0,242347,242347
okvqa_val_5241085,COCO_val2014_000000524108.jpg,random_control_11,E:\Bridging\annotation\stage3_paperpack72_labelme\paperpack81_final_assets\exported_masks\COCO_val2014_000000524108\random16\random_control_11.png,88427244,0.921681,0,242347,242347
okvqa_val_5241085,COCO_val2014_000000524108.jpg,random_control_12,E:\Bridging\annotation\stage3_paperpack72_labelme\paperpack81_final_assets\exported_masks\COCO_val2014_000000524108\random16\random_control_12.png,3898207038,0.921681,0,242347,242347
okvqa_val_5241085,COCO_val2014_000000524108.jpg,random_control_13,E:\Bridging\annotation\stage3_paperpack72_labelme\paperpack81_final_assets\exported_masks\COCO_val2014_000000524108\random16\random_control_13.png,466569458,0.924565,0,242347,242347
okvqa_val_5241085,COCO_val2014_000000524108.jpg,random_control_14,E:\Bridging\annotation\stage3_paperpack72_labelme\paperpack81_final_assets\exported_masks\COCO_val2014_000000524108\random16\random_control_14.png,417123327,0.924565,0,242347,242347
okvqa_val_5241085,COCO_val2014_000000524108.jpg,random_control_15,E:\Bridging\annotation\stage3_paperpack72_labelme\paperpack81_final_assets\exported_masks\COCO_val2014_000000524108\random16\random_control_15.png,2276477589,0.926378,0,242347,242347
okvqa_val_5241085,COCO_val2014_000000524108.jpg,random_control_16,E:\Bridging\annotation\stage3_paperpack72_labelme\paperpack81_final_assets\exported_masks\COCO_val2014_000000524108\random16\random_control_16.png,903496670,0.927458,0,242347,242347
okvqa_val_5241085,COCO_val2014_000000524108.jpg,shifted_mask,E:\Bridging\annotation\stage3_paperpack72_labelme\paperpack81_final_assets\exported_masks\COCO_val2014_000000524108\shifted.png,,0.918805,0,242347,242347
okvqa_val_5241085,COCO_val2014_000000524108.jpg,shuffled_mask,E:\Bridging\annotation\stage3_paperpack72_labelme\paperpack81_final_assets\exported_masks\COCO_val2014_000000524108\shuffled.png,3872749161,0.921681,0,242347,242347
okvqa_val_5252115,COCO_val2014_000000525211.jpg,random_control_01,E:\Bridging\annotation\stage3_paperpack72_labelme\paperpack81_final_assets\exported_masks\COCO_val2014_000000525211\random16\random_control_01.png,2503634586,0.41369,0,111063,111063
okvqa_val_5252115,COCO_val2014_000000525211.jpg,random_control_02,E:\Bridging\annotation\stage3_paperpack72_labelme\paperpack81_final_assets\exported_masks\COCO_val2014_000000525211\random16\random_control_02.png,2276109253,0.427921,0,111063,111063
okvqa_val_5252115,COCO_val2014_000000525211.jpg,random_control_03,E:\Bridging\annotation\stage3_paperpack72_labelme\paperpack81_final_assets\exported_masks\COCO_val2014_000000525211\random16\random_control_03.png,3589401291,0.408803,0,111063,111063
okvqa_val_5252115,COCO_val2014_000000525211.jpg,random_control_04,E:\Bridging\annotation\stage3_paperpack72_labelme\paperpack81_final_assets\exported_masks\COCO_val2014_000000525211\random16\random_control_04.png,3174392374,0.399907,0,111063,111063
okvqa_val_5252115,COCO_val2014_000000525211.jpg,random_control_05,E:\Bridging\annotation\stage3_paperpack72_labelme\paperpack81_final_assets\exported_masks\COCO_val2014_000000525211\random16\random_control_05.png,2163178434,0.420515,0,111063,111063
okvqa_val_5252115,COCO_val2014_000000525211.jpg,random_control_06,E:\Bridging\annotation\stage3_paperpack72_labelme\paperpack81_final_assets\exported_masks\COCO_val2014_000000525211\random16\random_control_06.png,3188118900,0.433941,0,111063,111063
okvqa_val_5252115,COCO_val2014_000000525211.jpg,random_control_07,E:\Bridging\annotation\stage3_paperpack72_labelme\paperpack81_final_assets\exported_masks\COCO_val2014_000000525211\random16\random_control_07.png,3833585595,0.426262,0,111063,111063
okvqa_val_5252115,COCO_val2014_000000525211.jpg,random_control_08,E:\Bridging\annotation\stage3_paperpack72_labelme\paperpack81_final_assets\exported_masks\COCO_val2014_000000525211\random16\random_control_08.png,4000536464,0.415798,0,111063,111063
okvqa_val_5252115,COCO_val2014_000000525211.jpg,random_control_09,E:\Bridging\annotation\stage3_paperpack72_labelme\paperpack81_final_assets\exported_masks\COCO_val2014_000000525211\random16\random_control_09.png,2677287221,0.399889,0,111063,111063
okvqa_val_5252115,COCO_val2014_000000525211.jpg,random_control_10,E:\Bridging\annotation\stage3_paperpack72_labelme\paperpack81_final_assets\exported_masks\COCO_val2014_000000525211\random16\random_control_10.png,4167081731,0.437011,0,111063,111063
okvqa_val_5252115,COCO_val2014_000000525211.jpg,random_control_11,E:\Bridging\annotation\stage3_paperpack72_labelme\paperpack81_final_assets\exported_masks\COCO_val2014_000000525211\random16\random_control_11.png,671395969,0.390634,0,111063,111063
okvqa_val_5252115,COCO_val2014_000000525211.jpg,random_control_12,E:\Bridging\annotation\stage3_paperpack72_labelme\paperpack81_final_assets\exported_masks\COCO_val2014_000000525211\random16\random_control_12.png,2712654488,0.415825,0,111063,111063
okvqa_val_5252115,COCO_val2014_000000525211.jpg,random_control_13,E:\Bridging\annotation\stage3_paperpack72_labelme\paperpack81_final_assets\exported_masks\COCO_val2014_000000525211\random16\random_control_13.png,1647803426,0.399916,0,111063,111063
okvqa_val_5252115,COCO_val2014_000000525211.jpg,random_control_14,E:\Bridging\annotation\stage3_paperpack72_labelme\paperpack81_final_assets\exported_masks\COCO_val2014_000000525211\random16\random_control_14.png,3382899633,0.417054,0,111063,111063
okvqa_val_5252115,COCO_val2014_000000525211.jpg,random_control_15,E:\Bridging\annotation\stage3_paperpack72_labelme\paperpack81_final_assets\exported_masks\COCO_val2014_000000525211\random16\random_control_15.png,3821570304,0.395264,0,111063,111063
okvqa_val_5252115,COCO_val2014_000000525211.jpg,random_control_16,E:\Bridging\annotation\stage3_paperpack72_labelme\paperpack81_final_assets\exported_masks\COCO_val2014_000000525211\random16\random_control_16.png,4090147175,0.415473,0,111063,111063
okvqa_val_5252115,COCO_val2014_000000525211.jpg,shifted_mask,E:\Bridging\annotation\stage3_paperpack72_labelme\paperpack81_final_assets\exported_masks\COCO_val2014_000000525211\shifted.png,,0.49603,0,111063,111063
okvqa_val_5252115,COCO_val2014_000000525211.jpg,shuffled_mask,E:\Bridging\annotation\stage3_paperpack72_labelme\paperpack81_final_assets\exported_masks\COCO_val2014_000000525211\shuffled.png,3318942989,0.435034,0,111063,111063
okvqa_val_5469875,COCO_val2014_000000546987.jpg,random_control_01,E:\Bridging\annotation\stage3_paperpack72_labelme\paperpack81_final_assets\exported_masks\COCO_val2014_000000546987\random16\random_control_01.png,173730144,0.0980224,1,56356,56356
okvqa_val_5469875,COCO_val2014_000000546987.jpg,random_control_02,E:\Bridging\annotation\stage3_paperpack72_labelme\paperpack81_final_assets\exported_masks\COCO_val2014_000000546987\random16\random_control_02.png,2267187729,0.0905643,1,56356,56356
okvqa_val_5469875,COCO_val2014_000000546987.jpg,random_control_03,E:\Bridging\annotation\stage3_paperpack72_labelme\paperpack81_final_assets\exported_masks\COCO_val2014_000000546987\random16\random_control_03.png,4279930767,0.0893311,1,56356,56356
okvqa_val_5469875,COCO_val2014_000000546987.jpg,random_control_04,E:\Bridging\annotation\stage3_paperpack72_labelme\paperpack81_final_assets\exported_masks\COCO_val2014_000000546987\random16\random_control_04.png,1305284659,0.0893311,1,56356,56356
okvqa_val_5469875,COCO_val2014_000000546987.jpg,random_control_05,E:\Bridging\annotation\stage3_paperpack72_labelme\paperpack81_final_assets\exported_masks\COCO_val2014_000000546987\random16\random_control_05.png,403488333,0.117487,0,56356,56356
okvqa_val_5469875,COCO_val2014_000000546987.jpg,random_control_06,E:\Bridging\annotation\stage3_paperpack72_labelme\paperpack81_final_assets\exported_masks\COCO_val2014_000000546987\random16\random_control_06.png,1034190189,0.0980224,1,56356,56356
okvqa_val_5469875,COCO_val2014_000000546987.jpg,random_control_07,E:\Bridging\annotation\stage3_paperpack72_labelme\paperpack81_final_assets\exported_masks\COCO_val2014_000000546987\random16\random_control_07.png,826862098,0.0918003,1,56356,56356
okvqa_val_5469875,COCO_val2014_000000546987.jpg,random_control_08,E:\Bridging\annotation\stage3_paperpack72_labelme\paperpack81_final_assets\exported_masks\COCO_val2014_000000546987\random16\random_control_08.png,3637190510,0.119863,0,56356,56356
okvqa_val_5469875,COCO_val2014_000000546987.jpg,random_control_09,E:\Bridging\annotation\stage3_paperpack72_labelme\paperpack81_final_assets\exported_masks\COCO_val2014_000000546987\random16\random_control_09.png,3076373946,0.217403,0,56356,56356
okvqa_val_5469875,COCO_val2014_000000546987.jpg,random_control_10,E:\Bridging\annotation\stage3_paperpack72_labelme\paperpack81_final_assets\exported_masks\COCO_val2014_000000546987\random16\random_control_10.png,277126397,0.093039,1,56356,56356
okvqa_val_5469875,COCO_val2014_000000546987.jpg,random_control_11,E:\Bridging\annotation\stage3_paperpack72_labelme\paperpack81_final_assets\exported_masks\COCO_val2014_000000546987\random16\random_control_11.png,372174598,0.111832,0,56356,56356
okvqa_val_5469875,COCO_val2014_000000546987.jpg,random_control_12,E:\Bridging\annotation\stage3_paperpack72_labelme\paperpack81_final_assets\exported_masks\COCO_val2014_000000546987\random16\random_control_12.png,3606059863,0.0992754,1,56356,56356
okvqa_val_5469875,COCO_val2014_000000546987.jpg,random_control_13,E:\Bridging\annotation\stage3_paperpack72_labelme\paperpack81_final_assets\exported_masks\COCO_val2014_000000546987\random16\random_control_13.png,2934059329,0.127605,0,56356,56356
okvqa_val_5469875,COCO_val2014_000000546987.jpg,random_control_14,E:\Bridging\annotation\stage3_paperpack72_labelme\paperpack81_final_assets\exported_masks\COCO_val2014_000000546987\random16\random_control_14.png,4283554560,0.0980224,1,56356,56356
okvqa_val_5469875,COCO_val2014_000000546987.jpg,random_control_15,E:\Bridging\annotation\stage3_paperpack72_labelme\paperpack81_final_assets\exported_masks\COCO_val2014_000000546987\random16\random_control_15.png,3929936088,0.0905643,1,56356,56356
okvqa_val_5469875,COCO_val2014_000000546987.jpg,random_control_16,E:\Bridging\annotation\stage3_paperpack72_labelme\paperpack81_final_assets\exported_masks\COCO_val2014_000000546987\random16\random_control_16.png,3328234310,0.140937,0,56356,56356
okvqa_val_5469875,COCO_val2014_000000546987.jpg,shifted_mask,E:\Bridging\annotation\stage3_paperpack72_labelme\paperpack81_final_assets\exported_masks\COCO_val2014_000000546987\shifted.png,,0.135294,0,56356,56356
okvqa_val_5469875,COCO_val2014_000000546987.jpg,shuffled_mask,E:\Bridging\annotation\stage3_paperpack72_labelme\paperpack81_final_assets\exported_masks\COCO_val2014_000000546987\shuffled.png,965642500,0.119719,0,56356,56356
okvqa_val_5561315,COCO_val2014_000000556131.jpg,random_control_01,E:\Bridging\annotation\stage3_paperpack72_labelme\paperpack81_final_assets\exported_masks\COCO_val2014_000000556131\random16\random_control_01.png,2223292976,0.219968,0,125733,125733
okvqa_val_5561315,COCO_val2014_000000556131.jpg,random_control_02,E:\Bridging\annotation\stage3_paperpack72_labelme\paperpack81_final_assets\exported_masks\COCO_val2014_000000556131\random16\random_control_02.png,628161431,0.212714,0,125733,125733
okvqa_val_5561315,COCO_val2014_000000556131.jpg,random_control_03,E:\Bridging\annotation\stage3_paperpack72_labelme\paperpack81_final_assets\exported_masks\COCO_val2014_000000556131\random16\random_control_03.png,686943195,0.215023,0,125733,125733
okvqa_val_5561315,COCO_val2014_000000556131.jpg,random_control_04,E:\Bridging\annotation\stage3_paperpack72_labelme\paperpack81_final_assets\exported_masks\COCO_val2014_000000556131\random16\random_control_04.png,2623736716,0.2511,0,125733,125733
okvqa_val_5561315,COCO_val2014_000000556131.jpg,random_control_05,E:\Bridging\annotation\stage3_paperpack72_labelme\paperpack81_final_assets\exported_masks\COCO_val2014_000000556131\random16\random_control_05.png,174507496,0.210414,0,125733,125733
okvqa_val_5561315,COCO_val2014_000000556131.jpg,random_control_06,E:\Bridging\annotation\stage3_paperpack72_labelme\paperpack81_final_assets\exported_masks\COCO_val2014_000000556131\random16\random_control_06.png,2348155493,0.215234,0,125733,125733
okvqa_val_5561315,COCO_val2014_000000556131.jpg,random_control_07,E:\Bridging\annotation\stage3_paperpack72_labelme\paperpack81_final_assets\exported_masks\COCO_val2014_000000556131\random16\random_control_07.png,3857105499,0.203486,0,125733,125733
okvqa_val_5561315,COCO_val2014_000000556131.jpg,random_control_08,E:\Bridging\annotation\stage3_paperpack72_labelme\paperpack81_final_assets\exported_masks\COCO_val2014_000000556131\random16\random_control_08.png,135263521,0.192924,0,125733,125733
okvqa_val_5561315,COCO_val2014_000000556131.jpg,random_control_09,E:\Bridging\annotation\stage3_paperpack72_labelme\paperpack81_final_assets\exported_masks\COCO_val2014_000000556131\random16\random_control_09.png,266167940,0.199811,0,125733,125733
okvqa_val_5561315,COCO_val2014_000000556131.jpg,random_control_10,E:\Bridging\annotation\stage3_paperpack72_labelme\paperpack81_final_assets\exported_masks\COCO_val2014_000000556131\random16\random_control_10.png,2979292942,0.232157,0,125733,125733
okvqa_val_5561315,COCO_val2014_000000556131.jpg,random_control_11,E:\Bridging\annotation\stage3_paperpack72_labelme\paperpack81_final_assets\exported_masks\COCO_val2014_000000556131\random16\random_control_11.png,4124365677,0.19383,0,125733,125733
okvqa_val_5561315,COCO_val2014_000000556131.jpg,random_control_12,E:\Bridging\annotation\stage3_paperpack72_labelme\paperpack81_final_assets\exported_masks\COCO_val2014_000000556131\random16\random_control_12.png,659547510,0.24846,0,125733,125733
okvqa_val_5561315,COCO_val2014_000000556131.jpg,random_control_13,E:\Bridging\annotation\stage3_paperpack72_labelme\paperpack81_final_assets\exported_masks\COCO_val2014_000000556131\random16\random_control_13.png,3478680551,0.240136,0,125733,125733
okvqa_val_5561315,COCO_val2014_000000556131.jpg,random_control_14,E:\Bridging\annotation\stage3_paperpack72_labelme\paperpack81_final_assets\exported_masks\COCO_val2014_000000556131\random16\random_control_14.png,3626610299,0.1953,0,125733,125733
okvqa_val_5561315,COCO_val2014_000000556131.jpg,random_control_15,E:\Bridging\annotation\stage3_paperpack72_labelme\paperpack81_final_assets\exported_masks\COCO_val2014_000000556131\random16\random_control_15.png,3706033521,0.218178,0,125733,125733
okvqa_val_5561315,COCO_val2014_000000556131.jpg,random_control_16,E:\Bridging\annotation\stage3_paperpack72_labelme\paperpack81_final_assets\exported_masks\COCO_val2014_000000556131\random16\random_control_16.png,1378281115,0.197611,0,125733,125733
okvqa_val_5561315,COCO_val2014_000000556131.jpg,shifted_mask,E:\Bridging\annotation\stage3_paperpack72_labelme\paperpack81_final_assets\exported_masks\COCO_val2014_000000556131\shifted.png,,0.655351,0,125733,125733
okvqa_val_5561315,COCO_val2014_000000556131.jpg,shuffled_mask,E:\Bridging\annotation\stage3_paperpack72_labelme\paperpack81_final_assets\exported_masks\COCO_val2014_000000556131\shuffled.png,3057771961,0.229705,0,125733,125733
okvqa_val_5668235,COCO_val2014_000000566823.jpg,random_control_01,E:\Bridging\annotation\stage3_paperpack72_labelme\paperpack81_final_assets\exported_masks\COCO_val2014_000000566823\random16\random_control_01.png,732071039,0,1,74841,74841
okvqa_val_5668235,COCO_val2014_000000566823.jpg,random_control_02,E:\Bridging\annotation\stage3_paperpack72_labelme\paperpack81_final_assets\exported_masks\COCO_val2014_000000566823\random16\random_control_02.png,2206704120,0.0016663,1,74841,74841
okvqa_val_5668235,COCO_val2014_000000566823.jpg,random_control_03,E:\Bridging\annotation\stage3_paperpack72_labelme\paperpack81_final_assets\exported_masks\COCO_val2014_000000566823\random16\random_control_03.png,1138595006,0.0141813,1,74841,74841
okvqa_val_5668235,COCO_val2014_000000566823.jpg,random_control_04,E:\Bridging\annotation\stage3_paperpack72_labelme\paperpack81_final_assets\exported_masks\COCO_val2014_000000566823\random16\random_control_04.png,4211702404,0.039935,1,74841,74841
okvqa_val_5668235,COCO_val2014_000000566823.jpg,random_control_05,E:\Bridging\annotation\stage3_paperpack72_labelme\paperpack81_final_assets\exported_masks\COCO_val2014_000000566823\random16\random_control_05.png,2576056255,0.0721285,1,74841,74841
okvqa_val_5668235,COCO_val2014_000000566823.jpg,random_control_06,E:\Bridging\annotation\stage3_paperpack72_labelme\paperpack81_final_assets\exported_masks\COCO_val2014_000000566823\random16\random_control_06.png,2947305129,0.0217411,1,74841,74841
okvqa_val_5668235,COCO_val2014_000000566823.jpg,random_control_07,E:\Bridging\annotation\stage3_paperpack72_labelme\paperpack81_final_assets\exported_masks\COCO_val2014_000000566823\random16\random_control_07.png,3138779759,0,1,74841,74841
okvqa_val_5668235,COCO_val2014_000000566823.jpg,random_control_08,E:\Bridging\annotation\stage3_paperpack72_labelme\paperpack81_final_assets\exported_masks\COCO_val2014_000000566823\random16\random_control_08.png,4105103766,0,1,74841,74841
okvqa_val_5668235,COCO_val2014_000000566823.jpg,random_control_09,E:\Bridging\annotation\stage3_paperpack72_labelme\paperpack81_final_assets\exported_masks\COCO_val2014_000000566823\random16\random_control_09.png,805749603,0,1,74841,74841
okvqa_val_5668235,COCO_val2014_000000566823.jpg,random_control_10,E:\Bridging\annotation\stage3_paperpack72_labelme\paperpack81_final_assets\exported_masks\COCO_val2014_000000566823\random16\random_control_10.png,3167458181,0.020063,1,74841,74841
okvqa_val_5668235,COCO_val2014_000000566823.jpg,random_control_11,E:\Bridging\annotation\stage3_paperpack72_labelme\paperpack81_final_assets\exported_masks\COCO_val2014_000000566823\random16\random_control_11.png,3559878997,0,1,74841,74841
okvqa_val_5668235,COCO_val2014_000000566823.jpg,random_control_12,E:\Bridging\annotation\stage3_paperpack72_labelme\paperpack81_final_assets\exported_masks\COCO_val2014_000000566823\random16\random_control_12.png,1818483650,0.0689739,1,74841,74841
okvqa_val_5668235,COCO_val2014_000000566823.jpg,random_control_13,E:\Bridging\annotation\stage3_paperpack72_labelme\paperpack81_final_assets\exported_masks\COCO_val2014_000000566823\random16\random_control_13.png,2898991067,0.0669242,1,74841,74841
okvqa_val_5668235,COCO_val2014_000000566823.jpg,random_control_14,E:\Bridging\annotation\stage3_paperpack72_labelme\paperpack81_final_assets\exported_masks\COCO_val2014_000000566823\random16\random_control_14.png,2618684209,0.0748616,1,74841,74841
okvqa_val_5668235,COCO_val2014_000000566823.jpg,random_control_15,E:\Bridging\annotation\stage3_paperpack72_labelme\paperpack81_final_assets\exported_masks\COCO_val2014_000000566823\random16\random_control_15.png,575458701,0.0963465,1,74841,74841
okvqa_val_5668235,COCO_val2014_000000566823.jpg,random_control_16,E:\Bridging\annotation\stage3_paperpack72_labelme\paperpack81_final_assets\exported_masks\COCO_val2014_000000566823\random16\random_control_16.png,3012536365,0.0638606,1,74841,74841
okvqa_val_5668235,COCO_val2014_000000566823.jpg,shifted_mask,E:\Bridging\annotation\stage3_paperpack72_labelme\paperpack81_final_assets\exported_masks\COCO_val2014_000000566823\shifted.png,,0,1,74841,74841
okvqa_val_5668235,COCO_val2014_000000566823.jpg,shuffled_mask,E:\Bridging\annotation\stage3_paperpack72_labelme\paperpack81_final_assets\exported_masks\COCO_val2014_000000566823\shuffled.png,3808482676,0,1,74841,74841
okvqa_val_5807575,COCO_val2014_000000580757.jpg,random_control_01,E:\Bridging\annotation\stage3_paperpack72_labelme\paperpack81_final_assets\exported_masks\COCO_val2014_000000580757\random16\random_control_01.png,37067268,0.451319,0,152670,152670
okvqa_val_5807575,COCO_val2014_000000580757.jpg,random_control_02,E:\Bridging\annotation\stage3_paperpack72_labelme\paperpack81_final_assets\exported_masks\COCO_val2014_000000580757\random16\random_control_02.png,925313666,0.434983,0,152670,152670
okvqa_val_5807575,COCO_val2014_000000580757.jpg,random_control_03,E:\Bridging\annotation\stage3_paperpack72_labelme\paperpack81_final_assets\exported_masks\COCO_val2014_000000580757\random16\random_control_03.png,3104705540,0.450216,0,152670,152670
okvqa_val_5807575,COCO_val2014_000000580757.jpg,random_control_04,E:\Bridging\annotation\stage3_paperpack72_labelme\paperpack81_final_assets\exported_masks\COCO_val2014_000000580757\random16\random_control_04.png,1925952673,0.46181,0,152670,152670
okvqa_val_5807575,COCO_val2014_000000580757.jpg,random_control_05,E:\Bridging\annotation\stage3_paperpack72_labelme\paperpack81_final_assets\exported_masks\COCO_val2014_000000580757\random16\random_control_05.png,2301185428,0.434612,0,152670,152670
okvqa_val_5807575,COCO_val2014_000000580757.jpg,random_control_06,E:\Bridging\annotation\stage3_paperpack72_labelme\paperpack81_final_assets\exported_masks\COCO_val2014_000000580757\random16\random_control_06.png,175983510,0.445588,0,152670,152670
okvqa_val_5807575,COCO_val2014_000000580757.jpg,random_control_07,E:\Bridging\annotation\stage3_paperpack72_labelme\paperpack81_final_assets\exported_masks\COCO_val2014_000000580757\random16\random_control_07.png,4237517557,0.470682,0,152670,152670
okvqa_val_5807575,COCO_val2014_000000580757.jpg,random_control_08,E:\Bridging\annotation\stage3_paperpack72_labelme\paperpack81_final_assets\exported_masks\COCO_val2014_000000580757\random16\random_control_08.png,4113808091,0.461915,0,152670,152670
okvqa_val_5807575,COCO_val2014_000000580757.jpg,random_control_09,E:\Bridging\annotation\stage3_paperpack72_labelme\paperpack81_final_assets\exported_masks\COCO_val2014_000000580757\random16\random_control_09.png,731578716,0.478286,0,152670,152670
okvqa_val_5807575,COCO_val2014_000000580757.jpg,random_control_10,E:\Bridging\annotation\stage3_paperpack72_labelme\paperpack81_final_assets\exported_masks\COCO_val2014_000000580757\random16\random_control_10.png,544714336,0.454083,0,152670,152670
okvqa_val_5807575,COCO_val2014_000000580757.jpg,random_control_11,E:\Bridging\annotation\stage3_paperpack72_labelme\paperpack81_final_assets\exported_masks\COCO_val2014_000000580757\random16\random_control_11.png,3786621770,0.493485,0,152670,152670
okvqa_val_5807575,COCO_val2014_000000580757.jpg,random_control_12,E:\Bridging\annotation\stage3_paperpack72_labelme\paperpack81_final_assets\exported_masks\COCO_val2014_000000580757\random16\random_control_12.png,542074803,0.442869,0,152670,152670
okvqa_val_5807575,COCO_val2014_000000580757.jpg,random_control_13,E:\Bridging\annotation\stage3_paperpack72_labelme\paperpack81_final_assets\exported_masks\COCO_val2014_000000580757\random16\random_control_13.png,99982070,0.442542,0,152670,152670
okvqa_val_5807575,COCO_val2014_000000580757.jpg,random_control_14,E:\Bridging\annotation\stage3_paperpack72_labelme\paperpack81_final_assets\exported_masks\COCO_val2014_000000580757\random16\random_control_14.png,1142872665,0.459923,0,152670,152670
okvqa_val_5807575,COCO_val2014_000000580757.jpg,random_control_15,E:\Bridging\annotation\stage3_paperpack72_labelme\paperpack81_final_assets\exported_masks\COCO_val2014_000000580757\random16\random_control_15.png,167004772,0.463843,0,152670,152670
okvqa_val_5807575,COCO_val2014_000000580757.jpg,random_control_16,E:\Bridging\annotation\stage3_paperpack72_labelme\paperpack81_final_assets\exported_masks\COCO_val2014_000000580757\random16\random_control_16.png,2891618818,0.484907,0,152670,152670
okvqa_val_5807575,COCO_val2014_000000580757.jpg,shifted_mask,E:\Bridging\annotation\stage3_paperpack72_labelme\paperpack81_final_assets\exported_masks\COCO_val2014_000000580757\shifted.png,,0.420616,0,152670,152670
okvqa_val_5807575,COCO_val2014_000000580757.jpg,shuffled_mask,E:\Bridging\annotation\stage3_paperpack72_labelme\paperpack81_final_assets\exported_masks\COCO_val2014_000000580757\shuffled.png,3490752509,0.432391,0,152670,152670
okvqa_val_00756,COCO_val2014_000000036528.jpg,random_control_01,E:\Bridging\annotation\stage3_paperpack72_labelme\paperpack81_final_assets\exported_masks\COCO_val2014_000000036528\random16\random_control_01.png,1741290794,0.71426,0,248326,248326
okvqa_val_00756,COCO_val2014_000000036528.jpg,random_control_02,E:\Bridging\annotation\stage3_paperpack72_labelme\paperpack81_final_assets\exported_masks\COCO_val2014_000000036528\random16\random_control_02.png,3968506587,0.740519,0,248326,248326
okvqa_val_00756,COCO_val2014_000000036528.jpg,random_control_03,E:\Bridging\annotation\stage3_paperpack72_labelme\paperpack81_final_assets\exported_masks\COCO_val2014_000000036528\random16\random_control_03.png,3502876473,0.71426,0,248326,248326
okvqa_val_00756,COCO_val2014_000000036528.jpg,random_control_04,E:\Bridging\annotation\stage3_paperpack72_labelme\paperpack81_final_assets\exported_masks\COCO_val2014_000000036528\random16\random_control_04.png,298131664,0.728965,0,248326,248326
okvqa_val_00756,COCO_val2014_000000036528.jpg,random_control_05,E:\Bridging\annotation\stage3_paperpack72_labelme\paperpack81_final_assets\exported_masks\COCO_val2014_000000036528\random16\random_control_05.png,247192532,0.720805,0,248326,248326
okvqa_val_00756,COCO_val2014_000000036528.jpg,random_control_06,E:\Bridging\annotation\stage3_paperpack72_labelme\paperpack81_final_assets\exported_masks\COCO_val2014_000000036528\random16\random_control_06.png,1741971050,0.711112,0,248326,248326
okvqa_val_00756,COCO_val2014_000000036528.jpg,random_control_07,E:\Bridging\annotation\stage3_paperpack72_labelme\paperpack81_final_assets\exported_masks\COCO_val2014_000000036528\random16\random_control_07.png,3762566132,0.76059,0,248326,248326
okvqa_val_00756,COCO_val2014_000000036528.jpg,random_control_08,E:\Bridging\annotation\stage3_paperpack72_labelme\paperpack81_final_assets\exported_masks\COCO_val2014_000000036528\random16\random_control_08.png,3845617261,0.726969,0,248326,248326
okvqa_val_00756,COCO_val2014_000000036528.jpg,random_control_09,E:\Bridging\annotation\stage3_paperpack72_labelme\paperpack81_final_assets\exported_masks\COCO_val2014_000000036528\random16\random_control_09.png,198015032,0.713042,0,248326,248326
okvqa_val_00756,COCO_val2014_000000036528.jpg,random_control_10,E:\Bridging\annotation\stage3_paperpack72_labelme\paperpack81_final_assets\exported_masks\COCO_val2014_000000036528\random16\random_control_10.png,327041820,0.727245,0,248326,248326
okvqa_val_00756,COCO_val2014_000000036528.jpg,random_control_11,E:\Bridging\annotation\stage3_paperpack72_labelme\paperpack81_final_assets\exported_masks\COCO_val2014_000000036528\random16\random_control_11.png,23032961,0.723774,0,248326,248326
okvqa_val_00756,COCO_val2014_000000036528.jpg,random_control_12,E:\Bridging\annotation\stage3_paperpack72_labelme\paperpack81_final_assets\exported_masks\COCO_val2014_000000036528\random16\random_control_12.png,151183947,0.740269,0,248326,248326
okvqa_val_00756,COCO_val2014_000000036528.jpg,random_control_13,E:\Bridging\annotation\stage3_paperpack72_labelme\paperpack81_final_assets\exported_masks\COCO_val2014_000000036528\random16\random_control_13.png,557493385,0.73787,0,248326,248326
okvqa_val_00756,COCO_val2014_000000036528.jpg,random_control_14,E:\Bridging\annotation\stage3_paperpack72_labelme\paperpack81_final_assets\exported_masks\COCO_val2014_000000036528\random16\random_control_14.png,181946475,0.71815,0,248326,248326
okvqa_val_00756,COCO_val2014_000000036528.jpg,random_control_15,E:\Bridging\annotation\stage3_paperpack72_labelme\paperpack81_final_assets\exported_masks\COCO_val2014_000000036528\random16\random_control_15.png,2054120290,0.749668,0,248326,248326
okvqa_val_00756,COCO_val2014_000000036528.jpg,random_control_16,E:\Bridging\annotation\stage3_paperpack72_labelme\paperpack81_final_assets\exported_masks\COCO_val2014_000000036528\random16\random_control_16.png,1994307738,0.71815,0,248326,248326
okvqa_val_00756,COCO_val2014_000000036528.jpg,shifted_mask,E:\Bridging\annotation\stage3_paperpack72_labelme\paperpack81_final_assets\exported_masks\COCO_val2014_000000036528\shifted.png,,0.823593,0,248326,248326
okvqa_val_00756,COCO_val2014_000000036528.jpg,shuffled_mask,E:\Bridging\annotation\stage3_paperpack72_labelme\paperpack81_final_assets\exported_masks\COCO_val2014_000000036528\shuffled.png,2610702935,0.720591,0,248326,248326
okvqa_val_02733,COCO_val2014_000000403919.jpg,random_control_01,E:\Bridging\annotation\stage3_paperpack72_labelme\paperpack81_final_assets\exported_masks\COCO_val2014_000000403919\random16\random_control_01.png,4270255867,0.0867159,1,65780,65780
okvqa_val_02733,COCO_val2014_000000403919.jpg,random_control_02,E:\Bridging\annotation\stage3_paperpack72_labelme\paperpack81_final_assets\exported_masks\COCO_val2014_000000403919\random16\random_control_02.png,1047369742,0.0415067,1,65780,65780
okvqa_val_02733,COCO_val2014_000000403919.jpg,random_control_03,E:\Bridging\annotation\stage3_paperpack72_labelme\paperpack81_final_assets\exported_masks\COCO_val2014_000000403919\random16\random_control_03.png,3923200081,0.0945911,1,65780,65780
okvqa_val_02733,COCO_val2014_000000403919.jpg,random_control_04,E:\Bridging\annotation\stage3_paperpack72_labelme\paperpack81_final_assets\exported_masks\COCO_val2014_000000403919\random16\random_control_04.png,1071016174,0.075188,1,65780,65780
okvqa_val_02733,COCO_val2014_000000403919.jpg,random_control_05,E:\Bridging\annotation\stage3_paperpack72_labelme\paperpack81_final_assets\exported_masks\COCO_val2014_000000403919\random16\random_control_05.png,1329633389,0.07649,1,65780,65780
okvqa_val_02733,COCO_val2014_000000403919.jpg,random_control_06,E:\Bridging\annotation\stage3_paperpack72_labelme\paperpack81_final_assets\exported_masks\COCO_val2014_000000403919\random16\random_control_06.png,748948453,0.0301626,1,65780,65780
okvqa_val_02733,COCO_val2014_000000403919.jpg,random_control_07,E:\Bridging\annotation\stage3_paperpack72_labelme\paperpack81_final_assets\exported_masks\COCO_val2014_000000403919\random16\random_control_07.png,1883088396,0.0409875,1,65780,65780
okvqa_val_02733,COCO_val2014_000000403919.jpg,random_control_08,E:\Bridging\annotation\stage3_paperpack72_labelme\paperpack81_final_assets\exported_masks\COCO_val2014_000000403919\random16\random_control_08.png,1982180803,0.0630424,1,65780,65780
okvqa_val_02733,COCO_val2014_000000403919.jpg,random_control_09,E:\Bridging\annotation\stage3_paperpack72_labelme\paperpack81_final_assets\exported_masks\COCO_val2014_000000403919\random16\random_control_09.png,1211976531,0.056325,1,65780,65780
okvqa_val_02733,COCO_val2014_000000403919.jpg,random_control_10,E:\Bridging\annotation\stage3_paperpack72_labelme\paperpack81_final_assets\exported_masks\COCO_val2014_000000403919\random16\random_control_10.png,4072067611,0.0381289,1,65780,65780
okvqa_val_02733,COCO_val2014_000000403919.jpg,random_control_11,E:\Bridging\annotation\stage3_paperpack72_labelme\paperpack81_final_assets\exported_masks\COCO_val2014_000000403919\random16\random_control_11.png,803785039,0.0765957,1,65780,65780
okvqa_val_02733,COCO_val2014_000000403919.jpg,random_control_12,E:\Bridging\annotation\stage3_paperpack72_labelme\paperpack81_final_assets\exported_masks\COCO_val2014_000000403919\random16\random_control_12.png,3357750812,0.0721038,1,65780,65780
okvqa_val_02733,COCO_val2014_000000403919.jpg,random_control_13,E:\Bridging\annotation\stage3_paperpack72_labelme\paperpack81_final_assets\exported_masks\COCO_val2014_000000403919\random16\random_control_13.png,2365676151,0.0480363,1,65780,65780
okvqa_val_02733,COCO_val2014_000000403919.jpg,random_control_14,E:\Bridging\annotation\stage3_paperpack72_labelme\paperpack81_final_assets\exported_masks\COCO_val2014_000000403919\random16\random_control_14.png,1564269588,0.0354897,1,65780,65780
okvqa_val_02733,COCO_val2014_000000403919.jpg,random_control_15,E:\Bridging\annotation\stage3_paperpack72_labelme\paperpack81_final_assets\exported_masks\COCO_val2014_000000403919\random16\random_control_15.png,775250977,0.093863,1,65780,65780
okvqa_val_02733,COCO_val2014_000000403919.jpg,random_control_16,E:\Bridging\annotation\stage3_paperpack72_labelme\paperpack81_final_assets\exported_masks\COCO_val2014_000000403919\random16\random_control_16.png,1529204502,0.0606598,1,65780,65780
okvqa_val_02733,COCO_val2014_000000403919.jpg,shifted_mask,E:\Bridging\annotation\stage3_paperpack72_labelme\paperpack81_final_assets\exported_masks\COCO_val2014_000000403919\shifted.png,,0.00903499,1,65780,65780
okvqa_val_02733,COCO_val2014_000000403919.jpg,shuffled_mask,E:\Bridging\annotation\stage3_paperpack72_labelme\paperpack81_final_assets\exported_masks\COCO_val2014_000000403919\shuffled.png,3937470509,0.0305822,1,65780,65780
okvqa_val_03166,COCO_val2014_000000173142.jpg,random_control_01,E:\Bridging\annotation\stage3_paperpack72_labelme\paperpack81_final_assets\exported_masks\COCO_val2014_000000173142\random16\random_control_01.png,3513947775,0.341679,0,146237,146237
okvqa_val_03166,COCO_val2014_000000173142.jpg,random_control_02,E:\Bridging\annotation\stage3_paperpack72_labelme\paperpack81_final_assets\exported_masks\COCO_val2014_000000173142\random16\random_control_02.png,4095510383,0.348198,0,146237,146237
okvqa_val_03166,COCO_val2014_000000173142.jpg,random_control_03,E:\Bridging\annotation\stage3_paperpack72_labelme\paperpack81_final_assets\exported_masks\COCO_val2014_000000173142\random16\random_control_03.png,4223274628,0.361167,0,146237,146237
okvqa_val_03166,COCO_val2014_000000173142.jpg,random_control_04,E:\Bridging\annotation\stage3_paperpack72_labelme\paperpack81_final_assets\exported_masks\COCO_val2014_000000173142\random16\random_control_04.png,1360463887,0.363197,0,146237,146237
okvqa_val_03166,COCO_val2014_000000173142.jpg,random_control_05,E:\Bridging\annotation\stage3_paperpack72_labelme\paperpack81_final_assets\exported_masks\COCO_val2014_000000173142\random16\random_control_05.png,2014321487,0.365074,0,146237,146237
okvqa_val_03166,COCO_val2014_000000173142.jpg,random_control_06,E:\Bridging\annotation\stage3_paperpack72_labelme\paperpack81_final_assets\exported_masks\COCO_val2014_000000173142\random16\random_control_06.png,430635026,0.323035,0,146237,146237
okvqa_val_03166,COCO_val2014_000000173142.jpg,random_control_07,E:\Bridging\annotation\stage3_paperpack72_labelme\paperpack81_final_assets\exported_masks\COCO_val2014_000000173142\random16\random_control_07.png,3382521423,0.329482,0,146237,146237
okvqa_val_03166,COCO_val2014_000000173142.jpg,random_control_08,E:\Bridging\annotation\stage3_paperpack72_labelme\paperpack81_final_assets\exported_masks\COCO_val2014_000000173142\random16\random_control_08.png,58427365,0.351687,0,146237,146237
okvqa_val_03166,COCO_val2014_000000173142.jpg,random_control_09,E:\Bridging\annotation\stage3_paperpack72_labelme\paperpack81_final_assets\exported_masks\COCO_val2014_000000173142\random16\random_control_09.png,2348659896,0.372299,0,146237,146237
okvqa_val_03166,COCO_val2014_000000173142.jpg,random_control_10,E:\Bridging\annotation\stage3_paperpack72_labelme\paperpack81_final_assets\exported_masks\COCO_val2014_000000173142\random16\random_control_10.png,1436264757,0.342073,0,146237,146237
okvqa_val_03166,COCO_val2014_000000173142.jpg,random_control_11,E:\Bridging\annotation\stage3_paperpack72_labelme\paperpack81_final_assets\exported_masks\COCO_val2014_000000173142\random16\random_control_11.png,1619056985,0.324881,0,146237,146237
okvqa_val_03166,COCO_val2014_000000173142.jpg,random_control_12,E:\Bridging\annotation\stage3_paperpack72_labelme\paperpack81_final_assets\exported_masks\COCO_val2014_000000173142\random16\random_control_12.png,887807322,0.343386,0,146237,146237
okvqa_val_03166,COCO_val2014_000000173142.jpg,random_control_13,E:\Bridging\annotation\stage3_paperpack72_labelme\paperpack81_final_assets\exported_masks\COCO_val2014_000000173142\random16\random_control_13.png,3265785841,0.372615,0,146237,146237
okvqa_val_03166,COCO_val2014_000000173142.jpg,random_control_14,E:\Bridging\annotation\stage3_paperpack72_labelme\paperpack81_final_assets\exported_masks\COCO_val2014_000000173142\random16\random_control_14.png,2734450240,0.351256,0,146237,146237
okvqa_val_03166,COCO_val2014_000000173142.jpg,random_control_15,E:\Bridging\annotation\stage3_paperpack72_labelme\paperpack81_final_assets\exported_masks\COCO_val2014_000000173142\random16\random_control_15.png,2701386599,0.361681,0,146237,146237
okvqa_val_03166,COCO_val2014_000000173142.jpg,random_control_16,E:\Bridging\annotation\stage3_paperpack72_labelme\paperpack81_final_assets\exported_masks\COCO_val2014_000000173142\random16\random_control_16.png,3219096061,0.362746,0,146237,146237
okvqa_val_03166,COCO_val2014_000000173142.jpg,shifted_mask,E:\Bridging\annotation\stage3_paperpack72_labelme\paperpack81_final_assets\exported_masks\COCO_val2014_000000173142\shifted.png,,0.322825,0,146237,146237
okvqa_val_03166,COCO_val2014_000000173142.jpg,shuffled_mask,E:\Bridging\annotation\stage3_paperpack72_labelme\paperpack81_final_assets\exported_masks\COCO_val2014_000000173142\shuffled.png,2819318533,0.322496,0,146237,146237
okvqa_val_1271205,COCO_val2014_000000127120.jpg,random_control_01,E:\Bridging\annotation\stage3_paperpack72_labelme\paperpack81_final_assets\exported_masks\COCO_val2014_000000127120\random16\random_control_01.png,2449290262,0.466697,0,167983,167983
okvqa_val_1271205,COCO_val2014_000000127120.jpg,random_control_02,E:\Bridging\annotation\stage3_paperpack72_labelme\paperpack81_final_assets\exported_masks\COCO_val2014_000000127120\random16\random_control_02.png,2340118229,0.455999,0,167983,167983
okvqa_val_1271205,COCO_val2014_000000127120.jpg,random_control_03,E:\Bridging\annotation\stage3_paperpack72_labelme\paperpack81_final_assets\exported_masks\COCO_val2014_000000127120\random16\random_control_03.png,989534448,0.48017,0,167983,167983
okvqa_val_1271205,COCO_val2014_000000127120.jpg,random_control_04,E:\Bridging\annotation\stage3_paperpack72_labelme\paperpack81_final_assets\exported_masks\COCO_val2014_000000127120\random16\random_control_04.png,3145872616,0.500357,0,167983,167983
okvqa_val_1271205,COCO_val2014_000000127120.jpg,random_control_05,E:\Bridging\annotation\stage3_paperpack72_labelme\paperpack81_final_assets\exported_masks\COCO_val2014_000000127120\random16\random_control_05.png,1157217282,0.484027,0,167983,167983
okvqa_val_1271205,COCO_val2014_000000127120.jpg,random_control_06,E:\Bridging\annotation\stage3_paperpack72_labelme\paperpack81_final_assets\exported_masks\COCO_val2014_000000127120\random16\random_control_06.png,232858671,0.492877,0,167983,167983
okvqa_val_1271205,COCO_val2014_000000127120.jpg,random_control_07,E:\Bridging\annotation\stage3_paperpack72_labelme\paperpack81_final_assets\exported_masks\COCO_val2014_000000127120\random16\random_control_07.png,1672177787,0.467985,0,167983,167983
okvqa_val_1271205,COCO_val2014_000000127120.jpg,random_control_08,E:\Bridging\annotation\stage3_paperpack72_labelme\paperpack81_final_assets\exported_masks\COCO_val2014_000000127120\random16\random_control_08.png,1923563606,0.461968,0,167983,167983
okvqa_val_1271205,COCO_val2014_000000127120.jpg,random_control_09,E:\Bridging\annotation\stage3_paperpack72_labelme\paperpack81_final_assets\exported_masks\COCO_val2014_000000127120\random16\random_control_09.png,1935615085,0.464,0,167983,167983
okvqa_val_1271205,COCO_val2014_000000127120.jpg,random_control_10,E:\Bridging\annotation\stage3_paperpack72_labelme\paperpack81_final_assets\exported_masks\COCO_val2014_000000127120\random16\random_control_10.png,4025131960,0.487378,0,167983,167983
okvqa_val_1271205,COCO_val2014_000000127120.jpg,random_control_11,E:\Bridging\annotation\stage3_paperpack72_labelme\paperpack81_final_assets\exported_masks\COCO_val2014_000000127120\random16\random_control_11.png,3901022618,0.509403,0,167983,167983
okvqa_val_1271205,COCO_val2014_000000127120.jpg,random_control_12,E:\Bridging\annotation\stage3_paperpack72_labelme\paperpack81_final_assets\exported_masks\COCO_val2014_000000127120\random16\random_control_12.png,2988315300,0.484113,0,167983,167983
okvqa_val_1271205,COCO_val2014_000000127120.jpg,random_control_13,E:\Bridging\annotation\stage3_paperpack72_labelme\paperpack81_final_assets\exported_masks\COCO_val2014_000000127120\random16\random_control_13.png,4024345899,0.474052,0,167983,167983
okvqa_val_1271205,COCO_val2014_000000127120.jpg,random_control_14,E:\Bridging\annotation\stage3_paperpack72_labelme\paperpack81_final_assets\exported_masks\COCO_val2014_000000127120\random16\random_control_14.png,1940225021,0.467985,0,167983,167983
okvqa_val_1271205,COCO_val2014_000000127120.jpg,random_control_15,E:\Bridging\annotation\stage3_paperpack72_labelme\paperpack81_final_assets\exported_masks\COCO_val2014_000000127120\random16\random_control_15.png,3859073528,0.508563,0,167983,167983
okvqa_val_1271205,COCO_val2014_000000127120.jpg,random_control_16,E:\Bridging\annotation\stage3_paperpack72_labelme\paperpack81_final_assets\exported_masks\COCO_val2014_000000127120\random16\random_control_16.png,1559518982,0.467985,0,167983,167983
okvqa_val_1271205,COCO_val2014_000000127120.jpg,shifted_mask,E:\Bridging\annotation\stage3_paperpack72_labelme\paperpack81_final_assets\exported_masks\COCO_val2014_000000127120\shifted.png,,0.573803,0,167983,167983
okvqa_val_1271205,COCO_val2014_000000127120.jpg,shuffled_mask,E:\Bridging\annotation\stage3_paperpack72_labelme\paperpack81_final_assets\exported_masks\COCO_val2014_000000127120\shuffled.png,1401526901,0.507493,0,167983,167983
okvqa_val_147735,COCO_val2014_000000014773.jpg,random_control_01,E:\Bridging\annotation\stage3_paperpack72_labelme\paperpack81_final_assets\exported_masks\COCO_val2014_000000014773\random16\random_control_01.png,3601410834,0.523158,0,173094,173094
okvqa_val_147735,COCO_val2014_000000014773.jpg,random_control_02,E:\Bridging\annotation\stage3_paperpack72_labelme\paperpack81_final_assets\exported_masks\COCO_val2014_000000014773\random16\random_control_02.png,355439588,0.522107,0,173094,173094
okvqa_val_147735,COCO_val2014_000000014773.jpg,random_control_03,E:\Bridging\annotation\stage3_paperpack72_labelme\paperpack81_final_assets\exported_masks\COCO_val2014_000000014773\random16\random_control_03.png,342362397,0.515636,0,173094,173094
okvqa_val_147735,COCO_val2014_000000014773.jpg,random_control_04,E:\Bridging\annotation\stage3_paperpack72_labelme\paperpack81_final_assets\exported_masks\COCO_val2014_000000014773\random16\random_control_04.png,3106573204,0.526133,0,173094,173094
okvqa_val_147735,COCO_val2014_000000014773.jpg,random_control_05,E:\Bridging\annotation\stage3_paperpack72_labelme\paperpack81_final_assets\exported_masks\COCO_val2014_000000014773\random16\random_control_05.png,3589061259,0.52579,0,173094,173094
okvqa_val_147735,COCO_val2014_000000014773.jpg,random_control_06,E:\Bridging\annotation\stage3_paperpack72_labelme\paperpack81_final_assets\exported_masks\COCO_val2014_000000014773\random16\random_control_06.png,3778844822,0.544999,0,173094,173094
okvqa_val_147735,COCO_val2014_000000014773.jpg,random_control_07,E:\Bridging\annotation\stage3_paperpack72_labelme\paperpack81_final_assets\exported_masks\COCO_val2014_000000014773\random16\random_control_07.png,3016138550,0.519935,0,173094,173094
okvqa_val_147735,COCO_val2014_000000014773.jpg,random_control_08,E:\Bridging\annotation\stage3_paperpack72_labelme\paperpack81_final_assets\exported_masks\COCO_val2014_000000014773\random16\random_control_08.png,2508386961,0.530823,0,173094,173094
okvqa_val_147735,COCO_val2014_000000014773.jpg,random_control_09,E:\Bridging\annotation\stage3_paperpack72_labelme\paperpack81_final_assets\exported_masks\COCO_val2014_000000014773\random16\random_control_09.png,3957821657,0.515252,0,173094,173094
okvqa_val_147735,COCO_val2014_000000014773.jpg,random_control_10,E:\Bridging\annotation\stage3_paperpack72_labelme\paperpack81_final_assets\exported_masks\COCO_val2014_000000014773\random16\random_control_10.png,3171766263,0.52943,0,173094,173094
okvqa_val_147735,COCO_val2014_000000014773.jpg,random_control_11,E:\Bridging\annotation\stage3_paperpack72_labelme\paperpack81_final_assets\exported_masks\COCO_val2014_000000014773\random16\random_control_11.png,4190155476,0.553485,0,173094,173094
okvqa_val_147735,COCO_val2014_000000014773.jpg,random_control_12,E:\Bridging\annotation\stage3_paperpack72_labelme\paperpack81_final_assets\exported_masks\COCO_val2014_000000014773\random16\random_control_12.png,2019380951,0.533515,0,173094,173094
okvqa_val_147735,COCO_val2014_000000014773.jpg,random_control_13,E:\Bridging\annotation\stage3_paperpack72_labelme\paperpack81_final_assets\exported_masks\COCO_val2014_000000014773\random16\random_control_13.png,1303235881,0.518162,0,173094,173094
okvqa_val_147735,COCO_val2014_000000014773.jpg,random_control_14,E:\Bridging\annotation\stage3_paperpack72_labelme\paperpack81_final_assets\exported_masks\COCO_val2014_000000014773\random16\random_control_14.png,79578165,0.532687,0,173094,173094
okvqa_val_147735,COCO_val2014_000000014773.jpg,random_control_15,E:\Bridging\annotation\stage3_paperpack72_labelme\paperpack81_final_assets\exported_masks\COCO_val2014_000000014773\random16\random_control_15.png,396475289,0.514854,0,173094,173094
okvqa_val_147735,COCO_val2014_000000014773.jpg,random_control_16,E:\Bridging\annotation\stage3_paperpack72_labelme\paperpack81_final_assets\exported_masks\COCO_val2014_000000014773\random16\random_control_16.png,802332424,0.52581,0,173094,173094
okvqa_val_147735,COCO_val2014_000000014773.jpg,shifted_mask,E:\Bridging\annotation\stage3_paperpack72_labelme\paperpack81_final_assets\exported_masks\COCO_val2014_000000014773\shifted.png,,0.51729,0,173094,173094
okvqa_val_147735,COCO_val2014_000000014773.jpg,shuffled_mask,E:\Bridging\annotation\stage3_paperpack72_labelme\paperpack81_final_assets\exported_masks\COCO_val2014_000000014773\shuffled.png,1436394245,0.516227,0,173094,173094
okvqa_val_1524995,COCO_val2014_000000152499.jpg,random_control_01,E:\Bridging\annotation\stage3_paperpack72_labelme\paperpack81_final_assets\exported_masks\COCO_val2014_000000152499\random16\random_control_01.png,1645372906,0.576327,0,223825,223825
okvqa_val_1524995,COCO_val2014_000000152499.jpg,random_control_02,E:\Bridging\annotation\stage3_paperpack72_labelme\paperpack81_final_assets\exported_masks\COCO_val2014_000000152499\random16\random_control_02.png,2167517858,0.557683,0,223825,223825
okvqa_val_1524995,COCO_val2014_000000152499.jpg,random_control_03,E:\Bridging\annotation\stage3_paperpack72_labelme\paperpack81_final_assets\exported_masks\COCO_val2014_000000152499\random16\random_control_03.png,1549040343,0.55226,0,223825,223825
okvqa_val_1524995,COCO_val2014_000000152499.jpg,random_control_04,E:\Bridging\annotation\stage3_paperpack72_labelme\paperpack81_final_assets\exported_masks\COCO_val2014_000000152499\random16\random_control_04.png,2769570841,0.570327,0,223825,223825
okvqa_val_1524995,COCO_val2014_000000152499.jpg,random_control_05,E:\Bridging\annotation\stage3_paperpack72_labelme\paperpack81_final_assets\exported_masks\COCO_val2014_000000152499\random16\random_control_05.png,1505113801,0.555053,0,223825,223825
okvqa_val_1524995,COCO_val2014_000000152499.jpg,random_control_06,E:\Bridging\annotation\stage3_paperpack72_labelme\paperpack81_final_assets\exported_masks\COCO_val2014_000000152499\random16\random_control_06.png,3771956592,0.55541,0,223825,223825
okvqa_val_1524995,COCO_val2014_000000152499.jpg,random_control_07,E:\Bridging\annotation\stage3_paperpack72_labelme\paperpack81_final_assets\exported_masks\COCO_val2014_000000152499\random16\random_control_07.png,3299874506,0.582546,0,223825,223825
okvqa_val_1524995,COCO_val2014_000000152499.jpg,random_control_08,E:\Bridging\annotation\stage3_paperpack72_labelme\paperpack81_final_assets\exported_masks\COCO_val2014_000000152499\random16\random_control_08.png,1638936196,0.566513,0,223825,223825
okvqa_val_1524995,COCO_val2014_000000152499.jpg,random_control_09,E:\Bridging\annotation\stage3_paperpack72_labelme\paperpack81_final_assets\exported_masks\COCO_val2014_000000152499\random16\random_control_09.png,4079240444,0.552497,0,223825,223825
okvqa_val_1524995,COCO_val2014_000000152499.jpg,random_control_10,E:\Bridging\annotation\stage3_paperpack72_labelme\paperpack81_final_assets\exported_masks\COCO_val2014_000000152499\random16\random_control_10.png,612813502,0.564706,0,223825,223825
okvqa_val_1524995,COCO_val2014_000000152499.jpg,random_control_11,E:\Bridging\annotation\stage3_paperpack72_labelme\paperpack81_final_assets\exported_masks\COCO_val2014_000000152499\random16\random_control_11.png,308731118,0.559555,0,223825,223825
okvqa_val_1524995,COCO_val2014_000000152499.jpg,random_control_12,E:\Bridging\annotation\stage3_paperpack72_labelme\paperpack81_final_assets\exported_masks\COCO_val2014_000000152499\random16\random_control_12.png,918209614,0.569171,0,223825,223825
okvqa_val_1524995,COCO_val2014_000000152499.jpg,random_control_13,E:\Bridging\annotation\stage3_paperpack72_labelme\paperpack81_final_assets\exported_masks\COCO_val2014_000000152499\random16\random_control_13.png,3595619396,0.559832,0,223825,223825
okvqa_val_1524995,COCO_val2014_000000152499.jpg,random_control_14,E:\Bridging\annotation\stage3_paperpack72_labelme\paperpack81_final_assets\exported_masks\COCO_val2014_000000152499\random16\random_control_14.png,1777522213,0.568902,0,223825,223825
okvqa_val_1524995,COCO_val2014_000000152499.jpg,random_control_15,E:\Bridging\annotation\stage3_paperpack72_labelme\paperpack81_final_assets\exported_masks\COCO_val2014_000000152499\random16\random_control_15.png,2244467129,0.553655,0,223825,223825
okvqa_val_1524995,COCO_val2014_000000152499.jpg,random_control_16,E:\Bridging\annotation\stage3_paperpack72_labelme\paperpack81_final_assets\exported_masks\COCO_val2014_000000152499\random16\random_control_16.png,3615804638,0.55379,0,223825,223825
okvqa_val_1524995,COCO_val2014_000000152499.jpg,shifted_mask,E:\Bridging\annotation\stage3_paperpack72_labelme\paperpack81_final_assets\exported_masks\COCO_val2014_000000152499\shifted.png,,0.671764,0,223825,223825
okvqa_val_1524995,COCO_val2014_000000152499.jpg,shuffled_mask,E:\Bridging\annotation\stage3_paperpack72_labelme\paperpack81_final_assets\exported_masks\COCO_val2014_000000152499\shuffled.png,1776413791,0.591181,0,223825,223825
okvqa_val_1999595,COCO_val2014_000000199959.jpg,random_control_01,E:\Bridging\annotation\stage3_paperpack72_labelme\paperpack81_final_assets\exported_masks\COCO_val2014_000000199959\random16\random_control_01.png,2750928043,0.674922,0,176345,176345
okvqa_val_1999595,COCO_val2014_000000199959.jpg,random_control_02,E:\Bridging\annotation\stage3_paperpack72_labelme\paperpack81_final_assets\exported_masks\COCO_val2014_000000199959\random16\random_control_02.png,432200563,0.669262,0,176345,176345
okvqa_val_1999595,COCO_val2014_000000199959.jpg,random_control_03,E:\Bridging\annotation\stage3_paperpack72_labelme\paperpack81_final_assets\exported_masks\COCO_val2014_000000199959\random16\random_control_03.png,2621609159,0.673237,0,176345,176345
okvqa_val_1999595,COCO_val2014_000000199959.jpg,random_control_04,E:\Bridging\annotation\stage3_paperpack72_labelme\paperpack81_final_assets\exported_masks\COCO_val2014_000000199959\random16\random_control_04.png,622982606,0.689743,0,176345,176345
okvqa_val_1999595,COCO_val2014_000000199959.jpg,random_control_05,E:\Bridging\annotation\stage3_paperpack72_labelme\paperpack81_final_assets\exported_masks\COCO_val2014_000000199959\random16\random_control_05.png,10798076,0.687875,0,176345,176345
okvqa_val_1999595,COCO_val2014_000000199959.jpg,random_control_06,E:\Bridging\annotation\stage3_paperpack72_labelme\paperpack81_final_assets\exported_masks\COCO_val2014_000000199959\random16\random_control_06.png,3409687660,0.685456,0,176345,176345
okvqa_val_1999595,COCO_val2014_000000199959.jpg,random_control_07,E:\Bridging\annotation\stage3_paperpack72_labelme\paperpack81_final_assets\exported_masks\COCO_val2014_000000199959\random16\random_control_07.png,3924003012,0.671762,0,176345,176345
okvqa_val_1999595,COCO_val2014_000000199959.jpg,random_control_08,E:\Bridging\annotation\stage3_paperpack72_labelme\paperpack81_final_assets\exported_masks\COCO_val2014_000000199959\random16\random_control_08.png,1230186755,0.692638,0,176345,176345
okvqa_val_1999595,COCO_val2014_000000199959.jpg,random_control_09,E:\Bridging\annotation\stage3_paperpack72_labelme\paperpack81_final_assets\exported_masks\COCO_val2014_000000199959\random16\random_control_09.png,3603922370,0.684192,0,176345,176345
okvqa_val_1999595,COCO_val2014_000000199959.jpg,random_control_10,E:\Bridging\annotation\stage3_paperpack72_labelme\paperpack81_final_assets\exported_masks\COCO_val2014_000000199959\random16\random_control_10.png,3452514575,0.688166,0,176345,176345
okvqa_val_1999595,COCO_val2014_000000199959.jpg,random_control_11,E:\Bridging\annotation\stage3_paperpack72_labelme\paperpack81_final_assets\exported_masks\COCO_val2014_000000199959\random16\random_control_11.png,197495320,0.67246,0,176345,176345
okvqa_val_1999595,COCO_val2014_000000199959.jpg,random_control_12,E:\Bridging\annotation\stage3_paperpack72_labelme\paperpack81_final_assets\exported_masks\COCO_val2014_000000199959\random16\random_control_12.png,527239310,0.684192,0,176345,176345
okvqa_val_1999595,COCO_val2014_000000199959.jpg,random_control_13,E:\Bridging\annotation\stage3_paperpack72_labelme\paperpack81_final_assets\exported_masks\COCO_val2014_000000199959\random16\random_control_13.png,418226419,0.679676,0,176345,176345
okvqa_val_1999595,COCO_val2014_000000199959.jpg,random_control_14,E:\Bridging\annotation\stage3_paperpack72_labelme\paperpack81_final_assets\exported_masks\COCO_val2014_000000199959\random16\random_control_14.png,3580644726,0.665305,0,176345,176345
okvqa_val_1999595,COCO_val2014_000000199959.jpg,random_control_15,E:\Bridging\annotation\stage3_paperpack72_labelme\paperpack81_final_assets\exported_masks\COCO_val2014_000000199959\random16\random_control_15.png,2056993913,0.664527,0,176345,176345
okvqa_val_1999595,COCO_val2014_000000199959.jpg,random_control_16,E:\Bridging\annotation\stage3_paperpack72_labelme\paperpack81_final_assets\exported_masks\COCO_val2014_000000199959\random16\random_control_16.png,3839545853,0.673865,0,176345,176345
okvqa_val_1999595,COCO_val2014_000000199959.jpg,shifted_mask,E:\Bridging\annotation\stage3_paperpack72_labelme\paperpack81_final_assets\exported_masks\COCO_val2014_000000199959\shifted.png,,0.713352,0,176345,176345
okvqa_val_1999595,COCO_val2014_000000199959.jpg,shuffled_mask,E:\Bridging\annotation\stage3_paperpack72_labelme\paperpack81_final_assets\exported_masks\COCO_val2014_000000199959\shuffled.png,4062799757,0.671247,0,176345,176345
okvqa_val_2100995,COCO_val2014_000000210099.jpg,random_control_01,E:\Bridging\annotation\stage3_paperpack72_labelme\paperpack81_final_assets\exported_masks\COCO_val2014_000000210099\random16\random_control_01.png,925463162,0.771842,0,286560,286560
okvqa_val_2100995,COCO_val2014_000000210099.jpg,random_control_02,E:\Bridging\annotation\stage3_paperpack72_labelme\paperpack81_final_assets\exported_masks\COCO_val2014_000000210099\random16\random_control_02.png,2507283145,0.764141,0,286560,286560
okvqa_val_2100995,COCO_val2014_000000210099.jpg,random_control_03,E:\Bridging\annotation\stage3_paperpack72_labelme\paperpack81_final_assets\exported_masks\COCO_val2014_000000210099\random16\random_control_03.png,3326675673,0.77591,0,286560,286560
okvqa_val_2100995,COCO_val2014_000000210099.jpg,random_control_04,E:\Bridging\annotation\stage3_paperpack72_labelme\paperpack81_final_assets\exported_masks\COCO_val2014_000000210099\random16\random_control_04.png,2912001623,0.786355,0,286560,286560
okvqa_val_2100995,COCO_val2014_000000210099.jpg,random_control_05,E:\Bridging\annotation\stage3_paperpack72_labelme\paperpack81_final_assets\exported_masks\COCO_val2014_000000210099\random16\random_control_05.png,4134879972,0.79826,0,286560,286560
okvqa_val_2100995,COCO_val2014_000000210099.jpg,random_control_06,E:\Bridging\annotation\stage3_paperpack72_labelme\paperpack81_final_assets\exported_masks\COCO_val2014_000000210099\random16\random_control_06.png,1500940800,0.77256,0,286560,286560
okvqa_val_2100995,COCO_val2014_000000210099.jpg,random_control_07,E:\Bridging\annotation\stage3_paperpack72_labelme\paperpack81_final_assets\exported_masks\COCO_val2014_000000210099\random16\random_control_07.png,2155132069,0.769446,0,286560,286560
okvqa_val_2100995,COCO_val2014_000000210099.jpg,random_control_08,E:\Bridging\annotation\stage3_paperpack72_labelme\paperpack81_final_assets\exported_masks\COCO_val2014_000000210099\random16\random_control_08.png,3718971512,0.767253,0,286560,286560
okvqa_val_2100995,COCO_val2014_000000210099.jpg,random_control_09,E:\Bridging\annotation\stage3_paperpack72_labelme\paperpack81_final_assets\exported_masks\COCO_val2014_000000210099\random16\random_control_09.png,1751085991,0.77124,0,286560,286560
okvqa_val_2100995,COCO_val2014_000000210099.jpg,random_control_10,E:\Bridging\annotation\stage3_paperpack72_labelme\paperpack81_final_assets\exported_masks\COCO_val2014_000000210099\random16\random_control_10.png,3324072119,0.787119,0,286560,286560
okvqa_val_2100995,COCO_val2014_000000210099.jpg,random_control_11,E:\Bridging\annotation\stage3_paperpack72_labelme\paperpack81_final_assets\exported_masks\COCO_val2014_000000210099\random16\random_control_11.png,1301885001,0.777557,0,286560,286560
okvqa_val_2100995,COCO_val2014_000000210099.jpg,random_control_12,E:\Bridging\annotation\stage3_paperpack72_labelme\paperpack81_final_assets\exported_masks\COCO_val2014_000000210099\random16\random_control_12.png,903294861,0.770463,0,286560,286560
okvqa_val_2100995,COCO_val2014_000000210099.jpg,random_control_13,E:\Bridging\annotation\stage3_paperpack72_labelme\paperpack81_final_assets\exported_masks\COCO_val2014_000000210099\random16\random_control_13.png,1674715793,0.764885,0,286560,286560
okvqa_val_2100995,COCO_val2014_000000210099.jpg,random_control_14,E:\Bridging\annotation\stage3_paperpack72_labelme\paperpack81_final_assets\exported_masks\COCO_val2014_000000210099\random16\random_control_14.png,4189246392,0.765739,0,286560,286560
okvqa_val_2100995,COCO_val2014_000000210099.jpg,random_control_15,E:\Bridging\annotation\stage3_paperpack72_labelme\paperpack81_final_assets\exported_masks\COCO_val2014_000000210099\random16\random_control_15.png,3143688142,0.763967,0,286560,286560
okvqa_val_2100995,COCO_val2014_000000210099.jpg,random_control_16,E:\Bridging\annotation\stage3_paperpack72_labelme\paperpack81_final_assets\exported_masks\COCO_val2014_000000210099\random16\random_control_16.png,655306295,0.793702,0,286560,286560
okvqa_val_2100995,COCO_val2014_000000210099.jpg,shifted_mask,E:\Bridging\annotation\stage3_paperpack72_labelme\paperpack81_final_assets\exported_masks\COCO_val2014_000000210099\shifted.png,,0.751718,0,286560,286560
okvqa_val_2100995,COCO_val2014_000000210099.jpg,shuffled_mask,E:\Bridging\annotation\stage3_paperpack72_labelme\paperpack81_final_assets\exported_masks\COCO_val2014_000000210099\shuffled.png,1264657853,0.7587,0,286560,286560
okvqa_val_2366045,COCO_val2014_000000236604.jpg,random_control_01,E:\Bridging\annotation\stage3_paperpack72_labelme\paperpack81_final_assets\exported_masks\COCO_val2014_000000236604\random16\random_control_01.png,970437944,0.0824536,1,173290,173290
okvqa_val_2366045,COCO_val2014_000000236604.jpg,random_control_02,E:\Bridging\annotation\stage3_paperpack72_labelme\paperpack81_final_assets\exported_masks\COCO_val2014_000000236604\random16\random_control_02.png,1178620060,0.0846556,1,173290,173290
okvqa_val_2366045,COCO_val2014_000000236604.jpg,random_control_03,E:\Bridging\annotation\stage3_paperpack72_labelme\paperpack81_final_assets\exported_masks\COCO_val2014_000000236604\random16\random_control_03.png,465882980,0.0738941,1,173290,173290
okvqa_val_2366045,COCO_val2014_000000236604.jpg,random_control_04,E:\Bridging\annotation\stage3_paperpack72_labelme\paperpack81_final_assets\exported_masks\COCO_val2014_000000236604\random16\random_control_04.png,4182021707,0.0934641,1,173290,173290
okvqa_val_2366045,COCO_val2014_000000236604.jpg,random_control_05,E:\Bridging\annotation\stage3_paperpack72_labelme\paperpack81_final_assets\exported_masks\COCO_val2014_000000236604\random16\random_control_05.png,3222988250,0.0849816,1,173290,173290
okvqa_val_2366045,COCO_val2014_000000236604.jpg,random_control_06,E:\Bridging\annotation\stage3_paperpack72_labelme\paperpack81_final_assets\exported_masks\COCO_val2014_000000236604\random16\random_control_06.png,1341064255,0.0543095,1,173290,173290
okvqa_val_2366045,COCO_val2014_000000236604.jpg,random_control_07,E:\Bridging\annotation\stage3_paperpack72_labelme\paperpack81_final_assets\exported_masks\COCO_val2014_000000236604\random16\random_control_07.png,3046951697,0.081707,1,173290,173290
okvqa_val_2366045,COCO_val2014_000000236604.jpg,random_control_08,E:\Bridging\annotation\stage3_paperpack72_labelme\paperpack81_final_assets\exported_masks\COCO_val2014_000000236604\random16\random_control_08.png,1442077338,0.0781099,1,173290,173290
okvqa_val_2366045,COCO_val2014_000000236604.jpg,random_control_09,E:\Bridging\annotation\stage3_paperpack72_labelme\paperpack81_final_assets\exported_masks\COCO_val2014_000000236604\random16\random_control_09.png,2567962458,0.0558287,1,173290,173290
okvqa_val_2366045,COCO_val2014_000000236604.jpg,random_control_10,E:\Bridging\annotation\stage3_paperpack72_labelme\paperpack81_final_assets\exported_masks\COCO_val2014_000000236604\random16\random_control_10.png,599386000,0.0705769,1,173290,173290
okvqa_val_2366045,COCO_val2014_000000236604.jpg,random_control_11,E:\Bridging\annotation\stage3_paperpack72_labelme\paperpack81_final_assets\exported_masks\COCO_val2014_000000236604\random16\random_control_11.png,1301619803,0.055369,1,173290,173290
okvqa_val_2366045,COCO_val2014_000000236604.jpg,random_control_12,E:\Bridging\annotation\stage3_paperpack72_labelme\paperpack81_final_assets\exported_masks\COCO_val2014_000000236604\random16\random_control_12.png,1327128793,0.0849748,1,173290,173290
okvqa_val_2366045,COCO_val2014_000000236604.jpg,random_control_13,E:\Bridging\annotation\stage3_paperpack72_labelme\paperpack81_final_assets\exported_masks\COCO_val2014_000000236604\random16\random_control_13.png,1489003579,0.100446,0,173290,173290
okvqa_val_2366045,COCO_val2014_000000236604.jpg,random_control_14,E:\Bridging\annotation\stage3_paperpack72_labelme\paperpack81_final_assets\exported_masks\COCO_val2014_000000236604\random16\random_control_14.png,2611687586,0.0759478,1,173290,173290
okvqa_val_2366045,COCO_val2014_000000236604.jpg,random_control_15,E:\Bridging\annotation\stage3_paperpack72_labelme\paperpack81_final_assets\exported_masks\COCO_val2014_000000236604\random16\random_control_15.png,848057687,0.0706695,1,173290,173290
okvqa_val_2366045,COCO_val2014_000000236604.jpg,random_control_16,E:\Bridging\annotation\stage3_paperpack72_labelme\paperpack81_final_assets\exported_masks\COCO_val2014_000000236604\random16\random_control_16.png,411654932,0.0555007,1,173290,173290
okvqa_val_2366045,COCO_val2014_000000236604.jpg,shifted_mask,E:\Bridging\annotation\stage3_paperpack72_labelme\paperpack81_final_assets\exported_masks\COCO_val2014_000000236604\shifted.png,,0.0493139,1,173290,173290
okvqa_val_2366045,COCO_val2014_000000236604.jpg,shuffled_mask,E:\Bridging\annotation\stage3_paperpack72_labelme\paperpack81_final_assets\exported_masks\COCO_val2014_000000236604\shuffled.png,239129663,0.0808333,1,173290,173290
okvqa_val_2621615,COCO_val2014_000000262161.jpg,random_control_01,E:\Bridging\annotation\stage3_paperpack72_labelme\paperpack81_final_assets\exported_masks\COCO_val2014_000000262161\random16\random_control_01.png,383183926,0.758386,0,207792,207792
okvqa_val_2621615,COCO_val2014_000000262161.jpg,random_control_02,E:\Bridging\annotation\stage3_paperpack72_labelme\paperpack81_final_assets\exported_masks\COCO_val2014_000000262161\random16\random_control_02.png,311113046,0.753756,0,207792,207792
okvqa_val_2621615,COCO_val2014_000000262161.jpg,random_control_03,E:\Bridging\annotation\stage3_paperpack72_labelme\paperpack81_final_assets\exported_masks\COCO_val2014_000000262161\random16\random_control_03.png,3082721329,0.773332,0,207792,207792
okvqa_val_2621615,COCO_val2014_000000262161.jpg,random_control_04,E:\Bridging\annotation\stage3_paperpack72_labelme\paperpack81_final_assets\exported_masks\COCO_val2014_000000262161\random16\random_control_04.png,136696245,0.780199,0,207792,207792
okvqa_val_2621615,COCO_val2014_000000262161.jpg,random_control_05,E:\Bridging\annotation\stage3_paperpack72_labelme\paperpack81_final_assets\exported_masks\COCO_val2014_000000262161\random16\random_control_05.png,3706314200,0.753874,0,207792,207792
okvqa_val_2621615,COCO_val2014_000000262161.jpg,random_control_06,E:\Bridging\annotation\stage3_paperpack72_labelme\paperpack81_final_assets\exported_masks\COCO_val2014_000000262161\random16\random_control_06.png,3198423978,0.753637,0,207792,207792
okvqa_val_2621615,COCO_val2014_000000262161.jpg,random_control_07,E:\Bridging\annotation\stage3_paperpack72_labelme\paperpack81_final_assets\exported_masks\COCO_val2014_000000262161\random16\random_control_07.png,1673713845,0.744216,0,207792,207792
okvqa_val_2621615,COCO_val2014_000000262161.jpg,random_control_08,E:\Bridging\annotation\stage3_paperpack72_labelme\paperpack81_final_assets\exported_masks\COCO_val2014_000000262161\random16\random_control_08.png,1690680649,0.76083,0,207792,207792
okvqa_val_2621615,COCO_val2014_000000262161.jpg,random_control_09,E:\Bridging\annotation\stage3_paperpack72_labelme\paperpack81_final_assets\exported_masks\COCO_val2014_000000262161\random16\random_control_09.png,3279417895,0.765978,0,207792,207792
okvqa_val_2621615,COCO_val2014_000000262161.jpg,random_control_10,E:\Bridging\annotation\stage3_paperpack72_labelme\paperpack81_final_assets\exported_masks\COCO_val2014_000000262161\random16\random_control_10.png,1395731945,0.751391,0,207792,207792
okvqa_val_2621615,COCO_val2014_000000262161.jpg,random_control_11,E:\Bridging\annotation\stage3_paperpack72_labelme\paperpack81_final_assets\exported_masks\COCO_val2014_000000262161\random16\random_control_11.png,4283919632,0.746562,0,207792,207792
okvqa_val_2621615,COCO_val2014_000000262161.jpg,random_control_12,E:\Bridging\annotation\stage3_paperpack72_labelme\paperpack81_final_assets\exported_masks\COCO_val2014_000000262161\random16\random_control_12.png,4094168549,0.751214,0,207792,207792
okvqa_val_2621615,COCO_val2014_000000262161.jpg,random_control_13,E:\Bridging\annotation\stage3_paperpack72_labelme\paperpack81_final_assets\exported_masks\COCO_val2014_000000262161\random16\random_control_13.png,2621315455,0.756009,0,207792,207792
okvqa_val_2621615,COCO_val2014_000000262161.jpg,random_control_14,E:\Bridging\annotation\stage3_paperpack72_labelme\paperpack81_final_assets\exported_masks\COCO_val2014_000000262161\random16\random_control_14.png,3533073938,0.765498,0,207792,207792
okvqa_val_2621615,COCO_val2014_000000262161.jpg,random_control_15,E:\Bridging\annotation\stage3_paperpack72_labelme\paperpack81_final_assets\exported_masks\COCO_val2014_000000262161\random16\random_control_15.png,229669516,0.776243,0,207792,207792
okvqa_val_2621615,COCO_val2014_000000262161.jpg,random_control_16,E:\Bridging\annotation\stage3_paperpack72_labelme\paperpack81_final_assets\exported_masks\COCO_val2014_000000262161\random16\random_control_16.png,2982544101,0.768322,0,207792,207792
okvqa_val_2621615,COCO_val2014_000000262161.jpg,shifted_mask,E:\Bridging\annotation\stage3_paperpack72_labelme\paperpack81_final_assets\exported_masks\COCO_val2014_000000262161\shifted.png,,0.739558,0,207792,207792
okvqa_val_2621615,COCO_val2014_000000262161.jpg,shuffled_mask,E:\Bridging\annotation\stage3_paperpack72_labelme\paperpack81_final_assets\exported_masks\COCO_val2014_000000262161\shuffled.png,3862935635,0.748973,0,207792,207792
okvqa_val_3359765,COCO_val2014_000000335976.jpg,random_control_01,E:\Bridging\annotation\stage3_paperpack72_labelme\paperpack81_final_assets\exported_masks\COCO_val2014_000000335976\random16\random_control_01.png,3574232679,0.546317,0,174658,174658
okvqa_val_3359765,COCO_val2014_000000335976.jpg,random_control_02,E:\Bridging\annotation\stage3_paperpack72_labelme\paperpack81_final_assets\exported_masks\COCO_val2014_000000335976\random16\random_control_02.png,4276464034,0.547029,0,174658,174658
okvqa_val_3359765,COCO_val2014_000000335976.jpg,random_control_03,E:\Bridging\annotation\stage3_paperpack72_labelme\paperpack81_final_assets\exported_masks\COCO_val2014_000000335976\random16\random_control_03.png,679201066,0.514347,0,174658,174658
okvqa_val_3359765,COCO_val2014_000000335976.jpg,random_control_04,E:\Bridging\annotation\stage3_paperpack72_labelme\paperpack81_final_assets\exported_masks\COCO_val2014_000000335976\random16\random_control_04.png,70809788,0.576919,0,174658,174658
okvqa_val_3359765,COCO_val2014_000000335976.jpg,random_control_05,E:\Bridging\annotation\stage3_paperpack72_labelme\paperpack81_final_assets\exported_masks\COCO_val2014_000000335976\random16\random_control_05.png,772021451,0.536049,0,174658,174658
okvqa_val_3359765,COCO_val2014_000000335976.jpg,random_control_06,E:\Bridging\annotation\stage3_paperpack72_labelme\paperpack81_final_assets\exported_masks\COCO_val2014_000000335976\random16\random_control_06.png,1711084706,0.540038,0,174658,174658
okvqa_val_3359765,COCO_val2014_000000335976.jpg,random_control_07,E:\Bridging\annotation\stage3_paperpack72_labelme\paperpack81_final_assets\exported_masks\COCO_val2014_000000335976\random16\random_control_07.png,3032278347,0.519961,0,174658,174658
okvqa_val_3359765,COCO_val2014_000000335976.jpg,random_control_08,E:\Bridging\annotation\stage3_paperpack72_labelme\paperpack81_final_assets\exported_masks\COCO_val2014_000000335976\random16\random_control_08.png,1432082883,0.515208,0,174658,174658
okvqa_val_3359765,COCO_val2014_000000335976.jpg,random_control_09,E:\Bridging\annotation\stage3_paperpack72_labelme\paperpack81_final_assets\exported_masks\COCO_val2014_000000335976\random16\random_control_09.png,1094574881,0.532948,0,174658,174658
okvqa_val_3359765,COCO_val2014_000000335976.jpg,random_control_10,E:\Bridging\annotation\stage3_paperpack72_labelme\paperpack81_final_assets\exported_masks\COCO_val2014_000000335976\random16\random_control_10.png,1994671025,0.511235,0,174658,174658
okvqa_val_3359765,COCO_val2014_000000335976.jpg,random_control_11,E:\Bridging\annotation\stage3_paperpack72_labelme\paperpack81_final_assets\exported_masks\COCO_val2014_000000335976\random16\random_control_11.png,603901266,0.541948,0,174658,174658
okvqa_val_3359765,COCO_val2014_000000335976.jpg,random_control_12,E:\Bridging\annotation\stage3_paperpack72_labelme\paperpack81_final_assets\exported_masks\COCO_val2014_000000335976\random16\random_control_12.png,413588462,0.524425,0,174658,174658
okvqa_val_3359765,COCO_val2014_000000335976.jpg,random_control_13,E:\Bridging\annotation\stage3_paperpack72_labelme\paperpack81_final_assets\exported_masks\COCO_val2014_000000335976\random16\random_control_13.png,759258387,0.538207,0,174658,174658
okvqa_val_3359765,COCO_val2014_000000335976.jpg,random_control_14,E:\Bridging\annotation\stage3_paperpack72_labelme\paperpack81_final_assets\exported_masks\COCO_val2014_000000335976\random16\random_control_14.png,1599493756,0.545126,0,174658,174658
okvqa_val_3359765,COCO_val2014_000000335976.jpg,random_control_15,E:\Bridging\annotation\stage3_paperpack72_labelme\paperpack81_final_assets\exported_masks\COCO_val2014_000000335976\random16\random_control_15.png,3088548677,0.515208,0,174658,174658
okvqa_val_3359765,COCO_val2014_000000335976.jpg,random_control_16,E:\Bridging\annotation\stage3_paperpack72_labelme\paperpack81_final_assets\exported_masks\COCO_val2014_000000335976\random16\random_control_16.png,3922015977,0.523216,0,174658,174658
okvqa_val_3359765,COCO_val2014_000000335976.jpg,shifted_mask,E:\Bridging\annotation\stage3_paperpack72_labelme\paperpack81_final_assets\exported_masks\COCO_val2014_000000335976\shifted.png,,0.500086,0,174658,174658
okvqa_val_3359765,COCO_val2014_000000335976.jpg,shuffled_mask,E:\Bridging\annotation\stage3_paperpack72_labelme\paperpack81_final_assets\exported_masks\COCO_val2014_000000335976\shuffled.png,2076321398,0.534983,0,174658,174658
okvqa_val_3441005,COCO_val2014_000000344100.jpg,random_control_01,E:\Bridging\annotation\stage3_paperpack72_labelme\paperpack81_final_assets\exported_masks\COCO_val2014_000000344100\random16\random_control_01.png,2047435891,0.18392,0,97249,97249
okvqa_val_3441005,COCO_val2014_000000344100.jpg,random_control_02,E:\Bridging\annotation\stage3_paperpack72_labelme\paperpack81_final_assets\exported_masks\COCO_val2014_000000344100\random16\random_control_02.png,344431402,0.205038,0,97249,97249
okvqa_val_3441005,COCO_val2014_000000344100.jpg,random_control_03,E:\Bridging\annotation\stage3_paperpack72_labelme\paperpack81_final_assets\exported_masks\COCO_val2014_000000344100\random16\random_control_03.png,123527896,0.200197,0,97249,97249
okvqa_val_3441005,COCO_val2014_000000344100.jpg,random_control_04,E:\Bridging\annotation\stage3_paperpack72_labelme\paperpack81_final_assets\exported_masks\COCO_val2014_000000344100\random16\random_control_04.png,536076894,0.195983,0,97249,97249
okvqa_val_3441005,COCO_val2014_000000344100.jpg,random_control_05,E:\Bridging\annotation\stage3_paperpack72_labelme\paperpack81_final_assets\exported_masks\COCO_val2014_000000344100\random16\random_control_05.png,1302279053,0.181282,0,97249,97249
okvqa_val_3441005,COCO_val2014_000000344100.jpg,random_control_06,E:\Bridging\annotation\stage3_paperpack72_labelme\paperpack81_final_assets\exported_masks\COCO_val2014_000000344100\random16\random_control_06.png,1021602314,0.217408,0,97249,97249
okvqa_val_3441005,COCO_val2014_000000344100.jpg,random_control_07,E:\Bridging\annotation\stage3_paperpack72_labelme\paperpack81_final_assets\exported_masks\COCO_val2014_000000344100\random16\random_control_07.png,3001441400,0.196734,0,97249,97249
okvqa_val_3441005,COCO_val2014_000000344100.jpg,random_control_08,E:\Bridging\annotation\stage3_paperpack72_labelme\paperpack81_final_assets\exported_masks\COCO_val2014_000000344100\random16\random_control_08.png,815546360,0.223858,0,97249,97249
okvqa_val_3441005,COCO_val2014_000000344100.jpg,random_control_09,E:\Bridging\annotation\stage3_paperpack72_labelme\paperpack81_final_assets\exported_masks\COCO_val2014_000000344100\random16\random_control_09.png,1857026666,0.220602,0,97249,97249
okvqa_val_3441005,COCO_val2014_000000344100.jpg,random_control_10,E:\Bridging\annotation\stage3_paperpack72_labelme\paperpack81_final_assets\exported_masks\COCO_val2014_000000344100\random16\random_control_10.png,3600055664,0.186195,0,97249,97249
okvqa_val_3441005,COCO_val2014_000000344100.jpg,random_control_11,E:\Bridging\annotation\stage3_paperpack72_labelme\paperpack81_final_assets\exported_masks\COCO_val2014_000000344100\random16\random_control_11.png,3728064513,0.189408,0,97249,97249
okvqa_val_3441005,COCO_val2014_000000344100.jpg,random_control_12,E:\Bridging\annotation\stage3_paperpack72_labelme\paperpack81_final_assets\exported_masks\COCO_val2014_000000344100\random16\random_control_12.png,309273565,0.204098,0,97249,97249
okvqa_val_3441005,COCO_val2014_000000344100.jpg,random_control_13,E:\Bridging\annotation\stage3_paperpack72_labelme\paperpack81_final_assets\exported_masks\COCO_val2014_000000344100\random16\random_control_13.png,4073575111,0.191748,0,97249,97249
okvqa_val_3441005,COCO_val2014_000000344100.jpg,random_control_14,E:\Bridging\annotation\stage3_paperpack72_labelme\paperpack81_final_assets\exported_masks\COCO_val2014_000000344100\random16\random_control_14.png,3760614998,0.200316,0,97249,97249
okvqa_val_3441005,COCO_val2014_000000344100.jpg,random_control_15,E:\Bridging\annotation\stage3_paperpack72_labelme\paperpack81_final_assets\exported_masks\COCO_val2014_000000344100\random16\random_control_15.png,712154222,0.183452,0,97249,97249
okvqa_val_3441005,COCO_val2014_000000344100.jpg,random_control_16,E:\Bridging\annotation\stage3_paperpack72_labelme\paperpack81_final_assets\exported_masks\COCO_val2014_000000344100\random16\random_control_16.png,1539602612,0.1984,0,97249,97249
okvqa_val_3441005,COCO_val2014_000000344100.jpg,shifted_mask,E:\Bridging\annotation\stage3_paperpack72_labelme\paperpack81_final_assets\exported_masks\COCO_val2014_000000344100\shifted.png,,0.246383,0,97249,97249
okvqa_val_3441005,COCO_val2014_000000344100.jpg,shuffled_mask,E:\Bridging\annotation\stage3_paperpack72_labelme\paperpack81_final_assets\exported_masks\COCO_val2014_000000344100\shuffled.png,1352831499,0.19085,0,97249,97249
okvqa_val_3563585,COCO_val2014_000000356358.jpg,random_control_01,E:\Bridging\annotation\stage3_paperpack72_labelme\paperpack81_final_assets\exported_masks\COCO_val2014_000000356358\random16\random_control_01.png,3696598864,0.291676,0,110076,110076
okvqa_val_3563585,COCO_val2014_000000356358.jpg,random_control_02,E:\Bridging\annotation\stage3_paperpack72_labelme\paperpack81_final_assets\exported_masks\COCO_val2014_000000356358\random16\random_control_02.png,3456993560,0.259919,0,110076,110076
okvqa_val_3563585,COCO_val2014_000000356358.jpg,random_control_03,E:\Bridging\annotation\stage3_paperpack72_labelme\paperpack81_final_assets\exported_masks\COCO_val2014_000000356358\random16\random_control_03.png,926674753,0.227842,0,110076,110076
okvqa_val_3563585,COCO_val2014_000000356358.jpg,random_control_04,E:\Bridging\annotation\stage3_paperpack72_labelme\paperpack81_final_assets\exported_masks\COCO_val2014_000000356358\random16\random_control_04.png,3101744847,0.22752,0,110076,110076
okvqa_val_3563585,COCO_val2014_000000356358.jpg,random_control_05,E:\Bridging\annotation\stage3_paperpack72_labelme\paperpack81_final_assets\exported_masks\COCO_val2014_000000356358\random16\random_control_05.png,3081853753,0.27461,0,110076,110076
okvqa_val_3563585,COCO_val2014_000000356358.jpg,random_control_06,E:\Bridging\annotation\stage3_paperpack72_labelme\paperpack81_final_assets\exported_masks\COCO_val2014_000000356358\random16\random_control_06.png,3834668067,0.263528,0,110076,110076
okvqa_val_3563585,COCO_val2014_000000356358.jpg,random_control_07,E:\Bridging\annotation\stage3_paperpack72_labelme\paperpack81_final_assets\exported_masks\COCO_val2014_000000356358\random16\random_control_07.png,1818476752,0.263114,0,110076,110076
okvqa_val_3563585,COCO_val2014_000000356358.jpg,random_control_08,E:\Bridging\annotation\stage3_paperpack72_labelme\paperpack81_final_assets\exported_masks\COCO_val2014_000000356358\random16\random_control_08.png,2995317763,0.276562,0,110076,110076
okvqa_val_3563585,COCO_val2014_000000356358.jpg,random_control_09,E:\Bridging\annotation\stage3_paperpack72_labelme\paperpack81_final_assets\exported_masks\COCO_val2014_000000356358\random16\random_control_09.png,2852522015,0.260763,0,110076,110076
okvqa_val_3563585,COCO_val2014_000000356358.jpg,random_control_10,E:\Bridging\annotation\stage3_paperpack72_labelme\paperpack81_final_assets\exported_masks\COCO_val2014_000000356358\random16\random_control_10.png,955202123,0.261298,0,110076,110076
okvqa_val_3563585,COCO_val2014_000000356358.jpg,random_control_11,E:\Bridging\annotation\stage3_paperpack72_labelme\paperpack81_final_assets\exported_masks\COCO_val2014_000000356358\random16\random_control_11.png,3780265493,0.249628,0,110076,110076
okvqa_val_3563585,COCO_val2014_000000356358.jpg,random_control_12,E:\Bridging\annotation\stage3_paperpack72_labelme\paperpack81_final_assets\exported_masks\COCO_val2014_000000356358\random16\random_control_12.png,2896623448,0.234984,0,110076,110076
okvqa_val_3563585,COCO_val2014_000000356358.jpg,random_control_13,E:\Bridging\annotation\stage3_paperpack72_labelme\paperpack81_final_assets\exported_masks\COCO_val2014_000000356358\random16\random_control_13.png,1957698135,0.233434,0,110076,110076
okvqa_val_3563585,COCO_val2014_000000356358.jpg,random_control_14,E:\Bridging\annotation\stage3_paperpack72_labelme\paperpack81_final_assets\exported_masks\COCO_val2014_000000356358\random16\random_control_14.png,3635300764,0.258357,0,110076,110076
okvqa_val_3563585,COCO_val2014_000000356358.jpg,random_control_15,E:\Bridging\annotation\stage3_paperpack72_labelme\paperpack81_final_assets\exported_masks\COCO_val2014_000000356358\random16\random_control_15.png,4164337767,0.263941,0,110076,110076
okvqa_val_3563585,COCO_val2014_000000356358.jpg,random_control_16,E:\Bridging\annotation\stage3_paperpack72_labelme\paperpack81_final_assets\exported_masks\COCO_val2014_000000356358\random16\random_control_16.png,3139571843,0.242638,0,110076,110076
okvqa_val_3563585,COCO_val2014_000000356358.jpg,shifted_mask,E:\Bridging\annotation\stage3_paperpack72_labelme\paperpack81_final_assets\exported_masks\COCO_val2014_000000356358\shifted.png,,0.310959,0,110076,110076
okvqa_val_3563585,COCO_val2014_000000356358.jpg,shuffled_mask,E:\Bridging\annotation\stage3_paperpack72_labelme\paperpack81_final_assets\exported_masks\COCO_val2014_000000356358\shuffled.png,4030110793,0.262651,0,110076,110076
okvqa_val_3713305,COCO_val2014_000000371330.jpg,random_control_01,E:\Bridging\annotation\stage3_paperpack72_labelme\paperpack81_final_assets\exported_masks\COCO_val2014_000000371330\random16\random_control_01.png,2728540523,0.0428662,1,56892,56892
okvqa_val_3713305,COCO_val2014_000000371330.jpg,random_control_02,E:\Bridging\annotation\stage3_paperpack72_labelme\paperpack81_final_assets\exported_masks\COCO_val2014_000000371330\random16\random_control_02.png,1477691760,0.038412,1,56892,56892
okvqa_val_3713305,COCO_val2014_000000371330.jpg,random_control_03,E:\Bridging\annotation\stage3_paperpack72_labelme\paperpack81_final_assets\exported_masks\COCO_val2014_000000371330\random16\random_control_03.png,3668612642,0.0745592,1,56892,56892
okvqa_val_3713305,COCO_val2014_000000371330.jpg,random_control_04,E:\Bridging\annotation\stage3_paperpack72_labelme\paperpack81_final_assets\exported_masks\COCO_val2014_000000371330\random16\random_control_04.png,2435276998,0.0665517,1,56892,56892
okvqa_val_3713305,COCO_val2014_000000371330.jpg,random_control_05,E:\Bridging\annotation\stage3_paperpack72_labelme\paperpack81_final_assets\exported_masks\COCO_val2014_000000371330\random16\random_control_05.png,2620448696,0,1,56892,56892
okvqa_val_3713305,COCO_val2014_000000371330.jpg,random_control_06,E:\Bridging\annotation\stage3_paperpack72_labelme\paperpack81_final_assets\exported_masks\COCO_val2014_000000371330\random16\random_control_06.png,2672200518,0.0708478,1,56892,56892
okvqa_val_3713305,COCO_val2014_000000371330.jpg,random_control_07,E:\Bridging\annotation\stage3_paperpack72_labelme\paperpack81_final_assets\exported_masks\COCO_val2014_000000371330\random16\random_control_07.png,4271536448,0.0130342,1,56892,56892
okvqa_val_3713305,COCO_val2014_000000371330.jpg,random_control_08,E:\Bridging\annotation\stage3_paperpack72_labelme\paperpack81_final_assets\exported_masks\COCO_val2014_000000371330\random16\random_control_08.png,1121374598,0.00339509,1,56892,56892
okvqa_val_3713305,COCO_val2014_000000371330.jpg,random_control_09,E:\Bridging\annotation\stage3_paperpack72_labelme\paperpack81_final_assets\exported_masks\COCO_val2014_000000371330\random16\random_control_09.png,2678017651,0.0857977,1,56892,56892
okvqa_val_3713305,COCO_val2014_000000371330.jpg,random_control_10,E:\Bridging\annotation\stage3_paperpack72_labelme\paperpack81_final_assets\exported_masks\COCO_val2014_000000371330\random16\random_control_10.png,2838613836,0.0451268,1,56892,56892
okvqa_val_3713305,COCO_val2014_000000371330.jpg,random_control_11,E:\Bridging\annotation\stage3_paperpack72_labelme\paperpack81_final_assets\exported_masks\COCO_val2014_000000371330\random16\random_control_11.png,1262169416,0.041606,1,56892,56892
okvqa_val_3713305,COCO_val2014_000000371330.jpg,random_control_12,E:\Bridging\annotation\stage3_paperpack72_labelme\paperpack81_final_assets\exported_masks\COCO_val2014_000000371330\random16\random_control_12.png,1214825688,0.0172092,1,56892,56892
okvqa_val_3713305,COCO_val2014_000000371330.jpg,random_control_13,E:\Bridging\annotation\stage3_paperpack72_labelme\paperpack81_final_assets\exported_masks\COCO_val2014_000000371330\random16\random_control_13.png,2787607241,0.0226488,1,56892,56892
okvqa_val_3713305,COCO_val2014_000000371330.jpg,random_control_14,E:\Bridging\annotation\stage3_paperpack72_labelme\paperpack81_final_assets\exported_masks\COCO_val2014_000000371330\random16\random_control_14.png,919125737,0.0271354,1,56892,56892
okvqa_val_3713305,COCO_val2014_000000371330.jpg,random_control_15,E:\Bridging\annotation\stage3_paperpack72_labelme\paperpack81_final_assets\exported_masks\COCO_val2014_000000371330\random16\random_control_15.png,923512272,0.0995748,1,56892,56892
okvqa_val_3713305,COCO_val2014_000000371330.jpg,random_control_16,E:\Bridging\annotation\stage3_paperpack72_labelme\paperpack81_final_assets\exported_masks\COCO_val2014_000000371330\random16\random_control_16.png,304880114,0.0488648,1,56892,56892
okvqa_val_3713305,COCO_val2014_000000371330.jpg,shifted_mask,E:\Bridging\annotation\stage3_paperpack72_labelme\paperpack81_final_assets\exported_masks\COCO_val2014_000000371330\shifted.png,,0.00434276,1,56892,56892
okvqa_val_3713305,COCO_val2014_000000371330.jpg,shuffled_mask,E:\Bridging\annotation\stage3_paperpack72_labelme\paperpack81_final_assets\exported_masks\COCO_val2014_000000371330\shuffled.png,5399858,0.0108742,1,56892,56892
okvqa_val_3906275,COCO_val2014_000000390627.jpg,random_control_01,E:\Bridging\annotation\stage3_paperpack72_labelme\paperpack81_final_assets\exported_masks\COCO_val2014_000000390627\random16\random_control_01.png,1071051906,0.631987,0,217171,217171
okvqa_val_3906275,COCO_val2014_000000390627.jpg,random_control_02,E:\Bridging\annotation\stage3_paperpack72_labelme\paperpack81_final_assets\exported_masks\COCO_val2014_000000390627\random16\random_control_02.png,4249408523,0.619,0,217171,217171
okvqa_val_3906275,COCO_val2014_000000390627.jpg,random_control_03,E:\Bridging\annotation\stage3_paperpack72_labelme\paperpack81_final_assets\exported_masks\COCO_val2014_000000390627\random16\random_control_03.png,1523686359,0.623447,0,217171,217171
okvqa_val_3906275,COCO_val2014_000000390627.jpg,random_control_04,E:\Bridging\annotation\stage3_paperpack72_labelme\paperpack81_final_assets\exported_masks\COCO_val2014_000000390627\random16\random_control_04.png,2484578867,0.649452,0,217171,217171
okvqa_val_3906275,COCO_val2014_000000390627.jpg,random_control_05,E:\Bridging\annotation\stage3_paperpack72_labelme\paperpack81_final_assets\exported_masks\COCO_val2014_000000390627\random16\random_control_05.png,1286335434,0.619452,0,217171,217171
okvqa_val_3906275,COCO_val2014_000000390627.jpg,random_control_06,E:\Bridging\annotation\stage3_paperpack72_labelme\paperpack81_final_assets\exported_masks\COCO_val2014_000000390627\random16\random_control_06.png,2705635327,0.62468,0,217171,217171
okvqa_val_3906275,COCO_val2014_000000390627.jpg,random_control_07,E:\Bridging\annotation\stage3_paperpack72_labelme\paperpack81_final_assets\exported_masks\COCO_val2014_000000390627\random16\random_control_07.png,3203678447,0.62485,0,217171,217171
okvqa_val_3906275,COCO_val2014_000000390627.jpg,random_control_08,E:\Bridging\annotation\stage3_paperpack72_labelme\paperpack81_final_assets\exported_masks\COCO_val2014_000000390627\random16\random_control_08.png,2575894420,0.629318,0,217171,217171
okvqa_val_3906275,COCO_val2014_000000390627.jpg,random_control_09,E:\Bridging\annotation\stage3_paperpack72_labelme\paperpack81_final_assets\exported_masks\COCO_val2014_000000390627\random16\random_control_09.png,2481710856,0.635644,0,217171,217171
okvqa_val_3906275,COCO_val2014_000000390627.jpg,random_control_10,E:\Bridging\annotation\stage3_paperpack72_labelme\paperpack81_final_assets\exported_masks\COCO_val2014_000000390627\random16\random_control_10.png,1597053474,0.640543,0,217171,217171
okvqa_val_3906275,COCO_val2014_000000390627.jpg,random_control_11,E:\Bridging\annotation\stage3_paperpack72_labelme\paperpack81_final_assets\exported_masks\COCO_val2014_000000390627\random16\random_control_11.png,3033126273,0.627535,0,217171,217171
okvqa_val_3906275,COCO_val2014_000000390627.jpg,random_control_12,E:\Bridging\annotation\stage3_paperpack72_labelme\paperpack81_final_assets\exported_masks\COCO_val2014_000000390627\random16\random_control_12.png,2680011619,0.638414,0,217171,217171
okvqa_val_3906275,COCO_val2014_000000390627.jpg,random_control_13,E:\Bridging\annotation\stage3_paperpack72_labelme\paperpack81_final_assets\exported_masks\COCO_val2014_000000390627\random16\random_control_13.png,2447253547,0.611449,0,217171,217171
okvqa_val_3906275,COCO_val2014_000000390627.jpg,random_control_14,E:\Bridging\annotation\stage3_paperpack72_labelme\paperpack81_final_assets\exported_masks\COCO_val2014_000000390627\random16\random_control_14.png,2039281164,0.647313,0,217171,217171
okvqa_val_3906275,COCO_val2014_000000390627.jpg,random_control_15,E:\Bridging\annotation\stage3_paperpack72_labelme\paperpack81_final_assets\exported_masks\COCO_val2014_000000390627\random16\random_control_15.png,2029746834,0.639676,0,217171,217171
okvqa_val_3906275,COCO_val2014_000000390627.jpg,random_control_16,E:\Bridging\annotation\stage3_paperpack72_labelme\paperpack81_final_assets\exported_masks\COCO_val2014_000000390627\random16\random_control_16.png,1744543,0.635287,0,217171,217171
okvqa_val_3906275,COCO_val2014_000000390627.jpg,shifted_mask,E:\Bridging\annotation\stage3_paperpack72_labelme\paperpack81_final_assets\exported_masks\COCO_val2014_000000390627\shifted.png,,0.780652,0,217171,217171
okvqa_val_3906275,COCO_val2014_000000390627.jpg,shuffled_mask,E:\Bridging\annotation\stage3_paperpack72_labelme\paperpack81_final_assets\exported_masks\COCO_val2014_000000390627\shuffled.png,961482327,0.630652,0,217171,217171
okvqa_val_3955315,COCO_val2014_000000395531.jpg,random_control_01,E:\Bridging\annotation\stage3_paperpack72_labelme\paperpack81_final_assets\exported_masks\COCO_val2014_000000395531\random16\random_control_01.png,2064013296,0.535551,0,114255,114255
okvqa_val_3955315,COCO_val2014_000000395531.jpg,random_control_02,E:\Bridging\annotation\stage3_paperpack72_labelme\paperpack81_final_assets\exported_masks\COCO_val2014_000000395531\random16\random_control_02.png,2837409662,0.561618,0,114255,114255
okvqa_val_3955315,COCO_val2014_000000395531.jpg,random_control_03,E:\Bridging\annotation\stage3_paperpack72_labelme\paperpack81_final_assets\exported_masks\COCO_val2014_000000395531\random16\random_control_03.png,2250987813,0.543204,0,114255,114255
okvqa_val_3955315,COCO_val2014_000000395531.jpg,random_control_04,E:\Bridging\annotation\stage3_paperpack72_labelme\paperpack81_final_assets\exported_masks\COCO_val2014_000000395531\random16\random_control_04.png,3006059181,0.581723,0,114255,114255
okvqa_val_3955315,COCO_val2014_000000395531.jpg,random_control_05,E:\Bridging\annotation\stage3_paperpack72_labelme\paperpack81_final_assets\exported_masks\COCO_val2014_000000395531\random16\random_control_05.png,440524599,0.551029,0,114255,114255
okvqa_val_3955315,COCO_val2014_000000395531.jpg,random_control_06,E:\Bridging\annotation\stage3_paperpack72_labelme\paperpack81_final_assets\exported_masks\COCO_val2014_000000395531\random16\random_control_06.png,3824233975,0.551945,0,114255,114255
okvqa_val_3955315,COCO_val2014_000000395531.jpg,random_control_07,E:\Bridging\annotation\stage3_paperpack72_labelme\paperpack81_final_assets\exported_masks\COCO_val2014_000000395531\random16\random_control_07.png,3343471952,0.54157,0,114255,114255
okvqa_val_3955315,COCO_val2014_000000395531.jpg,random_control_08,E:\Bridging\annotation\stage3_paperpack72_labelme\paperpack81_final_assets\exported_masks\COCO_val2014_000000395531\random16\random_control_08.png,135312957,0.559976,0,114255,114255
okvqa_val_3955315,COCO_val2014_000000395531.jpg,random_control_09,E:\Bridging\annotation\stage3_paperpack72_labelme\paperpack81_final_assets\exported_masks\COCO_val2014_000000395531\random16\random_control_09.png,705885819,0.539368,0,114255,114255
okvqa_val_3955315,COCO_val2014_000000395531.jpg,random_control_10,E:\Bridging\annotation\stage3_paperpack72_labelme\paperpack81_final_assets\exported_masks\COCO_val2014_000000395531\random16\random_control_10.png,2064547529,0.529907,0,114255,114255
okvqa_val_3955315,COCO_val2014_000000395531.jpg,random_control_11,E:\Bridging\annotation\stage3_paperpack72_labelme\paperpack81_final_assets\exported_masks\COCO_val2014_000000395531\random16\random_control_11.png,479839862,0.516928,0,114255,114255
okvqa_val_3955315,COCO_val2014_000000395531.jpg,random_control_12,E:\Bridging\annotation\stage3_paperpack72_labelme\paperpack81_final_assets\exported_masks\COCO_val2014_000000395531\random16\random_control_12.png,243287054,0.551693,0,114255,114255
okvqa_val_3955315,COCO_val2014_000000395531.jpg,random_control_13,E:\Bridging\annotation\stage3_paperpack72_labelme\paperpack81_final_assets\exported_masks\COCO_val2014_000000395531\random16\random_control_13.png,1843886720,0.554384,0,114255,114255
okvqa_val_3955315,COCO_val2014_000000395531.jpg,random_control_14,E:\Bridging\annotation\stage3_paperpack72_labelme\paperpack81_final_assets\exported_masks\COCO_val2014_000000395531\random16\random_control_14.png,254121247,0.510161,0,114255,114255
okvqa_val_3955315,COCO_val2014_000000395531.jpg,random_control_15,E:\Bridging\annotation\stage3_paperpack72_labelme\paperpack81_final_assets\exported_masks\COCO_val2014_000000395531\random16\random_control_15.png,2048254084,0.525291,0,114255,114255
okvqa_val_3955315,COCO_val2014_000000395531.jpg,random_control_16,E:\Bridging\annotation\stage3_paperpack72_labelme\paperpack81_final_assets\exported_masks\COCO_val2014_000000395531\random16\random_control_16.png,1863668972,0.528904,0,114255,114255
okvqa_val_3955315,COCO_val2014_000000395531.jpg,shifted_mask,E:\Bridging\annotation\stage3_paperpack72_labelme\paperpack81_final_assets\exported_masks\COCO_val2014_000000395531\shifted.png,,0.567983,0,114255,114255
okvqa_val_3955315,COCO_val2014_000000395531.jpg,shuffled_mask,E:\Bridging\annotation\stage3_paperpack72_labelme\paperpack81_final_assets\exported_masks\COCO_val2014_000000395531\shuffled.png,1007501835,0.579198,0,114255,114255
okvqa_val_4469905,COCO_val2014_000000446990.jpg,random_control_01,E:\Bridging\annotation\stage3_paperpack72_labelme\paperpack81_final_assets\exported_masks\COCO_val2014_000000446990\random16\random_control_01.png,1501022711,0.0624152,1,76368,76368
okvqa_val_4469905,COCO_val2014_000000446990.jpg,random_control_02,E:\Bridging\annotation\stage3_paperpack72_labelme\paperpack81_final_assets\exported_masks\COCO_val2014_000000446990\random16\random_control_02.png,1819386967,0.0422393,1,76368,76368
okvqa_val_4469905,COCO_val2014_000000446990.jpg,random_control_03,E:\Bridging\annotation\stage3_paperpack72_labelme\paperpack81_final_assets\exported_masks\COCO_val2014_000000446990\random16\random_control_03.png,373972775,0.0797421,1,76368,76368
okvqa_val_4469905,COCO_val2014_000000446990.jpg,random_control_04,E:\Bridging\annotation\stage3_paperpack72_labelme\paperpack81_final_assets\exported_masks\COCO_val2014_000000446990\random16\random_control_04.png,910724519,0.00628533,1,76368,76368
okvqa_val_4469905,COCO_val2014_000000446990.jpg,random_control_05,E:\Bridging\annotation\stage3_paperpack72_labelme\paperpack81_final_assets\exported_masks\COCO_val2014_000000446990\random16\random_control_05.png,517636120,0.0982513,1,76368,76368
okvqa_val_4469905,COCO_val2014_000000446990.jpg,random_control_06,E:\Bridging\annotation\stage3_paperpack72_labelme\paperpack81_final_assets\exported_masks\COCO_val2014_000000446990\random16\random_control_06.png,1548332048,0.045192,1,76368,76368
okvqa_val_4469905,COCO_val2014_000000446990.jpg,random_control_07,E:\Bridging\annotation\stage3_paperpack72_labelme\paperpack81_final_assets\exported_masks\COCO_val2014_000000446990\random16\random_control_07.png,756972576,0,1,76368,76368
okvqa_val_4469905,COCO_val2014_000000446990.jpg,random_control_08,E:\Bridging\annotation\stage3_paperpack72_labelme\paperpack81_final_assets\exported_masks\COCO_val2014_000000446990\random16\random_control_08.png,2728456596,0.00929095,1,76368,76368
okvqa_val_4469905,COCO_val2014_000000446990.jpg,random_control_09,E:\Bridging\annotation\stage3_paperpack72_labelme\paperpack81_final_assets\exported_masks\COCO_val2014_000000446990\random16\random_control_09.png,103899012,0.0843646,1,76368,76368
okvqa_val_4469905,COCO_val2014_000000446990.jpg,random_control_10,E:\Bridging\annotation\stage3_paperpack72_labelme\paperpack81_final_assets\exported_masks\COCO_val2014_000000446990\random16\random_control_10.png,3621404922,0.0207033,1,76368,76368
okvqa_val_4469905,COCO_val2014_000000446990.jpg,random_control_11,E:\Bridging\annotation\stage3_paperpack72_labelme\paperpack81_final_assets\exported_masks\COCO_val2014_000000446990\random16\random_control_11.png,1448574362,0.0606225,1,76368,76368
okvqa_val_4469905,COCO_val2014_000000446990.jpg,random_control_12,E:\Bridging\annotation\stage3_paperpack72_labelme\paperpack81_final_assets\exported_masks\COCO_val2014_000000446990\random16\random_control_12.png,4244521206,0.0733456,1,76368,76368
okvqa_val_4469905,COCO_val2014_000000446990.jpg,random_control_13,E:\Bridging\annotation\stage3_paperpack72_labelme\paperpack81_final_assets\exported_masks\COCO_val2014_000000446990\random16\random_control_13.png,26230752,0.0691157,1,76368,76368
okvqa_val_4469905,COCO_val2014_000000446990.jpg,random_control_14,E:\Bridging\annotation\stage3_paperpack72_labelme\paperpack81_final_assets\exported_masks\COCO_val2014_000000446990\random16\random_control_14.png,456879107,0.0575601,1,76368,76368
okvqa_val_4469905,COCO_val2014_000000446990.jpg,random_control_15,E:\Bridging\annotation\stage3_paperpack72_labelme\paperpack81_final_assets\exported_masks\COCO_val2014_000000446990\random16\random_control_15.png,1327360812,0.048327,1,76368,76368
okvqa_val_4469905,COCO_val2014_000000446990.jpg,random_control_16,E:\Bridging\annotation\stage3_paperpack72_labelme\paperpack81_final_assets\exported_masks\COCO_val2014_000000446990\random16\random_control_16.png,3944054304,0.0934708,1,76368,76368
okvqa_val_4469905,COCO_val2014_000000446990.jpg,shifted_mask,E:\Bridging\annotation\stage3_paperpack72_labelme\paperpack81_final_assets\exported_masks\COCO_val2014_000000446990\shifted.png,,0.279228,0,76368,76368
okvqa_val_4469905,COCO_val2014_000000446990.jpg,shuffled_mask,E:\Bridging\annotation\stage3_paperpack72_labelme\paperpack81_final_assets\exported_masks\COCO_val2014_000000446990\shuffled.png,3018378253,0.0730892,1,76368,76368
okvqa_val_4646825,COCO_val2014_000000464682.jpg,random_control_01,E:\Bridging\annotation\stage3_paperpack72_labelme\paperpack81_final_assets\exported_masks\COCO_val2014_000000464682\random16\random_control_01.png,3017396572,0.620341,0,192234,192234
okvqa_val_4646825,COCO_val2014_000000464682.jpg,random_control_02,E:\Bridging\annotation\stage3_paperpack72_labelme\paperpack81_final_assets\exported_masks\COCO_val2014_000000464682\random16\random_control_02.png,1120523704,0.673186,0,192234,192234
okvqa_val_4646825,COCO_val2014_000000464682.jpg,random_control_03,E:\Bridging\annotation\stage3_paperpack72_labelme\paperpack81_final_assets\exported_masks\COCO_val2014_000000464682\random16\random_control_03.png,3738195039,0.680073,0,192234,192234
okvqa_val_4646825,COCO_val2014_000000464682.jpg,random_control_04,E:\Bridging\annotation\stage3_paperpack72_labelme\paperpack81_final_assets\exported_masks\COCO_val2014_000000464682\random16\random_control_04.png,62025749,0.701141,0,192234,192234
okvqa_val_4646825,COCO_val2014_000000464682.jpg,random_control_05,E:\Bridging\annotation\stage3_paperpack72_labelme\paperpack81_final_assets\exported_masks\COCO_val2014_000000464682\random16\random_control_05.png,3284597560,0.632685,0,192234,192234
okvqa_val_4646825,COCO_val2014_000000464682.jpg,random_control_06,E:\Bridging\annotation\stage3_paperpack72_labelme\paperpack81_final_assets\exported_masks\COCO_val2014_000000464682\random16\random_control_06.png,3606548547,0.642436,0,192234,192234
okvqa_val_4646825,COCO_val2014_000000464682.jpg,random_control_07,E:\Bridging\annotation\stage3_paperpack72_labelme\paperpack81_final_assets\exported_masks\COCO_val2014_000000464682\random16\random_control_07.png,1472088255,0.642731,0,192234,192234
okvqa_val_4646825,COCO_val2014_000000464682.jpg,random_control_08,E:\Bridging\annotation\stage3_paperpack72_labelme\paperpack81_final_assets\exported_masks\COCO_val2014_000000464682\random16\random_control_08.png,674683900,0.650814,0,192234,192234
okvqa_val_4646825,COCO_val2014_000000464682.jpg,random_control_09,E:\Bridging\annotation\stage3_paperpack72_labelme\paperpack81_final_assets\exported_masks\COCO_val2014_000000464682\random16\random_control_09.png,2932199140,0.652929,0,192234,192234
okvqa_val_4646825,COCO_val2014_000000464682.jpg,random_control_10,E:\Bridging\annotation\stage3_paperpack72_labelme\paperpack81_final_assets\exported_masks\COCO_val2014_000000464682\random16\random_control_10.png,827164757,0.63202,0,192234,192234
okvqa_val_4646825,COCO_val2014_000000464682.jpg,random_control_11,E:\Bridging\annotation\stage3_paperpack72_labelme\paperpack81_final_assets\exported_masks\COCO_val2014_000000464682\random16\random_control_11.png,1342124103,0.655891,0,192234,192234
okvqa_val_4646825,COCO_val2014_000000464682.jpg,random_control_12,E:\Bridging\annotation\stage3_paperpack72_labelme\paperpack81_final_assets\exported_masks\COCO_val2014_000000464682\random16\random_control_12.png,2105729617,0.630629,0,192234,192234
okvqa_val_4646825,COCO_val2014_000000464682.jpg,random_control_13,E:\Bridging\annotation\stage3_paperpack72_labelme\paperpack81_final_assets\exported_masks\COCO_val2014_000000464682\random16\random_control_13.png,4028065482,0.644797,0,192234,192234
okvqa_val_4646825,COCO_val2014_000000464682.jpg,random_control_14,E:\Bridging\annotation\stage3_paperpack72_labelme\paperpack81_final_assets\exported_masks\COCO_val2014_000000464682\random16\random_control_14.png,511370685,0.665315,0,192234,192234
okvqa_val_4646825,COCO_val2014_000000464682.jpg,random_control_15,E:\Bridging\annotation\stage3_paperpack72_labelme\paperpack81_final_assets\exported_masks\COCO_val2014_000000464682\random16\random_control_15.png,788684371,0.625149,0,192234,192234
okvqa_val_4646825,COCO_val2014_000000464682.jpg,random_control_16,E:\Bridging\annotation\stage3_paperpack72_labelme\paperpack81_final_assets\exported_masks\COCO_val2014_000000464682\random16\random_control_16.png,2634994086,0.667381,0,192234,192234
okvqa_val_4646825,COCO_val2014_000000464682.jpg,shifted_mask,E:\Bridging\annotation\stage3_paperpack72_labelme\paperpack81_final_assets\exported_masks\COCO_val2014_000000464682\shifted.png,,0.620498,0,192234,192234
okvqa_val_4646825,COCO_val2014_000000464682.jpg,shuffled_mask,E:\Bridging\annotation\stage3_paperpack72_labelme\paperpack81_final_assets\exported_masks\COCO_val2014_000000464682\shuffled.png,4009150709,0.631888,0,192234,192234
okvqa_val_4837235,COCO_val2014_000000483723.jpg,random_control_01,E:\Bridging\annotation\stage3_paperpack72_labelme\paperpack81_final_assets\exported_masks\COCO_val2014_000000483723\random16\random_control_01.png,836099457,0.357091,0,135950,135950
okvqa_val_4837235,COCO_val2014_000000483723.jpg,random_control_02,E:\Bridging\annotation\stage3_paperpack72_labelme\paperpack81_final_assets\exported_masks\COCO_val2014_000000483723\random16\random_control_02.png,1183779869,0.354374,0,135950,135950
okvqa_val_4837235,COCO_val2014_000000483723.jpg,random_control_03,E:\Bridging\annotation\stage3_paperpack72_labelme\paperpack81_final_assets\exported_masks\COCO_val2014_000000483723\random16\random_control_03.png,1473786357,0.329558,0,135950,135950
okvqa_val_4837235,COCO_val2014_000000483723.jpg,random_control_04,E:\Bridging\annotation\stage3_paperpack72_labelme\paperpack81_final_assets\exported_masks\COCO_val2014_000000483723\random16\random_control_04.png,3475888535,0.372768,0,135950,135950
okvqa_val_4837235,COCO_val2014_000000483723.jpg,random_control_05,E:\Bridging\annotation\stage3_paperpack72_labelme\paperpack81_final_assets\exported_masks\COCO_val2014_000000483723\random16\random_control_05.png,2109982163,0.385217,0,135950,135950
okvqa_val_4837235,COCO_val2014_000000483723.jpg,random_control_06,E:\Bridging\annotation\stage3_paperpack72_labelme\paperpack81_final_assets\exported_masks\COCO_val2014_000000483723\random16\random_control_06.png,1058824474,0.365159,0,135950,135950
okvqa_val_4837235,COCO_val2014_000000483723.jpg,random_control_07,E:\Bridging\annotation\stage3_paperpack72_labelme\paperpack81_final_assets\exported_masks\COCO_val2014_000000483723\random16\random_control_07.png,2158181948,0.362122,0,135950,135950
okvqa_val_4837235,COCO_val2014_000000483723.jpg,random_control_08,E:\Bridging\annotation\stage3_paperpack72_labelme\paperpack81_final_assets\exported_masks\COCO_val2014_000000483723\random16\random_control_08.png,3337411331,0.361597,0,135950,135950
okvqa_val_4837235,COCO_val2014_000000483723.jpg,random_control_09,E:\Bridging\annotation\stage3_paperpack72_labelme\paperpack81_final_assets\exported_masks\COCO_val2014_000000483723\random16\random_control_09.png,3576190499,0.340591,0,135950,135950
okvqa_val_4837235,COCO_val2014_000000483723.jpg,random_control_10,E:\Bridging\annotation\stage3_paperpack72_labelme\paperpack81_final_assets\exported_masks\COCO_val2014_000000483723\random16\random_control_10.png,3226795326,0.359079,0,135950,135950
okvqa_val_4837235,COCO_val2014_000000483723.jpg,random_control_11,E:\Bridging\annotation\stage3_paperpack72_labelme\paperpack81_final_assets\exported_masks\COCO_val2014_000000483723\random16\random_control_11.png,2614336896,0.365776,0,135950,135950
okvqa_val_4837235,COCO_val2014_000000483723.jpg,random_control_12,E:\Bridging\annotation\stage3_paperpack72_labelme\paperpack81_final_assets\exported_masks\COCO_val2014_000000483723\random16\random_control_12.png,3420322939,0.336873,0,135950,135950
okvqa_val_4837235,COCO_val2014_000000483723.jpg,random_control_13,E:\Bridging\annotation\stage3_paperpack72_labelme\paperpack81_final_assets\exported_masks\COCO_val2014_000000483723\random16\random_control_13.png,3322090455,0.329513,0,135950,135950
okvqa_val_4837235,COCO_val2014_000000483723.jpg,random_control_14,E:\Bridging\annotation\stage3_paperpack72_labelme\paperpack81_final_assets\exported_masks\COCO_val2014_000000483723\random16\random_control_14.png,3254384491,0.35969,0,135950,135950
okvqa_val_4837235,COCO_val2014_000000483723.jpg,random_control_15,E:\Bridging\annotation\stage3_paperpack72_labelme\paperpack81_final_assets\exported_masks\COCO_val2014_000000483723\random16\random_control_15.png,3991639444,0.363598,0,135950,135950
okvqa_val_4837235,COCO_val2014_000000483723.jpg,random_control_16,E:\Bridging\annotation\stage3_paperpack72_labelme\paperpack81_final_assets\exported_masks\COCO_val2014_000000483723\random16\random_control_16.png,643132084,0.334079,0,135950,135950
okvqa_val_4837235,COCO_val2014_000000483723.jpg,shifted_mask,E:\Bridging\annotation\stage3_paperpack72_labelme\paperpack81_final_assets\exported_masks\COCO_val2014_000000483723\shifted.png,,0.320262,0,135950,135950
okvqa_val_4837235,COCO_val2014_000000483723.jpg,shuffled_mask,E:\Bridging\annotation\stage3_paperpack72_labelme\paperpack81_final_assets\exported_masks\COCO_val2014_000000483723\shuffled.png,2068426926,0.336755,0,135950,135950
okvqa_val_4943285,COCO_val2014_000000494328.jpg,random_control_01,E:\Bridging\annotation\stage3_paperpack72_labelme\paperpack81_final_assets\exported_masks\COCO_val2014_000000494328\random16\random_control_01.png,642288137,0.167208,0,53220,53220
okvqa_val_4943285,COCO_val2014_000000494328.jpg,random_control_02,E:\Bridging\annotation\stage3_paperpack72_labelme\paperpack81_final_assets\exported_masks\COCO_val2014_000000494328\random16\random_control_02.png,2314627470,0.129744,0,53220,53220
okvqa_val_4943285,COCO_val2014_000000494328.jpg,random_control_03,E:\Bridging\annotation\stage3_paperpack72_labelme\paperpack81_final_assets\exported_masks\COCO_val2014_000000494328\random16\random_control_03.png,2431718578,0.155387,0,53220,53220
okvqa_val_4943285,COCO_val2014_000000494328.jpg,random_control_04,E:\Bridging\annotation\stage3_paperpack72_labelme\paperpack81_final_assets\exported_masks\COCO_val2014_000000494328\random16\random_control_04.png,2932494876,0.159793,0,53220,53220
okvqa_val_4943285,COCO_val2014_000000494328.jpg,random_control_05,E:\Bridging\annotation\stage3_paperpack72_labelme\paperpack81_final_assets\exported_masks\COCO_val2014_000000494328\random16\random_control_05.png,3853936442,0.123223,0,53220,53220
okvqa_val_4943285,COCO_val2014_000000494328.jpg,random_control_06,E:\Bridging\annotation\stage3_paperpack72_labelme\paperpack81_final_assets\exported_masks\COCO_val2014_000000494328\random16\random_control_06.png,3729118318,0.145933,0,53220,53220
okvqa_val_4943285,COCO_val2014_000000494328.jpg,random_control_07,E:\Bridging\annotation\stage3_paperpack72_labelme\paperpack81_final_assets\exported_masks\COCO_val2014_000000494328\random16\random_control_07.png,593991866,0.148753,0,53220,53220
okvqa_val_4943285,COCO_val2014_000000494328.jpg,random_control_08,E:\Bridging\annotation\stage3_paperpack72_labelme\paperpack81_final_assets\exported_masks\COCO_val2014_000000494328\random16\random_control_08.png,3113598920,0.168669,0,53220,53220
okvqa_val_4943285,COCO_val2014_000000494328.jpg,random_control_09,E:\Bridging\annotation\stage3_paperpack72_labelme\paperpack81_final_assets\exported_masks\COCO_val2014_000000494328\random16\random_control_09.png,2387760931,0.137204,0,53220,53220
okvqa_val_4943285,COCO_val2014_000000494328.jpg,random_control_10,E:\Bridging\annotation\stage3_paperpack72_labelme\paperpack81_final_assets\exported_masks\COCO_val2014_000000494328\random16\random_control_10.png,35843514,0.156755,0,53220,53220
okvqa_val_4943285,COCO_val2014_000000494328.jpg,random_control_11,E:\Bridging\annotation\stage3_paperpack72_labelme\paperpack81_final_assets\exported_masks\COCO_val2014_000000494328\random16\random_control_11.png,3231261696,0.124255,0,53220,53220
okvqa_val_4943285,COCO_val2014_000000494328.jpg,random_control_12,E:\Bridging\annotation\stage3_paperpack72_labelme\paperpack81_final_assets\exported_masks\COCO_val2014_000000494328\random16\random_control_12.png,4181606386,0.163139,0,53220,53220
okvqa_val_4943285,COCO_val2014_000000494328.jpg,random_control_13,E:\Bridging\annotation\stage3_paperpack72_labelme\paperpack81_final_assets\exported_masks\COCO_val2014_000000494328\random16\random_control_13.png,626610123,0.161996,0,53220,53220
okvqa_val_4943285,COCO_val2014_000000494328.jpg,random_control_14,E:\Bridging\annotation\stage3_paperpack72_labelme\paperpack81_final_assets\exported_masks\COCO_val2014_000000494328\random16\random_control_14.png,3976531248,0.134174,0,53220,53220
okvqa_val_4943285,COCO_val2014_000000494328.jpg,random_control_15,E:\Bridging\annotation\stage3_paperpack72_labelme\paperpack81_final_assets\exported_masks\COCO_val2014_000000494328\random16\random_control_15.png,3903887359,0.145834,0,53220,53220
okvqa_val_4943285,COCO_val2014_000000494328.jpg,random_control_16,E:\Bridging\annotation\stage3_paperpack72_labelme\paperpack81_final_assets\exported_masks\COCO_val2014_000000494328\random16\random_control_16.png,283539324,0.143913,0,53220,53220
okvqa_val_4943285,COCO_val2014_000000494328.jpg,shifted_mask,E:\Bridging\annotation\stage3_paperpack72_labelme\paperpack81_final_assets\exported_masks\COCO_val2014_000000494328\shifted.png,,0.126731,0,53220,53220
okvqa_val_4943285,COCO_val2014_000000494328.jpg,shuffled_mask,E:\Bridging\annotation\stage3_paperpack72_labelme\paperpack81_final_assets\exported_masks\COCO_val2014_000000494328\shuffled.png,1495497471,0.155073,0,53220,53220
okvqa_val_5172965,COCO_val2014_000000517296.jpg,random_control_01,E:\Bridging\annotation\stage3_paperpack72_labelme\paperpack81_final_assets\exported_masks\COCO_val2014_000000517296\random16\random_control_01.png,1937514815,0.23338,0,128562,128562
okvqa_val_5172965,COCO_val2014_000000517296.jpg,random_control_02,E:\Bridging\annotation\stage3_paperpack72_labelme\paperpack81_final_assets\exported_masks\COCO_val2014_000000517296\random16\random_control_02.png,1038725455,0.229458,0,128562,128562
okvqa_val_5172965,COCO_val2014_000000517296.jpg,random_control_03,E:\Bridging\annotation\stage3_paperpack72_labelme\paperpack81_final_assets\exported_masks\COCO_val2014_000000517296\random16\random_control_03.png,1199974185,0.237065,0,128562,128562
okvqa_val_5172965,COCO_val2014_000000517296.jpg,random_control_04,E:\Bridging\annotation\stage3_paperpack72_labelme\paperpack81_final_assets\exported_masks\COCO_val2014_000000517296\random16\random_control_04.png,2294869267,0.206526,0,128562,128562
okvqa_val_5172965,COCO_val2014_000000517296.jpg,random_control_05,E:\Bridging\annotation\stage3_paperpack72_labelme\paperpack81_final_assets\exported_masks\COCO_val2014_000000517296\random16\random_control_05.png,2855734544,0.226614,0,128562,128562
okvqa_val_5172965,COCO_val2014_000000517296.jpg,random_control_06,E:\Bridging\annotation\stage3_paperpack72_labelme\paperpack81_final_assets\exported_masks\COCO_val2014_000000517296\random16\random_control_06.png,2906702920,0.234654,0,128562,128562
okvqa_val_5172965,COCO_val2014_000000517296.jpg,random_control_07,E:\Bridging\annotation\stage3_paperpack72_labelme\paperpack81_final_assets\exported_masks\COCO_val2014_000000517296\random16\random_control_07.png,4079193294,0.224243,0,128562,128562
okvqa_val_5172965,COCO_val2014_000000517296.jpg,random_control_08,E:\Bridging\annotation\stage3_paperpack72_labelme\paperpack81_final_assets\exported_masks\COCO_val2014_000000517296\random16\random_control_08.png,3582102439,0.223782,0,128562,128562
okvqa_val_5172965,COCO_val2014_000000517296.jpg,random_control_09,E:\Bridging\annotation\stage3_paperpack72_labelme\paperpack81_final_assets\exported_masks\COCO_val2014_000000517296\random16\random_control_09.png,1985403009,0.221677,0,128562,128562
okvqa_val_5172965,COCO_val2014_000000517296.jpg,random_control_10,E:\Bridging\annotation\stage3_paperpack72_labelme\paperpack81_final_assets\exported_masks\COCO_val2014_000000517296\random16\random_control_10.png,1873449405,0.229394,0,128562,128562
okvqa_val_5172965,COCO_val2014_000000517296.jpg,random_control_11,E:\Bridging\annotation\stage3_paperpack72_labelme\paperpack81_final_assets\exported_masks\COCO_val2014_000000517296\random16\random_control_11.png,803749131,0.209546,0,128562,128562
okvqa_val_5172965,COCO_val2014_000000517296.jpg,random_control_12,E:\Bridging\annotation\stage3_paperpack72_labelme\paperpack81_final_assets\exported_masks\COCO_val2014_000000517296\random16\random_control_12.png,62690073,0.248266,0,128562,128562
okvqa_val_5172965,COCO_val2014_000000517296.jpg,random_control_13,E:\Bridging\annotation\stage3_paperpack72_labelme\paperpack81_final_assets\exported_masks\COCO_val2014_000000517296\random16\random_control_13.png,94012323,0.249558,0,128562,128562
okvqa_val_5172965,COCO_val2014_000000517296.jpg,random_control_14,E:\Bridging\annotation\stage3_paperpack72_labelme\paperpack81_final_assets\exported_masks\COCO_val2014_000000517296\random16\random_control_14.png,252472786,0.234239,0,128562,128562
okvqa_val_5172965,COCO_val2014_000000517296.jpg,random_control_15,E:\Bridging\annotation\stage3_paperpack72_labelme\paperpack81_final_assets\exported_masks\COCO_val2014_000000517296\random16\random_control_15.png,3938999307,0.215745,0,128562,128562
okvqa_val_5172965,COCO_val2014_000000517296.jpg,random_control_16,E:\Bridging\annotation\stage3_paperpack72_labelme\paperpack81_final_assets\exported_masks\COCO_val2014_000000517296\random16\random_control_16.png,2568535985,0.213542,0,128562,128562
okvqa_val_5172965,COCO_val2014_000000517296.jpg,shifted_mask,E:\Bridging\annotation\stage3_paperpack72_labelme\paperpack81_final_assets\exported_masks\COCO_val2014_000000517296\shifted.png,,0.287281,0,128562,128562
okvqa_val_5172965,COCO_val2014_000000517296.jpg,shuffled_mask,E:\Bridging\annotation\stage3_paperpack72_labelme\paperpack81_final_assets\exported_masks\COCO_val2014_000000517296\shuffled.png,2658965364,0.236774,0,128562,128562
okvqa_val_5186155,COCO_val2014_000000518615.jpg,random_control_01,E:\Bridging\annotation\stage3_paperpack72_labelme\paperpack81_final_assets\exported_masks\COCO_val2014_000000518615\random16\random_control_01.png,489722931,0,1,60335,60335
okvqa_val_5186155,COCO_val2014_000000518615.jpg,random_control_02,E:\Bridging\annotation\stage3_paperpack72_labelme\paperpack81_final_assets\exported_masks\COCO_val2014_000000518615\random16\random_control_02.png,3388070560,0.00479624,1,60335,60335
okvqa_val_5186155,COCO_val2014_000000518615.jpg,random_control_03,E:\Bridging\annotation\stage3_paperpack72_labelme\paperpack81_final_assets\exported_masks\COCO_val2014_000000518615\random16\random_control_03.png,1175644669,0,1,60335,60335
okvqa_val_5186155,COCO_val2014_000000518615.jpg,random_control_04,E:\Bridging\annotation\stage3_paperpack72_labelme\paperpack81_final_assets\exported_masks\COCO_val2014_000000518615\random16\random_control_04.png,1083540171,0,1,60335,60335
okvqa_val_5186155,COCO_val2014_000000518615.jpg,random_control_05,E:\Bridging\annotation\stage3_paperpack72_labelme\paperpack81_final_assets\exported_masks\COCO_val2014_000000518615\random16\random_control_05.png,3072954477,0,1,60335,60335
okvqa_val_5186155,COCO_val2014_000000518615.jpg,random_control_06,E:\Bridging\annotation\stage3_paperpack72_labelme\paperpack81_final_assets\exported_masks\COCO_val2014_000000518615\random16\random_control_06.png,1456925966,0,1,60335,60335
okvqa_val_5186155,COCO_val2014_000000518615.jpg,random_control_07,E:\Bridging\annotation\stage3_paperpack72_labelme\paperpack81_final_assets\exported_masks\COCO_val2014_000000518615\random16\random_control_07.png,2879959089,0,1,60335,60335
okvqa_val_5186155,COCO_val2014_000000518615.jpg,random_control_08,E:\Bridging\annotation\stage3_paperpack72_labelme\paperpack81_final_assets\exported_masks\COCO_val2014_000000518615\random16\random_control_08.png,2169179443,0.0967707,1,60335,60335
okvqa_val_5186155,COCO_val2014_000000518615.jpg,random_control_09,E:\Bridging\annotation\stage3_paperpack72_labelme\paperpack81_final_assets\exported_masks\COCO_val2014_000000518615\random16\random_control_09.png,1503623930,0.0823878,1,60335,60335
okvqa_val_5186155,COCO_val2014_000000518615.jpg,random_control_10,E:\Bridging\annotation\stage3_paperpack72_labelme\paperpack81_final_assets\exported_masks\COCO_val2014_000000518615\random16\random_control_10.png,683795063,0.0122218,1,60335,60335
okvqa_val_5186155,COCO_val2014_000000518615.jpg,random_control_11,E:\Bridging\annotation\stage3_paperpack72_labelme\paperpack81_final_assets\exported_masks\COCO_val2014_000000518615\random16\random_control_11.png,3445447875,0.0854254,1,60335,60335
okvqa_val_5186155,COCO_val2014_000000518615.jpg,random_control_12,E:\Bridging\annotation\stage3_paperpack72_labelme\paperpack81_final_assets\exported_masks\COCO_val2014_000000518615\random16\random_control_12.png,2936471736,0.0743986,1,60335,60335
okvqa_val_5186155,COCO_val2014_000000518615.jpg,random_control_13,E:\Bridging\annotation\stage3_paperpack72_labelme\paperpack81_final_assets\exported_masks\COCO_val2014_000000518615\random16\random_control_13.png,317945881,0.0961131,1,60335,60335
okvqa_val_5186155,COCO_val2014_000000518615.jpg,random_control_14,E:\Bridging\annotation\stage3_paperpack72_labelme\paperpack81_final_assets\exported_masks\COCO_val2014_000000518615\random16\random_control_14.png,2762740229,0.0998095,1,60335,60335
okvqa_val_5186155,COCO_val2014_000000518615.jpg,random_control_15,E:\Bridging\annotation\stage3_paperpack72_labelme\paperpack81_final_assets\exported_masks\COCO_val2014_000000518615\random16\random_control_15.png,3888510404,0.0910587,1,60335,60335
okvqa_val_5186155,COCO_val2014_000000518615.jpg,random_control_16,E:\Bridging\annotation\stage3_paperpack72_labelme\paperpack81_final_assets\exported_masks\COCO_val2014_000000518615\random16\random_control_16.png,1507770268,0.0911475,1,60335,60335
okvqa_val_5186155,COCO_val2014_000000518615.jpg,shifted_mask,E:\Bridging\annotation\stage3_paperpack72_labelme\paperpack81_final_assets\exported_masks\COCO_val2014_000000518615\shifted.png,,0.000879201,1,60335,60335
okvqa_val_5186155,COCO_val2014_000000518615.jpg,shuffled_mask,E:\Bridging\annotation\stage3_paperpack72_labelme\paperpack81_final_assets\exported_masks\COCO_val2014_000000518615\shuffled.png,103776583,0.0325943,1,60335,60335
okvqa_val_5196735,COCO_val2014_000000519673.jpg,random_control_01,E:\Bridging\annotation\stage3_paperpack72_labelme\paperpack81_final_assets\exported_masks\COCO_val2014_000000519673\random16\random_control_01.png,1381476611,0.325897,0,150138,150138
okvqa_val_5196735,COCO_val2014_000000519673.jpg,random_control_02,E:\Bridging\annotation\stage3_paperpack72_labelme\paperpack81_final_assets\exported_masks\COCO_val2014_000000519673\random16\random_control_02.png,2388435676,0.377198,0,150138,150138
okvqa_val_5196735,COCO_val2014_000000519673.jpg,random_control_03,E:\Bridging\annotation\stage3_paperpack72_labelme\paperpack81_final_assets\exported_masks\COCO_val2014_000000519673\random16\random_control_03.png,3051364652,0.364531,0,150138,150138
okvqa_val_5196735,COCO_val2014_000000519673.jpg,random_control_04,E:\Bridging\annotation\stage3_paperpack72_labelme\paperpack81_final_assets\exported_masks\COCO_val2014_000000519673\random16\random_control_04.png,1323731894,0.349537,0,150138,150138
okvqa_val_5196735,COCO_val2014_000000519673.jpg,random_control_05,E:\Bridging\annotation\stage3_paperpack72_labelme\paperpack81_final_assets\exported_masks\COCO_val2014_000000519673\random16\random_control_05.png,1491875470,0.352844,0,150138,150138
okvqa_val_5196735,COCO_val2014_000000519673.jpg,random_control_06,E:\Bridging\annotation\stage3_paperpack72_labelme\paperpack81_final_assets\exported_masks\COCO_val2014_000000519673\random16\random_control_06.png,2168785768,0.357818,0,150138,150138
okvqa_val_5196735,COCO_val2014_000000519673.jpg,random_control_07,E:\Bridging\annotation\stage3_paperpack72_labelme\paperpack81_final_assets\exported_masks\COCO_val2014_000000519673\random16\random_control_07.png,4261405274,0.340769,0,150138,150138
okvqa_val_5196735,COCO_val2014_000000519673.jpg,random_control_08,E:\Bridging\annotation\stage3_paperpack72_labelme\paperpack81_final_assets\exported_masks\COCO_val2014_000000519673\random16\random_control_08.png,2305617819,0.325897,0,150138,150138
okvqa_val_5196735,COCO_val2014_000000519673.jpg,random_control_09,E:\Bridging\annotation\stage3_paperpack72_labelme\paperpack81_final_assets\exported_masks\COCO_val2014_000000519673\random16\random_control_09.png,854853161,0.328778,0,150138,150138
okvqa_val_5196735,COCO_val2014_000000519673.jpg,random_control_10,E:\Bridging\annotation\stage3_paperpack72_labelme\paperpack81_final_assets\exported_masks\COCO_val2014_000000519673\random16\random_control_10.png,2335019621,0.370529,0,150138,150138
okvqa_val_5196735,COCO_val2014_000000519673.jpg,random_control_11,E:\Bridging\annotation\stage3_paperpack72_labelme\paperpack81_final_assets\exported_masks\COCO_val2014_000000519673\random16\random_control_11.png,3253470532,0.343619,0,150138,150138
okvqa_val_5196735,COCO_val2014_000000519673.jpg,random_control_12,E:\Bridging\annotation\stage3_paperpack72_labelme\paperpack81_final_assets\exported_masks\COCO_val2014_000000519673\random16\random_control_12.png,3826195150,0.364736,0,150138,150138
okvqa_val_5196735,COCO_val2014_000000519673.jpg,random_control_13,E:\Bridging\annotation\stage3_paperpack72_labelme\paperpack81_final_assets\exported_masks\COCO_val2014_000000519673\random16\random_control_13.png,2141814200,0.358574,0,150138,150138
okvqa_val_5196735,COCO_val2014_000000519673.jpg,random_control_14,E:\Bridging\annotation\stage3_paperpack72_labelme\paperpack81_final_assets\exported_masks\COCO_val2014_000000519673\random16\random_control_14.png,435885482,0.332759,0,150138,150138
okvqa_val_5196735,COCO_val2014_000000519673.jpg,random_control_15,E:\Bridging\annotation\stage3_paperpack72_labelme\paperpack81_final_assets\exported_masks\COCO_val2014_000000519673\random16\random_control_15.png,1784538480,0.342022,0,150138,150138
okvqa_val_5196735,COCO_val2014_000000519673.jpg,random_control_16,E:\Bridging\annotation\stage3_paperpack72_labelme\paperpack81_final_assets\exported_masks\COCO_val2014_000000519673\random16\random_control_16.png,521319424,0.357806,0,150138,150138
okvqa_val_5196735,COCO_val2014_000000519673.jpg,shifted_mask,E:\Bridging\annotation\stage3_paperpack72_labelme\paperpack81_final_assets\exported_masks\COCO_val2014_000000519673\shifted.png,,0.39367,0,150138,150138
okvqa_val_5196735,COCO_val2014_000000519673.jpg,shuffled_mask,E:\Bridging\annotation\stage3_paperpack72_labelme\paperpack81_final_assets\exported_masks\COCO_val2014_000000519673\shuffled.png,3092208140,0.366854,0,150138,150138
okvqa_val_545175,COCO_val2014_000000054517.jpg,random_control_01,E:\Bridging\annotation\stage3_paperpack72_labelme\paperpack81_final_assets\exported_masks\COCO_val2014_000000054517\random16\random_control_01.png,13448651,0.565315,0,219418,219418
okvqa_val_545175,COCO_val2014_000000054517.jpg,random_control_02,E:\Bridging\annotation\stage3_paperpack72_labelme\paperpack81_final_assets\exported_masks\COCO_val2014_000000054517\random16\random_control_02.png,1468982555,0.580457,0,219418,219418
okvqa_val_545175,COCO_val2014_000000054517.jpg,random_control_03,E:\Bridging\annotation\stage3_paperpack72_labelme\paperpack81_final_assets\exported_masks\COCO_val2014_000000054517\random16\random_control_03.png,2351941795,0.565315,0,219418,219418
okvqa_val_545175,COCO_val2014_000000054517.jpg,random_control_04,E:\Bridging\annotation\stage3_paperpack72_labelme\paperpack81_final_assets\exported_masks\COCO_val2014_000000054517\random16\random_control_04.png,2689272293,0.599618,0,219418,219418
okvqa_val_545175,COCO_val2014_000000054517.jpg,random_control_05,E:\Bridging\annotation\stage3_paperpack72_labelme\paperpack81_final_assets\exported_masks\COCO_val2014_000000054517\random16\random_control_05.png,900113286,0.571166,0,219418,219418
okvqa_val_545175,COCO_val2014_000000054517.jpg,random_control_06,E:\Bridging\annotation\stage3_paperpack72_labelme\paperpack81_final_assets\exported_masks\COCO_val2014_000000054517\random16\random_control_06.png,1094937375,0.594805,0,219418,219418
okvqa_val_545175,COCO_val2014_000000054517.jpg,random_control_07,E:\Bridging\annotation\stage3_paperpack72_labelme\paperpack81_final_assets\exported_masks\COCO_val2014_000000054517\random16\random_control_07.png,3490112558,0.576936,0,219418,219418
okvqa_val_545175,COCO_val2014_000000054517.jpg,random_control_08,E:\Bridging\annotation\stage3_paperpack72_labelme\paperpack81_final_assets\exported_masks\COCO_val2014_000000054517\random16\random_control_08.png,3372500320,0.599618,0,219418,219418
okvqa_val_545175,COCO_val2014_000000054517.jpg,random_control_09,E:\Bridging\annotation\stage3_paperpack72_labelme\paperpack81_final_assets\exported_masks\COCO_val2014_000000054517\random16\random_control_09.png,2556234117,0.571177,0,219418,219418
okvqa_val_545175,COCO_val2014_000000054517.jpg,random_control_10,E:\Bridging\annotation\stage3_paperpack72_labelme\paperpack81_final_assets\exported_masks\COCO_val2014_000000054517\random16\random_control_10.png,3111269030,0.602726,0,219418,219418
okvqa_val_545175,COCO_val2014_000000054517.jpg,random_control_11,E:\Bridging\annotation\stage3_paperpack72_labelme\paperpack81_final_assets\exported_masks\COCO_val2014_000000054517\random16\random_control_11.png,971415889,0.580457,0,219418,219418
okvqa_val_545175,COCO_val2014_000000054517.jpg,random_control_12,E:\Bridging\annotation\stage3_paperpack72_labelme\paperpack81_final_assets\exported_masks\COCO_val2014_000000054517\random16\random_control_12.png,2750500421,0.583102,0,219418,219418
okvqa_val_545175,COCO_val2014_000000054517.jpg,random_control_13,E:\Bridging\annotation\stage3_paperpack72_labelme\paperpack81_final_assets\exported_masks\COCO_val2014_000000054517\random16\random_control_13.png,1910918307,0.568313,0,219418,219418
okvqa_val_545175,COCO_val2014_000000054517.jpg,random_control_14,E:\Bridging\annotation\stage3_paperpack72_labelme\paperpack81_final_assets\exported_masks\COCO_val2014_000000054517\random16\random_control_14.png,1003066456,0.572613,0,219418,219418
okvqa_val_545175,COCO_val2014_000000054517.jpg,random_control_15,E:\Bridging\annotation\stage3_paperpack72_labelme\paperpack81_final_assets\exported_masks\COCO_val2014_000000054517\random16\random_control_15.png,4068915426,0.563887,0,219418,219418
okvqa_val_545175,COCO_val2014_000000054517.jpg,random_control_16,E:\Bridging\annotation\stage3_paperpack72_labelme\paperpack81_final_assets\exported_masks\COCO_val2014_000000054517\random16\random_control_16.png,2518311394,0.56828,0,219418,219418
okvqa_val_545175,COCO_val2014_000000054517.jpg,shifted_mask,E:\Bridging\annotation\stage3_paperpack72_labelme\paperpack81_final_assets\exported_masks\COCO_val2014_000000054517\shifted.png,,0.83912,0,219418,219418
okvqa_val_545175,COCO_val2014_000000054517.jpg,shuffled_mask,E:\Bridging\annotation\stage3_paperpack72_labelme\paperpack81_final_assets\exported_masks\COCO_val2014_000000054517\shuffled.png,2496534162,0.579194,0,219418,219418
okvqa_val_5588545,COCO_val2014_000000558854.jpg,random_control_01,E:\Bridging\annotation\stage3_paperpack72_labelme\paperpack81_final_assets\exported_masks\COCO_val2014_000000558854\random16\random_control_01.png,1976431315,0.707502,0,141785,141785
okvqa_val_5588545,COCO_val2014_000000558854.jpg,random_control_02,E:\Bridging\annotation\stage3_paperpack72_labelme\paperpack81_final_assets\exported_masks\COCO_val2014_000000558854\random16\random_control_02.png,3314916418,0.713797,0,141785,141785
okvqa_val_5588545,COCO_val2014_000000558854.jpg,random_control_03,E:\Bridging\annotation\stage3_paperpack72_labelme\paperpack81_final_assets\exported_masks\COCO_val2014_000000558854\random16\random_control_03.png,3214221152,0.740483,0,141785,141785
okvqa_val_5588545,COCO_val2014_000000558854.jpg,random_control_04,E:\Bridging\annotation\stage3_paperpack72_labelme\paperpack81_final_assets\exported_masks\COCO_val2014_000000558854\random16\random_control_04.png,984423914,0.71993,0,141785,141785
okvqa_val_5588545,COCO_val2014_000000558854.jpg,random_control_05,E:\Bridging\annotation\stage3_paperpack72_labelme\paperpack81_final_assets\exported_masks\COCO_val2014_000000558854\random16\random_control_05.png,2464834759,0.694301,0,141785,141785
okvqa_val_5588545,COCO_val2014_000000558854.jpg,random_control_06,E:\Bridging\annotation\stage3_paperpack72_labelme\paperpack81_final_assets\exported_masks\COCO_val2014_000000558854\random16\random_control_06.png,3942416303,0.72596,0,141785,141785
okvqa_val_5588545,COCO_val2014_000000558854.jpg,random_control_07,E:\Bridging\annotation\stage3_paperpack72_labelme\paperpack81_final_assets\exported_masks\COCO_val2014_000000558854\random16\random_control_07.png,77322822,0.703307,0,141785,141785
okvqa_val_5588545,COCO_val2014_000000558854.jpg,random_control_08,E:\Bridging\annotation\stage3_paperpack72_labelme\paperpack81_final_assets\exported_masks\COCO_val2014_000000558854\random16\random_control_08.png,4288025482,0.726065,0,141785,141785
okvqa_val_5588545,COCO_val2014_000000558854.jpg,random_control_09,E:\Bridging\annotation\stage3_paperpack72_labelme\paperpack81_final_assets\exported_masks\COCO_val2014_000000558854\random16\random_control_09.png,1850712358,0.706752,0,141785,141785
okvqa_val_5588545,COCO_val2014_000000558854.jpg,random_control_10,E:\Bridging\annotation\stage3_paperpack72_labelme\paperpack81_final_assets\exported_masks\COCO_val2014_000000558854\random16\random_control_10.png,736022618,0.702581,0,141785,141785
okvqa_val_5588545,COCO_val2014_000000558854.jpg,random_control_11,E:\Bridging\annotation\stage3_paperpack72_labelme\paperpack81_final_assets\exported_masks\COCO_val2014_000000558854\random16\random_control_11.png,4090524085,0.711955,0,141785,141785
okvqa_val_5588545,COCO_val2014_000000558854.jpg,random_control_12,E:\Bridging\annotation\stage3_paperpack72_labelme\paperpack81_final_assets\exported_masks\COCO_val2014_000000558854\random16\random_control_12.png,2633122958,0.716868,0,141785,141785
okvqa_val_5588545,COCO_val2014_000000558854.jpg,random_control_13,E:\Bridging\annotation\stage3_paperpack72_labelme\paperpack81_final_assets\exported_masks\COCO_val2014_000000558854\random16\random_control_13.png,797314313,0.70156,0,141785,141785
okvqa_val_5588545,COCO_val2014_000000558854.jpg,random_control_14,E:\Bridging\annotation\stage3_paperpack72_labelme\paperpack81_final_assets\exported_masks\COCO_val2014_000000558854\random16\random_control_14.png,3555191721,0.721736,0,141785,141785
okvqa_val_5588545,COCO_val2014_000000558854.jpg,random_control_15,E:\Bridging\annotation\stage3_paperpack72_labelme\paperpack81_final_assets\exported_masks\COCO_val2014_000000558854\random16\random_control_15.png,1654800121,0.705756,0,141785,141785
okvqa_val_5588545,COCO_val2014_000000558854.jpg,random_control_16,E:\Bridging\annotation\stage3_paperpack72_labelme\paperpack81_final_assets\exported_masks\COCO_val2014_000000558854\random16\random_control_16.png,2709910757,0.720598,0,141785,141785
okvqa_val_5588545,COCO_val2014_000000558854.jpg,shifted_mask,E:\Bridging\annotation\stage3_paperpack72_labelme\paperpack81_final_assets\exported_masks\COCO_val2014_000000558854\shifted.png,,0.792727,0,141785,141785
okvqa_val_5588545,COCO_val2014_000000558854.jpg,shuffled_mask,E:\Bridging\annotation\stage3_paperpack72_labelme\paperpack81_final_assets\exported_masks\COCO_val2014_000000558854\shuffled.png,2690811808,0.718741,0,141785,141785
okvqa_val_5686755,COCO_val2014_000000568675.jpg,random_control_01,E:\Bridging\annotation\stage3_paperpack72_labelme\paperpack81_final_assets\exported_masks\COCO_val2014_000000568675\random16\random_control_01.png,2840278755,0.787835,0,252765,252765
okvqa_val_5686755,COCO_val2014_000000568675.jpg,random_control_02,E:\Bridging\annotation\stage3_paperpack72_labelme\paperpack81_final_assets\exported_masks\COCO_val2014_000000568675\random16\random_control_02.png,1561167691,0.782986,0,252765,252765
okvqa_val_5686755,COCO_val2014_000000568675.jpg,random_control_03,E:\Bridging\annotation\stage3_paperpack72_labelme\paperpack81_final_assets\exported_masks\COCO_val2014_000000568675\random16\random_control_03.png,2330168747,0.797165,0,252765,252765
okvqa_val_5686755,COCO_val2014_000000568675.jpg,random_control_04,E:\Bridging\annotation\stage3_paperpack72_labelme\paperpack81_final_assets\exported_masks\COCO_val2014_000000568675\random16\random_control_04.png,3400271297,0.784698,0,252765,252765
okvqa_val_5686755,COCO_val2014_000000568675.jpg,random_control_05,E:\Bridging\annotation\stage3_paperpack72_labelme\paperpack81_final_assets\exported_masks\COCO_val2014_000000568675\random16\random_control_05.png,996373116,0.771738,0,252765,252765
okvqa_val_5686755,COCO_val2014_000000568675.jpg,random_control_06,E:\Bridging\annotation\stage3_paperpack72_labelme\paperpack81_final_assets\exported_masks\COCO_val2014_000000568675\random16\random_control_06.png,1266110997,0.777769,0,252765,252765
okvqa_val_5686755,COCO_val2014_000000568675.jpg,random_control_07,E:\Bridging\annotation\stage3_paperpack72_labelme\paperpack81_final_assets\exported_masks\COCO_val2014_000000568675\random16\random_control_07.png,583656190,0.778601,0,252765,252765
okvqa_val_5686755,COCO_val2014_000000568675.jpg,random_control_08,E:\Bridging\annotation\stage3_paperpack72_labelme\paperpack81_final_assets\exported_masks\COCO_val2014_000000568675\random16\random_control_08.png,3899268452,0.785316,0,252765,252765
okvqa_val_5686755,COCO_val2014_000000568675.jpg,random_control_09,E:\Bridging\annotation\stage3_paperpack72_labelme\paperpack81_final_assets\exported_masks\COCO_val2014_000000568675\random16\random_control_09.png,3827823733,0.782382,0,252765,252765
okvqa_val_5686755,COCO_val2014_000000568675.jpg,random_control_10,E:\Bridging\annotation\stage3_paperpack72_labelme\paperpack81_final_assets\exported_masks\COCO_val2014_000000568675\random16\random_control_10.png,897131751,0.793194,0,252765,252765
okvqa_val_5686755,COCO_val2014_000000568675.jpg,random_control_11,E:\Bridging\annotation\stage3_paperpack72_labelme\paperpack81_final_assets\exported_masks\COCO_val2014_000000568675\random16\random_control_11.png,2355576720,0.808189,0,252765,252765
okvqa_val_5686755,COCO_val2014_000000568675.jpg,random_control_12,E:\Bridging\annotation\stage3_paperpack72_labelme\paperpack81_final_assets\exported_masks\COCO_val2014_000000568675\random16\random_control_12.png,1564004110,0.787652,0,252765,252765
okvqa_val_5686755,COCO_val2014_000000568675.jpg,random_control_13,E:\Bridging\annotation\stage3_paperpack72_labelme\paperpack81_final_assets\exported_masks\COCO_val2014_000000568675\random16\random_control_13.png,2789350816,0.790158,0,252765,252765
okvqa_val_5686755,COCO_val2014_000000568675.jpg,random_control_14,E:\Bridging\annotation\stage3_paperpack72_labelme\paperpack81_final_assets\exported_masks\COCO_val2014_000000568675\random16\random_control_14.png,1665702731,0.785518,0,252765,252765
okvqa_val_5686755,COCO_val2014_000000568675.jpg,random_control_15,E:\Bridging\annotation\stage3_paperpack72_labelme\paperpack81_final_assets\exported_masks\COCO_val2014_000000568675\random16\random_control_15.png,4066754789,0.797165,0,252765,252765
okvqa_val_5686755,COCO_val2014_000000568675.jpg,random_control_16,E:\Bridging\annotation\stage3_paperpack72_labelme\paperpack81_final_assets\exported_masks\COCO_val2014_000000568675\random16\random_control_16.png,2133820844,0.780662,0,252765,252765
okvqa_val_5686755,COCO_val2014_000000568675.jpg,shifted_mask,E:\Bridging\annotation\stage3_paperpack72_labelme\paperpack81_final_assets\exported_masks\COCO_val2014_000000568675\shifted.png,,0.769462,0,252765,252765
okvqa_val_5686755,COCO_val2014_000000568675.jpg,shuffled_mask,E:\Bridging\annotation\stage3_paperpack72_labelme\paperpack81_final_assets\exported_masks\COCO_val2014_000000568675\shuffled.png,871919160,0.786767,0,252765,252765
okvqa_val_606415,COCO_val2014_000000060641.jpg,random_control_01,E:\Bridging\annotation\stage3_paperpack72_labelme\paperpack81_final_assets\exported_masks\COCO_val2014_000000060641\random16\random_control_01.png,2266094682,0.293206,0,119855,119855
okvqa_val_606415,COCO_val2014_000000060641.jpg,random_control_02,E:\Bridging\annotation\stage3_paperpack72_labelme\paperpack81_final_assets\exported_masks\COCO_val2014_000000060641\random16\random_control_02.png,1891931049,0.311066,0,119855,119855
okvqa_val_606415,COCO_val2014_000000060641.jpg,random_control_03,E:\Bridging\annotation\stage3_paperpack72_labelme\paperpack81_final_assets\exported_masks\COCO_val2014_000000060641\random16\random_control_03.png,656170965,0.300122,0,119855,119855
okvqa_val_606415,COCO_val2014_000000060641.jpg,random_control_04,E:\Bridging\annotation\stage3_paperpack72_labelme\paperpack81_final_assets\exported_masks\COCO_val2014_000000060641\random16\random_control_04.png,2250844322,0.28758,0,119855,119855
okvqa_val_606415,COCO_val2014_000000060641.jpg,random_control_05,E:\Bridging\annotation\stage3_paperpack72_labelme\paperpack81_final_assets\exported_masks\COCO_val2014_000000060641\random16\random_control_05.png,1901973290,0.292711,0,119855,119855
okvqa_val_606415,COCO_val2014_000000060641.jpg,random_control_06,E:\Bridging\annotation\stage3_paperpack72_labelme\paperpack81_final_assets\exported_masks\COCO_val2014_000000060641\random16\random_control_06.png,3683877426,0.310464,0,119855,119855
okvqa_val_606415,COCO_val2014_000000060641.jpg,random_control_07,E:\Bridging\annotation\stage3_paperpack72_labelme\paperpack81_final_assets\exported_masks\COCO_val2014_000000060641\random16\random_control_07.png,1006743496,0.305838,0,119855,119855
okvqa_val_606415,COCO_val2014_000000060641.jpg,random_control_08,E:\Bridging\annotation\stage3_paperpack72_labelme\paperpack81_final_assets\exported_masks\COCO_val2014_000000060641\random16\random_control_08.png,115281507,0.317551,0,119855,119855
okvqa_val_606415,COCO_val2014_000000060641.jpg,random_control_09,E:\Bridging\annotation\stage3_paperpack72_labelme\paperpack81_final_assets\exported_masks\COCO_val2014_000000060641\random16\random_control_09.png,2507946039,0.302956,0,119855,119855
okvqa_val_606415,COCO_val2014_000000060641.jpg,random_control_10,E:\Bridging\annotation\stage3_paperpack72_labelme\paperpack81_final_assets\exported_masks\COCO_val2014_000000060641\random16\random_control_10.png,4184121865,0.300637,0,119855,119855
okvqa_val_606415,COCO_val2014_000000060641.jpg,random_control_11,E:\Bridging\annotation\stage3_paperpack72_labelme\paperpack81_final_assets\exported_masks\COCO_val2014_000000060641\random16\random_control_11.png,3330915397,0.292537,0,119855,119855
okvqa_val_606415,COCO_val2014_000000060641.jpg,random_control_12,E:\Bridging\annotation\stage3_paperpack72_labelme\paperpack81_final_assets\exported_masks\COCO_val2014_000000060641\random16\random_control_12.png,1864288379,0.278562,0,119855,119855
okvqa_val_606415,COCO_val2014_000000060641.jpg,random_control_13,E:\Bridging\annotation\stage3_paperpack72_labelme\paperpack81_final_assets\exported_masks\COCO_val2014_000000060641\random16\random_control_13.png,219406154,0.29269,0,119855,119855
okvqa_val_606415,COCO_val2014_000000060641.jpg,random_control_14,E:\Bridging\annotation\stage3_paperpack72_labelme\paperpack81_final_assets\exported_masks\COCO_val2014_000000060641\random16\random_control_14.png,1937099106,0.276547,0,119855,119855
okvqa_val_606415,COCO_val2014_000000060641.jpg,random_control_15,E:\Bridging\annotation\stage3_paperpack72_labelme\paperpack81_final_assets\exported_masks\COCO_val2014_000000060641\random16\random_control_15.png,3841554898,0.295821,0,119855,119855
okvqa_val_606415,COCO_val2014_000000060641.jpg,random_control_16,E:\Bridging\annotation\stage3_paperpack72_labelme\paperpack81_final_assets\exported_masks\COCO_val2014_000000060641\random16\random_control_16.png,2577417272,0.29031,0,119855,119855
okvqa_val_606415,COCO_val2014_000000060641.jpg,shifted_mask,E:\Bridging\annotation\stage3_paperpack72_labelme\paperpack81_final_assets\exported_masks\COCO_val2014_000000060641\shifted.png,,0.405792,0,119855,119855
okvqa_val_606415,COCO_val2014_000000060641.jpg,shuffled_mask,E:\Bridging\annotation\stage3_paperpack72_labelme\paperpack81_final_assets\exported_masks\COCO_val2014_000000060641\shuffled.png,1318356700,0.296395,0,119855,119855
okvqa_val_619435,COCO_val2014_000000061943.jpg,random_control_01,E:\Bridging\annotation\stage3_paperpack72_labelme\paperpack81_final_assets\exported_masks\COCO_val2014_000000061943\random16\random_control_01.png,2358621635,0.0683293,1,71280,71280
okvqa_val_619435,COCO_val2014_000000061943.jpg,random_control_02,E:\Bridging\annotation\stage3_paperpack72_labelme\paperpack81_final_assets\exported_masks\COCO_val2014_000000061943\random16\random_control_02.png,193231600,0.0944938,1,71280,71280
okvqa_val_619435,COCO_val2014_000000061943.jpg,random_control_03,E:\Bridging\annotation\stage3_paperpack72_labelme\paperpack81_final_assets\exported_masks\COCO_val2014_000000061943\random16\random_control_03.png,2003612245,0.090642,1,71280,71280
okvqa_val_619435,COCO_val2014_000000061943.jpg,random_control_04,E:\Bridging\annotation\stage3_paperpack72_labelme\paperpack81_final_assets\exported_masks\COCO_val2014_000000061943\random16\random_control_04.png,2675267965,0.0708169,1,71280,71280
okvqa_val_619435,COCO_val2014_000000061943.jpg,random_control_05,E:\Bridging\annotation\stage3_paperpack72_labelme\paperpack81_final_assets\exported_masks\COCO_val2014_000000061943\random16\random_control_05.png,2697052655,0.0859894,1,71280,71280
okvqa_val_619435,COCO_val2014_000000061943.jpg,random_control_06,E:\Bridging\annotation\stage3_paperpack72_labelme\paperpack81_final_assets\exported_masks\COCO_val2014_000000061943\random16\random_control_06.png,1964782471,0.0935702,1,71280,71280
okvqa_val_619435,COCO_val2014_000000061943.jpg,random_control_07,E:\Bridging\annotation\stage3_paperpack72_labelme\paperpack81_final_assets\exported_masks\COCO_val2014_000000061943\random16\random_control_07.png,3143772246,0.0808844,1,71280,71280
okvqa_val_619435,COCO_val2014_000000061943.jpg,random_control_08,E:\Bridging\annotation\stage3_paperpack72_labelme\paperpack81_final_assets\exported_masks\COCO_val2014_000000061943\random16\random_control_08.png,396754744,0.0970204,1,71280,71280
okvqa_val_619435,COCO_val2014_000000061943.jpg,random_control_09,E:\Bridging\annotation\stage3_paperpack72_labelme\paperpack81_final_assets\exported_masks\COCO_val2014_000000061943\random16\random_control_09.png,3398556570,0.0575981,1,71280,71280
okvqa_val_619435,COCO_val2014_000000061943.jpg,random_control_10,E:\Bridging\annotation\stage3_paperpack72_labelme\paperpack81_final_assets\exported_masks\COCO_val2014_000000061943\random16\random_control_10.png,3654702984,0.0961769,1,71280,71280
okvqa_val_619435,COCO_val2014_000000061943.jpg,random_control_11,E:\Bridging\annotation\stage3_paperpack72_labelme\paperpack81_final_assets\exported_masks\COCO_val2014_000000061943\random16\random_control_11.png,4128849093,0.0822793,1,71280,71280
okvqa_val_619435,COCO_val2014_000000061943.jpg,random_control_12,E:\Bridging\annotation\stage3_paperpack72_labelme\paperpack81_final_assets\exported_masks\COCO_val2014_000000061943\random16\random_control_12.png,1783332842,0.0665948,1,71280,71280
okvqa_val_619435,COCO_val2014_000000061943.jpg,random_control_13,E:\Bridging\annotation\stage3_paperpack72_labelme\paperpack81_final_assets\exported_masks\COCO_val2014_000000061943\random16\random_control_13.png,2786316007,0.0734212,1,71280,71280
okvqa_val_619435,COCO_val2014_000000061943.jpg,random_control_14,E:\Bridging\annotation\stage3_paperpack72_labelme\paperpack81_final_assets\exported_masks\COCO_val2014_000000061943\random16\random_control_14.png,1143399290,0.0886432,1,71280,71280
okvqa_val_619435,COCO_val2014_000000061943.jpg,random_control_15,E:\Bridging\annotation\stage3_paperpack72_labelme\paperpack81_final_assets\exported_masks\COCO_val2014_000000061943\random16\random_control_15.png,3517161078,0.0954189,1,71280,71280
okvqa_val_619435,COCO_val2014_000000061943.jpg,random_control_16,E:\Bridging\annotation\stage3_paperpack72_labelme\paperpack81_final_assets\exported_masks\COCO_val2014_000000061943\random16\random_control_16.png,4234140977,0.0747727,1,71280,71280
okvqa_val_619435,COCO_val2014_000000061943.jpg,shifted_mask,E:\Bridging\annotation\stage3_paperpack72_labelme\paperpack81_final_assets\exported_masks\COCO_val2014_000000061943\shifted.png,,0.166459,0,71280,71280
okvqa_val_619435,COCO_val2014_000000061943.jpg,shuffled_mask,E:\Bridging\annotation\stage3_paperpack72_labelme\paperpack81_final_assets\exported_masks\COCO_val2014_000000061943\shuffled.png,218469389,0.0911429,1,71280,71280
okvqa_val_802195,COCO_val2014_000000080219.jpg,random_control_01,E:\Bridging\annotation\stage3_paperpack72_labelme\paperpack81_final_assets\exported_masks\COCO_val2014_000000080219\random16\random_control_01.png,3657575910,0.232285,0,120828,120828
okvqa_val_802195,COCO_val2014_000000080219.jpg,random_control_02,E:\Bridging\annotation\stage3_paperpack72_labelme\paperpack81_final_assets\exported_masks\COCO_val2014_000000080219\random16\random_control_02.png,3649544421,0.24547,0,120828,120828
okvqa_val_802195,COCO_val2014_000000080219.jpg,random_control_03,E:\Bridging\annotation\stage3_paperpack72_labelme\paperpack81_final_assets\exported_masks\COCO_val2014_000000080219\random16\random_control_03.png,886125852,0.248326,0,120828,120828
okvqa_val_802195,COCO_val2014_000000080219.jpg,random_control_04,E:\Bridging\annotation\stage3_paperpack72_labelme\paperpack81_final_assets\exported_masks\COCO_val2014_000000080219\random16\random_control_04.png,3093220727,0.243854,0,120828,120828
okvqa_val_802195,COCO_val2014_000000080219.jpg,random_control_05,E:\Bridging\annotation\stage3_paperpack72_labelme\paperpack81_final_assets\exported_masks\COCO_val2014_000000080219\random16\random_control_05.png,869896229,0.192721,0,120828,120828
okvqa_val_802195,COCO_val2014_000000080219.jpg,random_control_06,E:\Bridging\annotation\stage3_paperpack72_labelme\paperpack81_final_assets\exported_masks\COCO_val2014_000000080219\random16\random_control_06.png,1360289439,0.219789,0,120828,120828
okvqa_val_802195,COCO_val2014_000000080219.jpg,random_control_07,E:\Bridging\annotation\stage3_paperpack72_labelme\paperpack81_final_assets\exported_masks\COCO_val2014_000000080219\random16\random_control_07.png,131504457,0.262716,0,120828,120828
okvqa_val_802195,COCO_val2014_000000080219.jpg,random_control_08,E:\Bridging\annotation\stage3_paperpack72_labelme\paperpack81_final_assets\exported_masks\COCO_val2014_000000080219\random16\random_control_08.png,1510259505,0.218663,0,120828,120828
okvqa_val_802195,COCO_val2014_000000080219.jpg,random_control_09,E:\Bridging\annotation\stage3_paperpack72_labelme\paperpack81_final_assets\exported_masks\COCO_val2014_000000080219\random16\random_control_09.png,3447442749,0.223525,0,120828,120828
okvqa_val_802195,COCO_val2014_000000080219.jpg,random_control_10,E:\Bridging\annotation\stage3_paperpack72_labelme\paperpack81_final_assets\exported_masks\COCO_val2014_000000080219\random16\random_control_10.png,3354068840,0.206235,0,120828,120828
okvqa_val_802195,COCO_val2014_000000080219.jpg,random_control_11,E:\Bridging\annotation\stage3_paperpack72_labelme\paperpack81_final_assets\exported_masks\COCO_val2014_000000080219\random16\random_control_11.png,56345068,0.251779,0,120828,120828
okvqa_val_802195,COCO_val2014_000000080219.jpg,random_control_12,E:\Bridging\annotation\stage3_paperpack72_labelme\paperpack81_final_assets\exported_masks\COCO_val2014_000000080219\random16\random_control_12.png,2631121109,0.252487,0,120828,120828
okvqa_val_802195,COCO_val2014_000000080219.jpg,random_control_13,E:\Bridging\annotation\stage3_paperpack72_labelme\paperpack81_final_assets\exported_masks\COCO_val2014_000000080219\random16\random_control_13.png,1677426373,0.232065,0,120828,120828
okvqa_val_802195,COCO_val2014_000000080219.jpg,random_control_14,E:\Bridging\annotation\stage3_paperpack72_labelme\paperpack81_final_assets\exported_masks\COCO_val2014_000000080219\random16\random_control_14.png,583679854,0.259235,0,120828,120828
okvqa_val_802195,COCO_val2014_000000080219.jpg,random_control_15,E:\Bridging\annotation\stage3_paperpack72_labelme\paperpack81_final_assets\exported_masks\COCO_val2014_000000080219\random16\random_control_15.png,1112468455,0.237687,0,120828,120828
okvqa_val_802195,COCO_val2014_000000080219.jpg,random_control_16,E:\Bridging\annotation\stage3_paperpack72_labelme\paperpack81_final_assets\exported_masks\COCO_val2014_000000080219\random16\random_control_16.png,4172413425,0.214889,0,120828,120828
okvqa_val_802195,COCO_val2014_000000080219.jpg,shifted_mask,E:\Bridging\annotation\stage3_paperpack72_labelme\paperpack81_final_assets\exported_masks\COCO_val2014_000000080219\shifted.png,,0.434024,0,120828,120828
okvqa_val_802195,COCO_val2014_000000080219.jpg,shuffled_mask,E:\Bridging\annotation\stage3_paperpack72_labelme\paperpack81_final_assets\exported_masks\COCO_val2014_000000080219\shuffled.png,2856834820,0.241152,0,120828,120828
okvqa_val_922445,COCO_val2014_000000092244.jpg,random_control_01,E:\Bridging\annotation\stage3_paperpack72_labelme\paperpack81_final_assets\exported_masks\COCO_val2014_000000092244\random16\random_control_01.png,3573020325,0.136544,0,122387,122387
okvqa_val_922445,COCO_val2014_000000092244.jpg,random_control_02,E:\Bridging\annotation\stage3_paperpack72_labelme\paperpack81_final_assets\exported_masks\COCO_val2014_000000092244\random16\random_control_02.png,819522197,0.1315,0,122387,122387
okvqa_val_922445,COCO_val2014_000000092244.jpg,random_control_03,E:\Bridging\annotation\stage3_paperpack72_labelme\paperpack81_final_assets\exported_masks\COCO_val2014_000000092244\random16\random_control_03.png,3236460027,0.157258,0,122387,122387
okvqa_val_922445,COCO_val2014_000000092244.jpg,random_control_04,E:\Bridging\annotation\stage3_paperpack72_labelme\paperpack81_final_assets\exported_masks\COCO_val2014_000000092244\random16\random_control_04.png,3228427973,0.137193,0,122387,122387
okvqa_val_922445,COCO_val2014_000000092244.jpg,random_control_05,E:\Bridging\annotation\stage3_paperpack72_labelme\paperpack81_final_assets\exported_masks\COCO_val2014_000000092244\random16\random_control_05.png,609573019,0.1315,0,122387,122387
okvqa_val_922445,COCO_val2014_000000092244.jpg,random_control_06,E:\Bridging\annotation\stage3_paperpack72_labelme\paperpack81_final_assets\exported_masks\COCO_val2014_000000092244\random16\random_control_06.png,3753560535,0.14428,0,122387,122387
okvqa_val_922445,COCO_val2014_000000092244.jpg,random_control_07,E:\Bridging\annotation\stage3_paperpack72_labelme\paperpack81_final_assets\exported_masks\COCO_val2014_000000092244\random16\random_control_07.png,2520466687,0.131479,0,122387,122387
okvqa_val_922445,COCO_val2014_000000092244.jpg,random_control_08,E:\Bridging\annotation\stage3_paperpack72_labelme\paperpack81_final_assets\exported_masks\COCO_val2014_000000092244\random16\random_control_08.png,1106661365,0.1315,0,122387,122387
okvqa_val_922445,COCO_val2014_000000092244.jpg,random_control_09,E:\Bridging\annotation\stage3_paperpack72_labelme\paperpack81_final_assets\exported_masks\COCO_val2014_000000092244\random16\random_control_09.png,1668613416,0.134016,0,122387,122387
okvqa_val_922445,COCO_val2014_000000092244.jpg,random_control_10,E:\Bridging\annotation\stage3_paperpack72_labelme\paperpack81_final_assets\exported_masks\COCO_val2014_000000092244\random16\random_control_10.png,2872491288,0.148882,0,122387,122387
okvqa_val_922445,COCO_val2014_000000092244.jpg,random_control_11,E:\Bridging\annotation\stage3_paperpack72_labelme\paperpack81_final_assets\exported_masks\COCO_val2014_000000092244\random16\random_control_11.png,3203001033,0.168981,0,122387,122387
okvqa_val_922445,COCO_val2014_000000092244.jpg,random_control_12,E:\Bridging\annotation\stage3_paperpack72_labelme\paperpack81_final_assets\exported_masks\COCO_val2014_000000092244\random16\random_control_12.png,2773348891,0.174128,0,122387,122387
okvqa_val_922445,COCO_val2014_000000092244.jpg,random_control_13,E:\Bridging\annotation\stage3_paperpack72_labelme\paperpack81_final_assets\exported_masks\COCO_val2014_000000092244\random16\random_control_13.png,2507965960,0.167074,0,122387,122387
okvqa_val_922445,COCO_val2014_000000092244.jpg,random_control_14,E:\Bridging\annotation\stage3_paperpack72_labelme\paperpack81_final_assets\exported_masks\COCO_val2014_000000092244\random16\random_control_14.png,2296059514,0.190437,0,122387,122387
okvqa_val_922445,COCO_val2014_000000092244.jpg,random_control_15,E:\Bridging\annotation\stage3_paperpack72_labelme\paperpack81_final_assets\exported_masks\COCO_val2014_000000092244\random16\random_control_15.png,2064378048,0.153849,0,122387,122387
okvqa_val_922445,COCO_val2014_000000092244.jpg,random_control_16,E:\Bridging\annotation\stage3_paperpack72_labelme\paperpack81_final_assets\exported_masks\COCO_val2014_000000092244\random16\random_control_16.png,1299300808,0.130847,0,122387,122387
okvqa_val_922445,COCO_val2014_000000092244.jpg,shifted_mask,E:\Bridging\annotation\stage3_paperpack72_labelme\paperpack81_final_assets\exported_masks\COCO_val2014_000000092244\shifted.png,,0.142107,0,122387,122387
okvqa_val_922445,COCO_val2014_000000092244.jpg,shuffled_mask,E:\Bridging\annotation\stage3_paperpack72_labelme\paperpack81_final_assets\exported_masks\COCO_val2014_000000092244\shuffled.png,2756479306,0.132746,0,122387,122387
okvqa_val_00327,COCO_val2014_000000299493.jpg,random_control_01,E:\Bridging\annotation\stage3_paperpack72_labelme\paperpack81_final_assets\exported_masks\COCO_val2014_000000299493\random16\random_control_01.png,2956870491,0.39191,0,136703,136703
okvqa_val_00327,COCO_val2014_000000299493.jpg,random_control_02,E:\Bridging\annotation\stage3_paperpack72_labelme\paperpack81_final_assets\exported_masks\COCO_val2014_000000299493\random16\random_control_02.png,1764866453,0.405976,0,136703,136703
okvqa_val_00327,COCO_val2014_000000299493.jpg,random_control_03,E:\Bridging\annotation\stage3_paperpack72_labelme\paperpack81_final_assets\exported_masks\COCO_val2014_000000299493\random16\random_control_03.png,3062591118,0.412615,0,136703,136703
okvqa_val_00327,COCO_val2014_000000299493.jpg,random_control_04,E:\Bridging\annotation\stage3_paperpack72_labelme\paperpack81_final_assets\exported_masks\COCO_val2014_000000299493\random16\random_control_04.png,1850623555,0.435715,0,136703,136703
okvqa_val_00327,COCO_val2014_000000299493.jpg,random_control_05,E:\Bridging\annotation\stage3_paperpack72_labelme\paperpack81_final_assets\exported_masks\COCO_val2014_000000299493\random16\random_control_05.png,2352645424,0.39879,0,136703,136703
okvqa_val_00327,COCO_val2014_000000299493.jpg,random_control_06,E:\Bridging\annotation\stage3_paperpack72_labelme\paperpack81_final_assets\exported_masks\COCO_val2014_000000299493\random16\random_control_06.png,1306911906,0.381739,0,136703,136703
okvqa_val_00327,COCO_val2014_000000299493.jpg,random_control_07,E:\Bridging\annotation\stage3_paperpack72_labelme\paperpack81_final_assets\exported_masks\COCO_val2014_000000299493\random16\random_control_07.png,2785897241,0.422759,0,136703,136703
okvqa_val_00327,COCO_val2014_000000299493.jpg,random_control_08,E:\Bridging\annotation\stage3_paperpack72_labelme\paperpack81_final_assets\exported_masks\COCO_val2014_000000299493\random16\random_control_08.png,304614044,0.388835,0,136703,136703
okvqa_val_00327,COCO_val2014_000000299493.jpg,random_control_09,E:\Bridging\annotation\stage3_paperpack72_labelme\paperpack81_final_assets\exported_masks\COCO_val2014_000000299493\random16\random_control_09.png,2470743608,0.428663,0,136703,136703
okvqa_val_00327,COCO_val2014_000000299493.jpg,random_control_10,E:\Bridging\annotation\stage3_paperpack72_labelme\paperpack81_final_assets\exported_masks\COCO_val2014_000000299493\random16\random_control_10.png,2417610445,0.419561,0,136703,136703
okvqa_val_00327,COCO_val2014_000000299493.jpg,random_control_11,E:\Bridging\annotation\stage3_paperpack72_labelme\paperpack81_final_assets\exported_masks\COCO_val2014_000000299493\random16\random_control_11.png,3485636861,0.37632,0,136703,136703
okvqa_val_00327,COCO_val2014_000000299493.jpg,random_control_12,E:\Bridging\annotation\stage3_paperpack72_labelme\paperpack81_final_assets\exported_masks\COCO_val2014_000000299493\random16\random_control_12.png,487017612,0.406648,0,136703,136703
okvqa_val_00327,COCO_val2014_000000299493.jpg,random_control_13,E:\Bridging\annotation\stage3_paperpack72_labelme\paperpack81_final_assets\exported_masks\COCO_val2014_000000299493\random16\random_control_13.png,2481024244,0.430075,0,136703,136703
okvqa_val_00327,COCO_val2014_000000299493.jpg,random_control_14,E:\Bridging\annotation\stage3_paperpack72_labelme\paperpack81_final_assets\exported_masks\COCO_val2014_000000299493\random16\random_control_14.png,4267071769,0.435473,0,136703,136703
okvqa_val_00327,COCO_val2014_000000299493.jpg,random_control_15,E:\Bridging\annotation\stage3_paperpack72_labelme\paperpack81_final_assets\exported_masks\COCO_val2014_000000299493\random16\random_control_15.png,1196177357,0.418515,0,136703,136703
okvqa_val_00327,COCO_val2014_000000299493.jpg,random_control_16,E:\Bridging\annotation\stage3_paperpack72_labelme\paperpack81_final_assets\exported_masks\COCO_val2014_000000299493\random16\random_control_16.png,3099362371,0.391061,0,136703,136703
okvqa_val_00327,COCO_val2014_000000299493.jpg,shifted_mask,E:\Bridging\annotation\stage3_paperpack72_labelme\paperpack81_final_assets\exported_masks\COCO_val2014_000000299493\shifted.png,,0.4068,0,136703,136703
okvqa_val_00327,COCO_val2014_000000299493.jpg,shuffled_mask,E:\Bridging\annotation\stage3_paperpack72_labelme\paperpack81_final_assets\exported_masks\COCO_val2014_000000299493\shuffled.png,1809755524,0.414552,0,136703,136703
okvqa_val_00528,COCO_val2014_000000081361.jpg,random_control_01,E:\Bridging\annotation\stage3_paperpack72_labelme\paperpack81_final_assets\exported_masks\COCO_val2014_000000081361\random16\random_control_01.png,2724490952,0.494912,0,123609,123609
okvqa_val_00528,COCO_val2014_000000081361.jpg,random_control_02,E:\Bridging\annotation\stage3_paperpack72_labelme\paperpack81_final_assets\exported_masks\COCO_val2014_000000081361\random16\random_control_02.png,1894940130,0.468346,0,123609,123609
okvqa_val_00528,COCO_val2014_000000081361.jpg,random_control_03,E:\Bridging\annotation\stage3_paperpack72_labelme\paperpack81_final_assets\exported_masks\COCO_val2014_000000081361\random16\random_control_03.png,3353889505,0.447378,0,123609,123609
okvqa_val_00528,COCO_val2014_000000081361.jpg,random_control_04,E:\Bridging\annotation\stage3_paperpack72_labelme\paperpack81_final_assets\exported_masks\COCO_val2014_000000081361\random16\random_control_04.png,2159703195,0.466351,0,123609,123609
okvqa_val_00528,COCO_val2014_000000081361.jpg,random_control_05,E:\Bridging\annotation\stage3_paperpack72_labelme\paperpack81_final_assets\exported_masks\COCO_val2014_000000081361\random16\random_control_05.png,4055999219,0.463963,0,123609,123609
okvqa_val_00528,COCO_val2014_000000081361.jpg,random_control_06,E:\Bridging\annotation\stage3_paperpack72_labelme\paperpack81_final_assets\exported_masks\COCO_val2014_000000081361\random16\random_control_06.png,1950110581,0.460366,0,123609,123609
okvqa_val_00528,COCO_val2014_000000081361.jpg,random_control_07,E:\Bridging\annotation\stage3_paperpack72_labelme\paperpack81_final_assets\exported_masks\COCO_val2014_000000081361\random16\random_control_07.png,334924032,0.48758,0,123609,123609
okvqa_val_00528,COCO_val2014_000000081361.jpg,random_control_08,E:\Bridging\annotation\stage3_paperpack72_labelme\paperpack81_final_assets\exported_masks\COCO_val2014_000000081361\random16\random_control_08.png,1299505209,0.452907,0,123609,123609
okvqa_val_00528,COCO_val2014_000000081361.jpg,random_control_09,E:\Bridging\annotation\stage3_paperpack72_labelme\paperpack81_final_assets\exported_masks\COCO_val2014_000000081361\random16\random_control_09.png,1765919275,0.469716,0,123609,123609
okvqa_val_00528,COCO_val2014_000000081361.jpg,random_control_10,E:\Bridging\annotation\stage3_paperpack72_labelme\paperpack81_final_assets\exported_masks\COCO_val2014_000000081361\random16\random_control_10.png,4117664896,0.458049,0,123609,123609
okvqa_val_00528,COCO_val2014_000000081361.jpg,random_control_11,E:\Bridging\annotation\stage3_paperpack72_labelme\paperpack81_final_assets\exported_masks\COCO_val2014_000000081361\random16\random_control_11.png,1258832660,0.460823,0,123609,123609
okvqa_val_00528,COCO_val2014_000000081361.jpg,random_control_12,E:\Bridging\annotation\stage3_paperpack72_labelme\paperpack81_final_assets\exported_masks\COCO_val2014_000000081361\random16\random_control_12.png,2606780224,0.444866,0,123609,123609
okvqa_val_00528,COCO_val2014_000000081361.jpg,random_control_13,E:\Bridging\annotation\stage3_paperpack72_labelme\paperpack81_final_assets\exported_masks\COCO_val2014_000000081361\random16\random_control_13.png,2280710511,0.454514,0,123609,123609
okvqa_val_00528,COCO_val2014_000000081361.jpg,random_control_14,E:\Bridging\annotation\stage3_paperpack72_labelme\paperpack81_final_assets\exported_masks\COCO_val2014_000000081361\random16\random_control_14.png,1845297934,0.452907,0,123609,123609
okvqa_val_00528,COCO_val2014_000000081361.jpg,random_control_15,E:\Bridging\annotation\stage3_paperpack72_labelme\paperpack81_final_assets\exported_masks\COCO_val2014_000000081361\random16\random_control_15.png,3400534394,0.458565,0,123609,123609
okvqa_val_00528,COCO_val2014_000000081361.jpg,random_control_16,E:\Bridging\annotation\stage3_paperpack72_labelme\paperpack81_final_assets\exported_masks\COCO_val2014_000000081361\random16\random_control_16.png,2137448522,0.497374,0,123609,123609
okvqa_val_00528,COCO_val2014_000000081361.jpg,shifted_mask,E:\Bridging\annotation\stage3_paperpack72_labelme\paperpack81_final_assets\exported_masks\COCO_val2014_000000081361\shifted.png,,0.606397,0,123609,123609
okvqa_val_00528,COCO_val2014_000000081361.jpg,shuffled_mask,E:\Bridging\annotation\stage3_paperpack72_labelme\paperpack81_final_assets\exported_masks\COCO_val2014_000000081361\shuffled.png,4280385761,0.463746,0,123609,123609
okvqa_val_00912,COCO_val2014_000000245481.jpg,random_control_01,E:\Bridging\annotation\stage3_paperpack72_labelme\paperpack81_final_assets\exported_masks\COCO_val2014_000000245481\random16\random_control_01.png,711589036,0.0489925,1,67831,67831
okvqa_val_00912,COCO_val2014_000000245481.jpg,random_control_02,E:\Bridging\annotation\stage3_paperpack72_labelme\paperpack81_final_assets\exported_masks\COCO_val2014_000000245481\random16\random_control_02.png,3452178424,0.0256523,1,67831,67831
okvqa_val_00912,COCO_val2014_000000245481.jpg,random_control_03,E:\Bridging\annotation\stage3_paperpack72_labelme\paperpack81_final_assets\exported_masks\COCO_val2014_000000245481\random16\random_control_03.png,1926206635,0,1,67831,67831
okvqa_val_00912,COCO_val2014_000000245481.jpg,random_control_04,E:\Bridging\annotation\stage3_paperpack72_labelme\paperpack81_final_assets\exported_masks\COCO_val2014_000000245481\random16\random_control_04.png,3295637789,0.0957716,1,67831,67831
okvqa_val_00912,COCO_val2014_000000245481.jpg,random_control_05,E:\Bridging\annotation\stage3_paperpack72_labelme\paperpack81_final_assets\exported_masks\COCO_val2014_000000245481\random16\random_control_05.png,2625561145,0.0530965,1,67831,67831
okvqa_val_00912,COCO_val2014_000000245481.jpg,random_control_06,E:\Bridging\annotation\stage3_paperpack72_labelme\paperpack81_final_assets\exported_masks\COCO_val2014_000000245481\random16\random_control_06.png,319966446,0.0531456,1,67831,67831
okvqa_val_00912,COCO_val2014_000000245481.jpg,random_control_07,E:\Bridging\annotation\stage3_paperpack72_labelme\paperpack81_final_assets\exported_masks\COCO_val2014_000000245481\random16\random_control_07.png,3834769898,0.0641826,1,67831,67831
okvqa_val_00912,COCO_val2014_000000245481.jpg,random_control_08,E:\Bridging\annotation\stage3_paperpack72_labelme\paperpack81_final_assets\exported_masks\COCO_val2014_000000245481\random16\random_control_08.png,2719197839,0.0411032,1,67831,67831
okvqa_val_00912,COCO_val2014_000000245481.jpg,random_control_09,E:\Bridging\annotation\stage3_paperpack72_labelme\paperpack81_final_assets\exported_masks\COCO_val2014_000000245481\random16\random_control_09.png,4093177128,0.07092,1,67831,67831
okvqa_val_00912,COCO_val2014_000000245481.jpg,random_control_10,E:\Bridging\annotation\stage3_paperpack72_labelme\paperpack81_final_assets\exported_masks\COCO_val2014_000000245481\random16\random_control_10.png,3983186687,0,1,67831,67831
okvqa_val_00912,COCO_val2014_000000245481.jpg,random_control_11,E:\Bridging\annotation\stage3_paperpack72_labelme\paperpack81_final_assets\exported_masks\COCO_val2014_000000245481\random16\random_control_11.png,2320363473,0.0885879,1,67831,67831
okvqa_val_00912,COCO_val2014_000000245481.jpg,random_control_12,E:\Bridging\annotation\stage3_paperpack72_labelme\paperpack81_final_assets\exported_masks\COCO_val2014_000000245481\random16\random_control_12.png,3999558050,0.0923218,1,67831,67831
okvqa_val_00912,COCO_val2014_000000245481.jpg,random_control_13,E:\Bridging\annotation\stage3_paperpack72_labelme\paperpack81_final_assets\exported_masks\COCO_val2014_000000245481\random16\random_control_13.png,3870636291,0.0711906,1,67831,67831
okvqa_val_00912,COCO_val2014_000000245481.jpg,random_control_14,E:\Bridging\annotation\stage3_paperpack72_labelme\paperpack81_final_assets\exported_masks\COCO_val2014_000000245481\random16\random_control_14.png,2833161363,0.0285216,1,67831,67831
okvqa_val_00912,COCO_val2014_000000245481.jpg,random_control_15,E:\Bridging\annotation\stage3_paperpack72_labelme\paperpack81_final_assets\exported_masks\COCO_val2014_000000245481\random16\random_control_15.png,4146251770,0.0451135,1,67831,67831
okvqa_val_00912,COCO_val2014_000000245481.jpg,random_control_16,E:\Bridging\annotation\stage3_paperpack72_labelme\paperpack81_final_assets\exported_masks\COCO_val2014_000000245481\random16\random_control_16.png,3325630196,0.099261,1,67831,67831
okvqa_val_00912,COCO_val2014_000000245481.jpg,shifted_mask,E:\Bridging\annotation\stage3_paperpack72_labelme\paperpack81_final_assets\exported_masks\COCO_val2014_000000245481\shifted.png,,0.123579,0,67831,67831
okvqa_val_00912,COCO_val2014_000000245481.jpg,shuffled_mask,E:\Bridging\annotation\stage3_paperpack72_labelme\paperpack81_final_assets\exported_masks\COCO_val2014_000000245481\shuffled.png,70360055,0.0932373,1,67831,67831
okvqa_val_01162,COCO_val2014_000000443844.jpg,random_control_01,E:\Bridging\annotation\stage3_paperpack72_labelme\paperpack81_final_assets\exported_masks\COCO_val2014_000000443844\random16\random_control_01.png,2760688792,0.0609201,1,75755,75755
okvqa_val_01162,COCO_val2014_000000443844.jpg,random_control_02,E:\Bridging\annotation\stage3_paperpack72_labelme\paperpack81_final_assets\exported_masks\COCO_val2014_000000443844\random16\random_control_02.png,857802036,0.0807167,1,75755,75755
okvqa_val_01162,COCO_val2014_000000443844.jpg,random_control_03,E:\Bridging\annotation\stage3_paperpack72_labelme\paperpack81_final_assets\exported_masks\COCO_val2014_000000443844\random16\random_control_03.png,843280236,0.0084867,1,75755,75755
okvqa_val_01162,COCO_val2014_000000443844.jpg,random_control_04,E:\Bridging\annotation\stage3_paperpack72_labelme\paperpack81_final_assets\exported_masks\COCO_val2014_000000443844\random16\random_control_04.png,1959953514,0.0113477,1,75755,75755
okvqa_val_01162,COCO_val2014_000000443844.jpg,random_control_05,E:\Bridging\annotation\stage3_paperpack72_labelme\paperpack81_final_assets\exported_masks\COCO_val2014_000000443844\random16\random_control_05.png,110292479,0.0305821,1,75755,75755
okvqa_val_01162,COCO_val2014_000000443844.jpg,random_control_06,E:\Bridging\annotation\stage3_paperpack72_labelme\paperpack81_final_assets\exported_masks\COCO_val2014_000000443844\random16\random_control_06.png,242986782,0.0574252,1,75755,75755
okvqa_val_01162,COCO_val2014_000000443844.jpg,random_control_07,E:\Bridging\annotation\stage3_paperpack72_labelme\paperpack81_final_assets\exported_masks\COCO_val2014_000000443844\random16\random_control_07.png,3767963124,0.0796155,1,75755,75755
okvqa_val_01162,COCO_val2014_000000443844.jpg,random_control_08,E:\Bridging\annotation\stage3_paperpack72_labelme\paperpack81_final_assets\exported_masks\COCO_val2014_000000443844\random16\random_control_08.png,1969192896,0,1,75755,75755
okvqa_val_01162,COCO_val2014_000000443844.jpg,random_control_09,E:\Bridging\annotation\stage3_paperpack72_labelme\paperpack81_final_assets\exported_masks\COCO_val2014_000000443844\random16\random_control_09.png,2486617288,0.0217831,1,75755,75755
okvqa_val_01162,COCO_val2014_000000443844.jpg,random_control_10,E:\Bridging\annotation\stage3_paperpack72_labelme\paperpack81_final_assets\exported_masks\COCO_val2014_000000443844\random16\random_control_10.png,1115474815,0,1,75755,75755
okvqa_val_01162,COCO_val2014_000000443844.jpg,random_control_11,E:\Bridging\annotation\stage3_paperpack72_labelme\paperpack81_final_assets\exported_masks\COCO_val2014_000000443844\random16\random_control_11.png,2357862131,0.0159592,1,75755,75755
okvqa_val_01162,COCO_val2014_000000443844.jpg,random_control_12,E:\Bridging\annotation\stage3_paperpack72_labelme\paperpack81_final_assets\exported_masks\COCO_val2014_000000443844\random16\random_control_12.png,3221368058,0,1,75755,75755
okvqa_val_01162,COCO_val2014_000000443844.jpg,random_control_13,E:\Bridging\annotation\stage3_paperpack72_labelme\paperpack81_final_assets\exported_masks\COCO_val2014_000000443844\random16\random_control_13.png,3993834529,0.014225,1,75755,75755
okvqa_val_01162,COCO_val2014_000000443844.jpg,random_control_14,E:\Bridging\annotation\stage3_paperpack72_labelme\paperpack81_final_assets\exported_masks\COCO_val2014_000000443844\random16\random_control_14.png,396887627,0.0667239,1,75755,75755
okvqa_val_01162,COCO_val2014_000000443844.jpg,random_control_15,E:\Bridging\annotation\stage3_paperpack72_labelme\paperpack81_final_assets\exported_masks\COCO_val2014_000000443844\random16\random_control_15.png,2134061141,0,1,75755,75755
okvqa_val_01162,COCO_val2014_000000443844.jpg,random_control_16,E:\Bridging\annotation\stage3_paperpack72_labelme\paperpack81_final_assets\exported_masks\COCO_val2014_000000443844\random16\random_control_16.png,3591712843,0.00281299,1,75755,75755
okvqa_val_01162,COCO_val2014_000000443844.jpg,shifted_mask,E:\Bridging\annotation\stage3_paperpack72_labelme\paperpack81_final_assets\exported_masks\COCO_val2014_000000443844\shifted.png,,0,1,75755,75755
okvqa_val_01162,COCO_val2014_000000443844.jpg,shuffled_mask,E:\Bridging\annotation\stage3_paperpack72_labelme\paperpack81_final_assets\exported_masks\COCO_val2014_000000443844\shuffled.png,3276592446,0.00621621,1,75755,75755
okvqa_val_01804,COCO_val2014_000000345456.jpg,random_control_01,E:\Bridging\annotation\stage3_paperpack72_labelme\paperpack81_final_assets\exported_masks\COCO_val2014_000000345456\random16\random_control_01.png,4008888778,0.465694,0,113946,113946
okvqa_val_01804,COCO_val2014_000000345456.jpg,random_control_02,E:\Bridging\annotation\stage3_paperpack72_labelme\paperpack81_final_assets\exported_masks\COCO_val2014_000000345456\random16\random_control_02.png,489892293,0.423418,0,113946,113946
okvqa_val_01804,COCO_val2014_000000345456.jpg,random_control_03,E:\Bridging\annotation\stage3_paperpack72_labelme\paperpack81_final_assets\exported_masks\COCO_val2014_000000345456\random16\random_control_03.png,2638651866,0.447126,0,113946,113946
okvqa_val_01804,COCO_val2014_000000345456.jpg,random_control_04,E:\Bridging\annotation\stage3_paperpack72_labelme\paperpack81_final_assets\exported_masks\COCO_val2014_000000345456\random16\random_control_04.png,1411409486,0.45193,0,113946,113946
okvqa_val_01804,COCO_val2014_000000345456.jpg,random_control_05,E:\Bridging\annotation\stage3_paperpack72_labelme\paperpack81_final_assets\exported_masks\COCO_val2014_000000345456\random16\random_control_05.png,3853683411,0.460135,0,113946,113946
okvqa_val_01804,COCO_val2014_000000345456.jpg,random_control_06,E:\Bridging\annotation\stage3_paperpack72_labelme\paperpack81_final_assets\exported_masks\COCO_val2014_000000345456\random16\random_control_06.png,1686052575,0.452874,0,113946,113946
okvqa_val_01804,COCO_val2014_000000345456.jpg,random_control_07,E:\Bridging\annotation\stage3_paperpack72_labelme\paperpack81_final_assets\exported_masks\COCO_val2014_000000345456\random16\random_control_07.png,3849863499,0.423418,0,113946,113946
okvqa_val_01804,COCO_val2014_000000345456.jpg,random_control_08,E:\Bridging\annotation\stage3_paperpack72_labelme\paperpack81_final_assets\exported_masks\COCO_val2014_000000345456\random16\random_control_08.png,3277502025,0.447981,0,113946,113946
okvqa_val_01804,COCO_val2014_000000345456.jpg,random_control_09,E:\Bridging\annotation\stage3_paperpack72_labelme\paperpack81_final_assets\exported_masks\COCO_val2014_000000345456\random16\random_control_09.png,2113684264,0.449455,0,113946,113946
okvqa_val_01804,COCO_val2014_000000345456.jpg,random_control_10,E:\Bridging\annotation\stage3_paperpack72_labelme\paperpack81_final_assets\exported_masks\COCO_val2014_000000345456\random16\random_control_10.png,3679126649,0.453652,0,113946,113946
okvqa_val_01804,COCO_val2014_000000345456.jpg,random_control_11,E:\Bridging\annotation\stage3_paperpack72_labelme\paperpack81_final_assets\exported_masks\COCO_val2014_000000345456\random16\random_control_11.png,2841491884,0.454293,0,113946,113946
okvqa_val_01804,COCO_val2014_000000345456.jpg,random_control_12,E:\Bridging\annotation\stage3_paperpack72_labelme\paperpack81_final_assets\exported_masks\COCO_val2014_000000345456\random16\random_control_12.png,3295655835,0.453041,0,113946,113946
okvqa_val_01804,COCO_val2014_000000345456.jpg,random_control_13,E:\Bridging\annotation\stage3_paperpack72_labelme\paperpack81_final_assets\exported_masks\COCO_val2014_000000345456\random16\random_control_13.png,1598754901,0.438767,0,113946,113946
okvqa_val_01804,COCO_val2014_000000345456.jpg,random_control_14,E:\Bridging\annotation\stage3_paperpack72_labelme\paperpack81_final_assets\exported_masks\COCO_val2014_000000345456\random16\random_control_14.png,138223861,0.465864,0,113946,113946
okvqa_val_01804,COCO_val2014_000000345456.jpg,random_control_15,E:\Bridging\annotation\stage3_paperpack72_labelme\paperpack81_final_assets\exported_masks\COCO_val2014_000000345456\random16\random_control_15.png,2336930215,0.454293,0,113946,113946
okvqa_val_01804,COCO_val2014_000000345456.jpg,random_control_16,E:\Bridging\annotation\stage3_paperpack72_labelme\paperpack81_final_assets\exported_masks\COCO_val2014_000000345456\random16\random_control_16.png,746805158,0.451209,0,113946,113946
okvqa_val_01804,COCO_val2014_000000345456.jpg,shifted_mask,E:\Bridging\annotation\stage3_paperpack72_labelme\paperpack81_final_assets\exported_masks\COCO_val2014_000000345456\shifted.png,,0.513117,0,113946,113946
okvqa_val_01804,COCO_val2014_000000345456.jpg,shuffled_mask,E:\Bridging\annotation\stage3_paperpack72_labelme\paperpack81_final_assets\exported_masks\COCO_val2014_000000345456\shuffled.png,1276789169,0.479761,0,113946,113946
okvqa_val_01938,COCO_val2014_000000356263.jpg,random_control_01,E:\Bridging\annotation\stage3_paperpack72_labelme\paperpack81_final_assets\exported_masks\COCO_val2014_000000356263\random16\random_control_01.png,4245132351,0.552695,0,184624,184624
okvqa_val_01938,COCO_val2014_000000356263.jpg,random_control_02,E:\Bridging\annotation\stage3_paperpack72_labelme\paperpack81_final_assets\exported_masks\COCO_val2014_000000356263\random16\random_control_02.png,2716396265,0.549561,0,184624,184624
okvqa_val_01938,COCO_val2014_000000356263.jpg,random_control_03,E:\Bridging\annotation\stage3_paperpack72_labelme\paperpack81_final_assets\exported_masks\COCO_val2014_000000356263\random16\random_control_03.png,489047312,0.570566,0,184624,184624
okvqa_val_01938,COCO_val2014_000000356263.jpg,random_control_04,E:\Bridging\annotation\stage3_paperpack72_labelme\paperpack81_final_assets\exported_masks\COCO_val2014_000000356263\random16\random_control_04.png,1963559240,0.585007,0,184624,184624
okvqa_val_01938,COCO_val2014_000000356263.jpg,random_control_05,E:\Bridging\annotation\stage3_paperpack72_labelme\paperpack81_final_assets\exported_masks\COCO_val2014_000000356263\random16\random_control_05.png,276028833,0.549971,0,184624,184624
okvqa_val_01938,COCO_val2014_000000356263.jpg,random_control_06,E:\Bridging\annotation\stage3_paperpack72_labelme\paperpack81_final_assets\exported_masks\COCO_val2014_000000356263\random16\random_control_06.png,3560550586,0.532944,0,184624,184624
okvqa_val_01938,COCO_val2014_000000356263.jpg,random_control_07,E:\Bridging\annotation\stage3_paperpack72_labelme\paperpack81_final_assets\exported_masks\COCO_val2014_000000356263\random16\random_control_07.png,863351025,0.502242,0,184624,184624
okvqa_val_01938,COCO_val2014_000000356263.jpg,random_control_08,E:\Bridging\annotation\stage3_paperpack72_labelme\paperpack81_final_assets\exported_masks\COCO_val2014_000000356263\random16\random_control_08.png,107714546,0.499332,0,184624,184624
okvqa_val_01938,COCO_val2014_000000356263.jpg,random_control_09,E:\Bridging\annotation\stage3_paperpack72_labelme\paperpack81_final_assets\exported_masks\COCO_val2014_000000356263\random16\random_control_09.png,4159529386,0.552212,0,184624,184624
okvqa_val_01938,COCO_val2014_000000356263.jpg,random_control_10,E:\Bridging\annotation\stage3_paperpack72_labelme\paperpack81_final_assets\exported_masks\COCO_val2014_000000356263\random16\random_control_10.png,3389160474,0.547937,0,184624,184624
okvqa_val_01938,COCO_val2014_000000356263.jpg,random_control_11,E:\Bridging\annotation\stage3_paperpack72_labelme\paperpack81_final_assets\exported_masks\COCO_val2014_000000356263\random16\random_control_11.png,2047548603,0.521142,0,184624,184624
okvqa_val_01938,COCO_val2014_000000356263.jpg,random_control_12,E:\Bridging\annotation\stage3_paperpack72_labelme\paperpack81_final_assets\exported_masks\COCO_val2014_000000356263\random16\random_control_12.png,2952345093,0.566216,0,184624,184624
okvqa_val_01938,COCO_val2014_000000356263.jpg,random_control_13,E:\Bridging\annotation\stage3_paperpack72_labelme\paperpack81_final_assets\exported_masks\COCO_val2014_000000356263\random16\random_control_13.png,3721184560,0.511039,0,184624,184624
okvqa_val_01938,COCO_val2014_000000356263.jpg,random_control_14,E:\Bridging\annotation\stage3_paperpack72_labelme\paperpack81_final_assets\exported_masks\COCO_val2014_000000356263\random16\random_control_14.png,3815010079,0.521762,0,184624,184624
okvqa_val_01938,COCO_val2014_000000356263.jpg,random_control_15,E:\Bridging\annotation\stage3_paperpack72_labelme\paperpack81_final_assets\exported_masks\COCO_val2014_000000356263\random16\random_control_15.png,2980790092,0.551377,0,184624,184624
okvqa_val_01938,COCO_val2014_000000356263.jpg,random_control_16,E:\Bridging\annotation\stage3_paperpack72_labelme\paperpack81_final_assets\exported_masks\COCO_val2014_000000356263\random16\random_control_16.png,1859062489,0.529022,0,184624,184624
okvqa_val_01938,COCO_val2014_000000356263.jpg,shifted_mask,E:\Bridging\annotation\stage3_paperpack72_labelme\paperpack81_final_assets\exported_masks\COCO_val2014_000000356263\shifted.png,,0.665215,0,184624,184624
okvqa_val_01938,COCO_val2014_000000356263.jpg,shuffled_mask,E:\Bridging\annotation\stage3_paperpack72_labelme\paperpack81_final_assets\exported_masks\COCO_val2014_000000356263\shuffled.png,94842248,0.542473,0,184624,184624
okvqa_val_02121,COCO_val2014_000000057345.jpg,random_control_01,E:\Bridging\annotation\stage3_paperpack72_labelme\paperpack81_final_assets\exported_masks\COCO_val2014_000000057345\random16\random_control_01.png,1240403505,0.850285,0,274512,274512
okvqa_val_02121,COCO_val2014_000000057345.jpg,random_control_02,E:\Bridging\annotation\stage3_paperpack72_labelme\paperpack81_final_assets\exported_masks\COCO_val2014_000000057345\random16\random_control_02.png,366842441,0.862134,0,274512,274512
okvqa_val_02121,COCO_val2014_000000057345.jpg,random_control_03,E:\Bridging\annotation\stage3_paperpack72_labelme\paperpack81_final_assets\exported_masks\COCO_val2014_000000057345\random16\random_control_03.png,1791050853,0.866629,0,274512,274512
okvqa_val_02121,COCO_val2014_000000057345.jpg,random_control_04,E:\Bridging\annotation\stage3_paperpack72_labelme\paperpack81_final_assets\exported_masks\COCO_val2014_000000057345\random16\random_control_04.png,246117149,0.857547,0,274512,274512
okvqa_val_02121,COCO_val2014_000000057345.jpg,random_control_05,E:\Bridging\annotation\stage3_paperpack72_labelme\paperpack81_final_assets\exported_masks\COCO_val2014_000000057345\random16\random_control_05.png,2830133415,0.880728,0,274512,274512
okvqa_val_02121,COCO_val2014_000000057345.jpg,random_control_06,E:\Bridging\annotation\stage3_paperpack72_labelme\paperpack81_final_assets\exported_masks\COCO_val2014_000000057345\random16\random_control_06.png,870662394,0.844876,0,274512,274512
okvqa_val_02121,COCO_val2014_000000057345.jpg,random_control_07,E:\Bridging\annotation\stage3_paperpack72_labelme\paperpack81_final_assets\exported_masks\COCO_val2014_000000057345\random16\random_control_07.png,4219675882,0.851183,0,274512,274512
okvqa_val_02121,COCO_val2014_000000057345.jpg,random_control_08,E:\Bridging\annotation\stage3_paperpack72_labelme\paperpack81_final_assets\exported_masks\COCO_val2014_000000057345\random16\random_control_08.png,282873511,0.8413,0,274512,274512
okvqa_val_02121,COCO_val2014_000000057345.jpg,random_control_09,E:\Bridging\annotation\stage3_paperpack72_labelme\paperpack81_final_assets\exported_masks\COCO_val2014_000000057345\random16\random_control_09.png,2695541546,0.875024,0,274512,274512
okvqa_val_02121,COCO_val2014_000000057345.jpg,random_control_10,E:\Bridging\annotation\stage3_paperpack72_labelme\paperpack81_final_assets\exported_masks\COCO_val2014_000000057345\random16\random_control_10.png,2578111592,0.854805,0,274512,274512
okvqa_val_02121,COCO_val2014_000000057345.jpg,random_control_11,E:\Bridging\annotation\stage3_paperpack72_labelme\paperpack81_final_assets\exported_masks\COCO_val2014_000000057345\random16\random_control_11.png,605662755,0.861199,0,274512,274512
okvqa_val_02121,COCO_val2014_000000057345.jpg,random_control_12,E:\Bridging\annotation\stage3_paperpack72_labelme\paperpack81_final_assets\exported_masks\COCO_val2014_000000057345\random16\random_control_12.png,3390742954,0.857522,0,274512,274512
okvqa_val_02121,COCO_val2014_000000057345.jpg,random_control_13,E:\Bridging\annotation\stage3_paperpack72_labelme\paperpack81_final_assets\exported_masks\COCO_val2014_000000057345\random16\random_control_13.png,4074320479,0.8413,0,274512,274512
okvqa_val_02121,COCO_val2014_000000057345.jpg,random_control_14,E:\Bridging\annotation\stage3_paperpack72_labelme\paperpack81_final_assets\exported_masks\COCO_val2014_000000057345\random16\random_control_14.png,494995828,0.849375,0,274512,274512
okvqa_val_02121,COCO_val2014_000000057345.jpg,random_control_15,E:\Bridging\annotation\stage3_paperpack72_labelme\paperpack81_final_assets\exported_masks\COCO_val2014_000000057345\random16\random_control_15.png,2828629094,0.8413,0,274512,274512
okvqa_val_02121,COCO_val2014_000000057345.jpg,random_control_16,E:\Bridging\annotation\stage3_paperpack72_labelme\paperpack81_final_assets\exported_masks\COCO_val2014_000000057345\random16\random_control_16.png,76506134,0.854798,0,274512,274512
okvqa_val_02121,COCO_val2014_000000057345.jpg,shifted_mask,E:\Bridging\annotation\stage3_paperpack72_labelme\paperpack81_final_assets\exported_masks\COCO_val2014_000000057345\shifted.png,,0.8413,0,274512,274512
okvqa_val_02121,COCO_val2014_000000057345.jpg,shuffled_mask,E:\Bridging\annotation\stage3_paperpack72_labelme\paperpack81_final_assets\exported_masks\COCO_val2014_000000057345\shuffled.png,796924709,0.851183,0,274512,274512
okvqa_val_02184,COCO_val2014_000000039961.jpg,random_control_01,E:\Bridging\annotation\stage3_paperpack72_labelme\paperpack81_final_assets\exported_masks\COCO_val2014_000000039961\random16\random_control_01.png,2427041541,0.200721,0,88956,88956
okvqa_val_02184,COCO_val2014_000000039961.jpg,random_control_02,E:\Bridging\annotation\stage3_paperpack72_labelme\paperpack81_final_assets\exported_masks\COCO_val2014_000000039961\random16\random_control_02.png,154437456,0.195308,0,88956,88956
okvqa_val_02184,COCO_val2014_000000039961.jpg,random_control_03,E:\Bridging\annotation\stage3_paperpack72_labelme\paperpack81_final_assets\exported_masks\COCO_val2014_000000039961\random16\random_control_03.png,2538158430,0.214682,0,88956,88956
okvqa_val_02184,COCO_val2014_000000039961.jpg,random_control_04,E:\Bridging\annotation\stage3_paperpack72_labelme\paperpack81_final_assets\exported_masks\COCO_val2014_000000039961\random16\random_control_04.png,3524179483,0.198044,0,88956,88956
okvqa_val_02184,COCO_val2014_000000039961.jpg,random_control_05,E:\Bridging\annotation\stage3_paperpack72_labelme\paperpack81_final_assets\exported_masks\COCO_val2014_000000039961\random16\random_control_05.png,2641165291,0.195308,0,88956,88956
okvqa_val_02184,COCO_val2014_000000039961.jpg,random_control_06,E:\Bridging\annotation\stage3_paperpack72_labelme\paperpack81_final_assets\exported_masks\COCO_val2014_000000039961\random16\random_control_06.png,2576561899,0.186879,0,88956,88956
okvqa_val_02184,COCO_val2014_000000039961.jpg,random_control_07,E:\Bridging\annotation\stage3_paperpack72_labelme\paperpack81_final_assets\exported_masks\COCO_val2014_000000039961\random16\random_control_07.png,3979642808,0.203539,0,88956,88956
okvqa_val_02184,COCO_val2014_000000039961.jpg,random_control_08,E:\Bridging\annotation\stage3_paperpack72_labelme\paperpack81_final_assets\exported_masks\COCO_val2014_000000039961\random16\random_control_08.png,4091862208,0.237597,0,88956,88956
okvqa_val_02184,COCO_val2014_000000039961.jpg,random_control_09,E:\Bridging\annotation\stage3_paperpack72_labelme\paperpack81_final_assets\exported_masks\COCO_val2014_000000039961\random16\random_control_09.png,813036539,0.21498,0,88956,88956
okvqa_val_02184,COCO_val2014_000000039961.jpg,random_control_10,E:\Bridging\annotation\stage3_paperpack72_labelme\paperpack81_final_assets\exported_masks\COCO_val2014_000000039961\random16\random_control_10.png,2582887615,0.204533,0,88956,88956
okvqa_val_02184,COCO_val2014_000000039961.jpg,random_control_11,E:\Bridging\annotation\stage3_paperpack72_labelme\paperpack81_final_assets\exported_masks\COCO_val2014_000000039961\random16\random_control_11.png,3597114569,0.194971,0,88956,88956
okvqa_val_02184,COCO_val2014_000000039961.jpg,random_control_12,E:\Bridging\annotation\stage3_paperpack72_labelme\paperpack81_final_assets\exported_masks\COCO_val2014_000000039961\random16\random_control_12.png,3531690554,0.196675,0,88956,88956
okvqa_val_02184,COCO_val2014_000000039961.jpg,random_control_13,E:\Bridging\annotation\stage3_paperpack72_labelme\paperpack81_final_assets\exported_masks\COCO_val2014_000000039961\random16\random_control_13.png,1455679868,0.204615,0,88956,88956
okvqa_val_02184,COCO_val2014_000000039961.jpg,random_control_14,E:\Bridging\annotation\stage3_paperpack72_labelme\paperpack81_final_assets\exported_masks\COCO_val2014_000000039961\random16\random_control_14.png,2192227517,0.223251,0,88956,88956
okvqa_val_02184,COCO_val2014_000000039961.jpg,random_control_15,E:\Bridging\annotation\stage3_paperpack72_labelme\paperpack81_final_assets\exported_masks\COCO_val2014_000000039961\random16\random_control_15.png,2387851254,0.201086,0,88956,88956
okvqa_val_02184,COCO_val2014_000000039961.jpg,random_control_16,E:\Bridging\annotation\stage3_paperpack72_labelme\paperpack81_final_assets\exported_masks\COCO_val2014_000000039961\random16\random_control_16.png,212847964,0.228835,0,88956,88956
okvqa_val_02184,COCO_val2014_000000039961.jpg,shifted_mask,E:\Bridging\annotation\stage3_paperpack72_labelme\paperpack81_final_assets\exported_masks\COCO_val2014_000000039961\shifted.png,,0.0847036,1,88956,88956
okvqa_val_02184,COCO_val2014_000000039961.jpg,shuffled_mask,E:\Bridging\annotation\stage3_paperpack72_labelme\paperpack81_final_assets\exported_masks\COCO_val2014_000000039961\shuffled.png,3472297251,0.193944,0,88956,88956
okvqa_val_03085,COCO_val2014_000000334566.jpg,random_control_01,E:\Bridging\annotation\stage3_paperpack72_labelme\paperpack81_final_assets\exported_masks\COCO_val2014_000000334566\random16\random_control_01.png,3855953620,0.0860921,1,75062,75062
okvqa_val_03085,COCO_val2014_000000334566.jpg,random_control_02,E:\Bridging\annotation\stage3_paperpack72_labelme\paperpack81_final_assets\exported_masks\COCO_val2014_000000334566\random16\random_control_02.png,3250565255,0.0549528,1,75062,75062
okvqa_val_03085,COCO_val2014_000000334566.jpg,random_control_03,E:\Bridging\annotation\stage3_paperpack72_labelme\paperpack81_final_assets\exported_masks\COCO_val2014_000000334566\random16\random_control_03.png,3861784795,0.0978952,1,75062,75062
okvqa_val_03085,COCO_val2014_000000334566.jpg,random_control_04,E:\Bridging\annotation\stage3_paperpack72_labelme\paperpack81_final_assets\exported_masks\COCO_val2014_000000334566\random16\random_control_04.png,499148277,0.0754639,1,75062,75062
okvqa_val_03085,COCO_val2014_000000334566.jpg,random_control_05,E:\Bridging\annotation\stage3_paperpack72_labelme\paperpack81_final_assets\exported_masks\COCO_val2014_000000334566\random16\random_control_05.png,1086393146,0.0658885,1,75062,75062
okvqa_val_03085,COCO_val2014_000000334566.jpg,random_control_06,E:\Bridging\annotation\stage3_paperpack72_labelme\paperpack81_final_assets\exported_masks\COCO_val2014_000000334566\random16\random_control_06.png,4081720253,0.0508617,1,75062,75062
okvqa_val_03085,COCO_val2014_000000334566.jpg,random_control_07,E:\Bridging\annotation\stage3_paperpack72_labelme\paperpack81_final_assets\exported_masks\COCO_val2014_000000334566\random16\random_control_07.png,2197571288,0.0637737,1,75062,75062
okvqa_val_03085,COCO_val2014_000000334566.jpg,random_control_08,E:\Bridging\annotation\stage3_paperpack72_labelme\paperpack81_final_assets\exported_masks\COCO_val2014_000000334566\random16\random_control_08.png,1649773603,0.0457959,1,75062,75062
okvqa_val_03085,COCO_val2014_000000334566.jpg,random_control_09,E:\Bridging\annotation\stage3_paperpack72_labelme\paperpack81_final_assets\exported_masks\COCO_val2014_000000334566\random16\random_control_09.png,2101572649,0.0715795,1,75062,75062
okvqa_val_03085,COCO_val2014_000000334566.jpg,random_control_10,E:\Bridging\annotation\stage3_paperpack72_labelme\paperpack81_final_assets\exported_masks\COCO_val2014_000000334566\random16\random_control_10.png,4200858155,0.0932261,1,75062,75062
okvqa_val_03085,COCO_val2014_000000334566.jpg,random_control_11,E:\Bridging\annotation\stage3_paperpack72_labelme\paperpack81_final_assets\exported_masks\COCO_val2014_000000334566\random16\random_control_11.png,1316894621,0.090241,1,75062,75062
okvqa_val_03085,COCO_val2014_000000334566.jpg,random_control_12,E:\Bridging\annotation\stage3_paperpack72_labelme\paperpack81_final_assets\exported_masks\COCO_val2014_000000334566\random16\random_control_12.png,875670008,0.0423468,1,75062,75062
okvqa_val_03085,COCO_val2014_000000334566.jpg,random_control_13,E:\Bridging\annotation\stage3_paperpack72_labelme\paperpack81_final_assets\exported_masks\COCO_val2014_000000334566\random16\random_control_13.png,352039042,0.0687492,1,75062,75062
okvqa_val_03085,COCO_val2014_000000334566.jpg,random_control_14,E:\Bridging\annotation\stage3_paperpack72_labelme\paperpack81_final_assets\exported_masks\COCO_val2014_000000334566\random16\random_control_14.png,713145950,0.0959876,1,75062,75062
okvqa_val_03085,COCO_val2014_000000334566.jpg,random_control_15,E:\Bridging\annotation\stage3_paperpack72_labelme\paperpack81_final_assets\exported_masks\COCO_val2014_000000334566\random16\random_control_15.png,386712535,0.0731268,1,75062,75062
okvqa_val_03085,COCO_val2014_000000334566.jpg,random_control_16,E:\Bridging\annotation\stage3_paperpack72_labelme\paperpack81_final_assets\exported_masks\COCO_val2014_000000334566\random16\random_control_16.png,3862398838,0.0483959,1,75062,75062
okvqa_val_03085,COCO_val2014_000000334566.jpg,shifted_mask,E:\Bridging\annotation\stage3_paperpack72_labelme\paperpack81_final_assets\exported_masks\COCO_val2014_000000334566\shifted.png,,0.0856994,1,75062,75062
okvqa_val_03085,COCO_val2014_000000334566.jpg,shuffled_mask,E:\Bridging\annotation\stage3_paperpack72_labelme\paperpack81_final_assets\exported_masks\COCO_val2014_000000334566\shuffled.png,3053376491,0.0905657,1,75062,75062
okvqa_val_03506,COCO_val2014_000000206831.jpg,random_control_01,E:\Bridging\annotation\stage3_paperpack72_labelme\paperpack81_final_assets\exported_masks\COCO_val2014_000000206831\random16\random_control_01.png,587278139,0.813249,0,232988,232988
okvqa_val_03506,COCO_val2014_000000206831.jpg,random_control_02,E:\Bridging\annotation\stage3_paperpack72_labelme\paperpack81_final_assets\exported_masks\COCO_val2014_000000206831\random16\random_control_02.png,103973758,0.815623,0,232988,232988
okvqa_val_03506,COCO_val2014_000000206831.jpg,random_control_03,E:\Bridging\annotation\stage3_paperpack72_labelme\paperpack81_final_assets\exported_masks\COCO_val2014_000000206831\random16\random_control_03.png,1109087131,0.822069,0,232988,232988
okvqa_val_03506,COCO_val2014_000000206831.jpg,random_control_04,E:\Bridging\annotation\stage3_paperpack72_labelme\paperpack81_final_assets\exported_masks\COCO_val2014_000000206831\random16\random_control_04.png,3828063650,0.815623,0,232988,232988
okvqa_val_03506,COCO_val2014_000000206831.jpg,random_control_05,E:\Bridging\annotation\stage3_paperpack72_labelme\paperpack81_final_assets\exported_masks\COCO_val2014_000000206831\random16\random_control_05.png,612815509,0.826898,0,232988,232988
okvqa_val_03506,COCO_val2014_000000206831.jpg,random_control_06,E:\Bridging\annotation\stage3_paperpack72_labelme\paperpack81_final_assets\exported_masks\COCO_val2014_000000206831\random16\random_control_06.png,3301449174,0.815623,0,232988,232988
okvqa_val_03506,COCO_val2014_000000206831.jpg,random_control_07,E:\Bridging\annotation\stage3_paperpack72_labelme\paperpack81_final_assets\exported_masks\COCO_val2014_000000206831\random16\random_control_07.png,3746902814,0.813249,0,232988,232988
okvqa_val_03506,COCO_val2014_000000206831.jpg,random_control_08,E:\Bridging\annotation\stage3_paperpack72_labelme\paperpack81_final_assets\exported_masks\COCO_val2014_000000206831\random16\random_control_08.png,1275587705,0.822782,0,232988,232988
okvqa_val_03506,COCO_val2014_000000206831.jpg,random_control_09,E:\Bridging\annotation\stage3_paperpack72_labelme\paperpack81_final_assets\exported_masks\COCO_val2014_000000206831\random16\random_control_09.png,3780052091,0.820041,0,232988,232988
okvqa_val_03506,COCO_val2014_000000206831.jpg,random_control_10,E:\Bridging\annotation\stage3_paperpack72_labelme\paperpack81_final_assets\exported_masks\COCO_val2014_000000206831\random16\random_control_10.png,4258709364,0.826512,0,232988,232988
okvqa_val_03506,COCO_val2014_000000206831.jpg,random_control_11,E:\Bridging\annotation\stage3_paperpack72_labelme\paperpack81_final_assets\exported_masks\COCO_val2014_000000206831\random16\random_control_11.png,1169047738,0.820041,0,232988,232988
okvqa_val_03506,COCO_val2014_000000206831.jpg,random_control_12,E:\Bridging\annotation\stage3_paperpack72_labelme\paperpack81_final_assets\exported_masks\COCO_val2014_000000206831\random16\random_control_12.png,4115593242,0.822782,0,232988,232988
okvqa_val_03506,COCO_val2014_000000206831.jpg,random_control_13,E:\Bridging\annotation\stage3_paperpack72_labelme\paperpack81_final_assets\exported_masks\COCO_val2014_000000206831\random16\random_control_13.png,2566073900,0.826898,0,232988,232988
okvqa_val_03506,COCO_val2014_000000206831.jpg,random_control_14,E:\Bridging\annotation\stage3_paperpack72_labelme\paperpack81_final_assets\exported_masks\COCO_val2014_000000206831\random16\random_control_14.png,246412120,0.827257,0,232988,232988
okvqa_val_03506,COCO_val2014_000000206831.jpg,random_control_15,E:\Bridging\annotation\stage3_paperpack72_labelme\paperpack81_final_assets\exported_masks\COCO_val2014_000000206831\random16\random_control_15.png,1908600335,0.820041,0,232988,232988
okvqa_val_03506,COCO_val2014_000000206831.jpg,random_control_16,E:\Bridging\annotation\stage3_paperpack72_labelme\paperpack81_final_assets\exported_masks\COCO_val2014_000000206831\random16\random_control_16.png,254180328,0.829674,0,232988,232988
okvqa_val_03506,COCO_val2014_000000206831.jpg,shifted_mask,E:\Bridging\annotation\stage3_paperpack72_labelme\paperpack81_final_assets\exported_masks\COCO_val2014_000000206831\shifted.png,,0.813249,0,232988,232988
okvqa_val_03506,COCO_val2014_000000206831.jpg,shuffled_mask,E:\Bridging\annotation\stage3_paperpack72_labelme\paperpack81_final_assets\exported_masks\COCO_val2014_000000206831\shuffled.png,2677123495,0.815623,0,232988,232988
okvqa_val_03609,COCO_val2014_000000529507.jpg,random_control_01,E:\Bridging\annotation\stage3_paperpack72_labelme\paperpack81_final_assets\exported_masks\COCO_val2014_000000529507\random16\random_control_01.png,1758505797,0.448633,0,152754,152754
okvqa_val_03609,COCO_val2014_000000529507.jpg,random_control_02,E:\Bridging\annotation\stage3_paperpack72_labelme\paperpack81_final_assets\exported_masks\COCO_val2014_000000529507\random16\random_control_02.png,4036571481,0.434916,0,152754,152754
okvqa_val_03609,COCO_val2014_000000529507.jpg,random_control_03,E:\Bridging\annotation\stage3_paperpack72_labelme\paperpack81_final_assets\exported_masks\COCO_val2014_000000529507\random16\random_control_03.png,3186241747,0.453513,0,152754,152754
okvqa_val_03609,COCO_val2014_000000529507.jpg,random_control_04,E:\Bridging\annotation\stage3_paperpack72_labelme\paperpack81_final_assets\exported_masks\COCO_val2014_000000529507\random16\random_control_04.png,3344530121,0.447645,0,152754,152754
okvqa_val_03609,COCO_val2014_000000529507.jpg,random_control_05,E:\Bridging\annotation\stage3_paperpack72_labelme\paperpack81_final_assets\exported_masks\COCO_val2014_000000529507\random16\random_control_05.png,998080462,0.424399,0,152754,152754
okvqa_val_03609,COCO_val2014_000000529507.jpg,random_control_06,E:\Bridging\annotation\stage3_paperpack72_labelme\paperpack81_final_assets\exported_masks\COCO_val2014_000000529507\random16\random_control_06.png,749918688,0.473876,0,152754,152754
okvqa_val_03609,COCO_val2014_000000529507.jpg,random_control_07,E:\Bridging\annotation\stage3_paperpack72_labelme\paperpack81_final_assets\exported_masks\COCO_val2014_000000529507\random16\random_control_07.png,865882607,0.474766,0,152754,152754
okvqa_val_03609,COCO_val2014_000000529507.jpg,random_control_08,E:\Bridging\annotation\stage3_paperpack72_labelme\paperpack81_final_assets\exported_masks\COCO_val2014_000000529507\random16\random_control_08.png,562439597,0.474303,0,152754,152754
okvqa_val_03609,COCO_val2014_000000529507.jpg,random_control_09,E:\Bridging\annotation\stage3_paperpack72_labelme\paperpack81_final_assets\exported_masks\COCO_val2014_000000529507\random16\random_control_09.png,3841069630,0.465927,0,152754,152754
okvqa_val_03609,COCO_val2014_000000529507.jpg,random_control_10,E:\Bridging\annotation\stage3_paperpack72_labelme\paperpack81_final_assets\exported_masks\COCO_val2014_000000529507\random16\random_control_10.png,2657203194,0.452725,0,152754,152754
okvqa_val_03609,COCO_val2014_000000529507.jpg,random_control_11,E:\Bridging\annotation\stage3_paperpack72_labelme\paperpack81_final_assets\exported_masks\COCO_val2014_000000529507\random16\random_control_11.png,1333882696,0.446164,0,152754,152754
okvqa_val_03609,COCO_val2014_000000529507.jpg,random_control_12,E:\Bridging\annotation\stage3_paperpack72_labelme\paperpack81_final_assets\exported_masks\COCO_val2014_000000529507\random16\random_control_12.png,2620805100,0.417342,0,152754,152754
okvqa_val_03609,COCO_val2014_000000529507.jpg,random_control_13,E:\Bridging\annotation\stage3_paperpack72_labelme\paperpack81_final_assets\exported_masks\COCO_val2014_000000529507\random16\random_control_13.png,4283907040,0.454191,0,152754,152754
okvqa_val_03609,COCO_val2014_000000529507.jpg,random_control_14,E:\Bridging\annotation\stage3_paperpack72_labelme\paperpack81_final_assets\exported_masks\COCO_val2014_000000529507\random16\random_control_14.png,297498233,0.454343,0,152754,152754
okvqa_val_03609,COCO_val2014_000000529507.jpg,random_control_15,E:\Bridging\annotation\stage3_paperpack72_labelme\paperpack81_final_assets\exported_masks\COCO_val2014_000000529507\random16\random_control_15.png,887606996,0.456326,0,152754,152754
okvqa_val_03609,COCO_val2014_000000529507.jpg,random_control_16,E:\Bridging\annotation\stage3_paperpack72_labelme\paperpack81_final_assets\exported_masks\COCO_val2014_000000529507\random16\random_control_16.png,2156657573,0.41908,0,152754,152754
okvqa_val_03609,COCO_val2014_000000529507.jpg,shifted_mask,E:\Bridging\annotation\stage3_paperpack72_labelme\paperpack81_final_assets\exported_masks\COCO_val2014_000000529507\shifted.png,,0.381289,0,152754,152754
okvqa_val_03609,COCO_val2014_000000529507.jpg,shuffled_mask,E:\Bridging\annotation\stage3_paperpack72_labelme\paperpack81_final_assets\exported_masks\COCO_val2014_000000529507\shuffled.png,304452618,0.457882,0,152754,152754
okvqa_val_03979,COCO_val2014_000000302787.jpg,random_control_01,E:\Bridging\annotation\stage3_paperpack72_labelme\paperpack81_final_assets\exported_masks\COCO_val2014_000000302787\random16\random_control_01.png,2267244488,0.0643163,1,80242,80242
okvqa_val_03979,COCO_val2014_000000302787.jpg,random_control_02,E:\Bridging\annotation\stage3_paperpack72_labelme\paperpack81_final_assets\exported_masks\COCO_val2014_000000302787\random16\random_control_02.png,1705626077,0.099876,1,80242,80242
okvqa_val_03979,COCO_val2014_000000302787.jpg,random_control_03,E:\Bridging\annotation\stage3_paperpack72_labelme\paperpack81_final_assets\exported_masks\COCO_val2014_000000302787\random16\random_control_03.png,976185681,0.0895858,1,80242,80242
okvqa_val_03979,COCO_val2014_000000302787.jpg,random_control_04,E:\Bridging\annotation\stage3_paperpack72_labelme\paperpack81_final_assets\exported_masks\COCO_val2014_000000302787\random16\random_control_04.png,2885342362,0.0867672,1,80242,80242
okvqa_val_03979,COCO_val2014_000000302787.jpg,random_control_05,E:\Bridging\annotation\stage3_paperpack72_labelme\paperpack81_final_assets\exported_masks\COCO_val2014_000000302787\random16\random_control_05.png,340950967,0.0680136,1,80242,80242
okvqa_val_03979,COCO_val2014_000000302787.jpg,random_control_06,E:\Bridging\annotation\stage3_paperpack72_labelme\paperpack81_final_assets\exported_masks\COCO_val2014_000000302787\random16\random_control_06.png,1675256330,0.0451239,1,80242,80242
okvqa_val_03979,COCO_val2014_000000302787.jpg,random_control_07,E:\Bridging\annotation\stage3_paperpack72_labelme\paperpack81_final_assets\exported_masks\COCO_val2014_000000302787\random16\random_control_07.png,2527727720,0.0784635,1,80242,80242
okvqa_val_03979,COCO_val2014_000000302787.jpg,random_control_08,E:\Bridging\annotation\stage3_paperpack72_labelme\paperpack81_final_assets\exported_masks\COCO_val2014_000000302787\random16\random_control_08.png,1309143378,0.0471288,1,80242,80242
okvqa_val_03979,COCO_val2014_000000302787.jpg,random_control_09,E:\Bridging\annotation\stage3_paperpack72_labelme\paperpack81_final_assets\exported_masks\COCO_val2014_000000302787\random16\random_control_09.png,2291518892,0.0394445,1,80242,80242
okvqa_val_03979,COCO_val2014_000000302787.jpg,random_control_10,E:\Bridging\annotation\stage3_paperpack72_labelme\paperpack81_final_assets\exported_masks\COCO_val2014_000000302787\random16\random_control_10.png,1141234898,0.082187,1,80242,80242
okvqa_val_03979,COCO_val2014_000000302787.jpg,random_control_11,E:\Bridging\annotation\stage3_paperpack72_labelme\paperpack81_final_assets\exported_masks\COCO_val2014_000000302787\random16\random_control_11.png,3848357986,0.0975516,1,80242,80242
okvqa_val_03979,COCO_val2014_000000302787.jpg,random_control_12,E:\Bridging\annotation\stage3_paperpack72_labelme\paperpack81_final_assets\exported_masks\COCO_val2014_000000302787\random16\random_control_12.png,3120596151,0.0945648,1,80242,80242
okvqa_val_03979,COCO_val2014_000000302787.jpg,random_control_13,E:\Bridging\annotation\stage3_paperpack72_labelme\paperpack81_final_assets\exported_masks\COCO_val2014_000000302787\random16\random_control_13.png,2403025878,0.099876,1,80242,80242
okvqa_val_03979,COCO_val2014_000000302787.jpg,random_control_14,E:\Bridging\annotation\stage3_paperpack72_labelme\paperpack81_final_assets\exported_masks\COCO_val2014_000000302787\random16\random_control_14.png,1874421999,0.0810279,1,80242,80242
okvqa_val_03979,COCO_val2014_000000302787.jpg,random_control_15,E:\Bridging\annotation\stage3_paperpack72_labelme\paperpack81_final_assets\exported_masks\COCO_val2014_000000302787\random16\random_control_15.png,1916784795,0.099085,1,80242,80242
okvqa_val_03979,COCO_val2014_000000302787.jpg,random_control_16,E:\Bridging\annotation\stage3_paperpack72_labelme\paperpack81_final_assets\exported_masks\COCO_val2014_000000302787\random16\random_control_16.png,628730565,0.0803657,1,80242,80242
okvqa_val_03979,COCO_val2014_000000302787.jpg,shifted_mask,E:\Bridging\annotation\stage3_paperpack72_labelme\paperpack81_final_assets\exported_masks\COCO_val2014_000000302787\shifted.png,,0.167335,0,80242,80242
okvqa_val_03979,COCO_val2014_000000302787.jpg,shuffled_mask,E:\Bridging\annotation\stage3_paperpack72_labelme\paperpack81_final_assets\exported_masks\COCO_val2014_000000302787\shuffled.png,3532928416,0.0797769,1,80242,80242
okvqa_val_04593,COCO_val2014_000000393145.jpg,random_control_01,E:\Bridging\annotation\stage3_paperpack72_labelme\paperpack81_final_assets\exported_masks\COCO_val2014_000000393145\random16\random_control_01.png,2761592802,0.386946,0,165962,165962
okvqa_val_04593,COCO_val2014_000000393145.jpg,random_control_02,E:\Bridging\annotation\stage3_paperpack72_labelme\paperpack81_final_assets\exported_masks\COCO_val2014_000000393145\random16\random_control_02.png,4150477452,0.385655,0,165962,165962
okvqa_val_04593,COCO_val2014_000000393145.jpg,random_control_03,E:\Bridging\annotation\stage3_paperpack72_labelme\paperpack81_final_assets\exported_masks\COCO_val2014_000000393145\random16\random_control_03.png,1966165337,0.385175,0,165962,165962
okvqa_val_04593,COCO_val2014_000000393145.jpg,random_control_04,E:\Bridging\annotation\stage3_paperpack72_labelme\paperpack81_final_assets\exported_masks\COCO_val2014_000000393145\random16\random_control_04.png,732146528,0.373636,0,165962,165962
okvqa_val_04593,COCO_val2014_000000393145.jpg,random_control_05,E:\Bridging\annotation\stage3_paperpack72_labelme\paperpack81_final_assets\exported_masks\COCO_val2014_000000393145\random16\random_control_05.png,1084364520,0.408523,0,165962,165962
okvqa_val_04593,COCO_val2014_000000393145.jpg,random_control_06,E:\Bridging\annotation\stage3_paperpack72_labelme\paperpack81_final_assets\exported_masks\COCO_val2014_000000393145\random16\random_control_06.png,184176167,0.385719,0,165962,165962
okvqa_val_04593,COCO_val2014_000000393145.jpg,random_control_07,E:\Bridging\annotation\stage3_paperpack72_labelme\paperpack81_final_assets\exported_masks\COCO_val2014_000000393145\random16\random_control_07.png,1109943809,0.382608,0,165962,165962
okvqa_val_04593,COCO_val2014_000000393145.jpg,random_control_08,E:\Bridging\annotation\stage3_paperpack72_labelme\paperpack81_final_assets\exported_masks\COCO_val2014_000000393145\random16\random_control_08.png,741787264,0.382406,0,165962,165962
okvqa_val_04593,COCO_val2014_000000393145.jpg,random_control_09,E:\Bridging\annotation\stage3_paperpack72_labelme\paperpack81_final_assets\exported_masks\COCO_val2014_000000393145\random16\random_control_09.png,462863593,0.40263,0,165962,165962
okvqa_val_04593,COCO_val2014_000000393145.jpg,random_control_10,E:\Bridging\annotation\stage3_paperpack72_labelme\paperpack81_final_assets\exported_masks\COCO_val2014_000000393145\random16\random_control_10.png,2026202370,0.40666,0,165962,165962
okvqa_val_04593,COCO_val2014_000000393145.jpg,random_control_11,E:\Bridging\annotation\stage3_paperpack72_labelme\paperpack81_final_assets\exported_masks\COCO_val2014_000000393145\random16\random_control_11.png,1288926399,0.409659,0,165962,165962
okvqa_val_04593,COCO_val2014_000000393145.jpg,random_control_12,E:\Bridging\annotation\stage3_paperpack72_labelme\paperpack81_final_assets\exported_masks\COCO_val2014_000000393145\random16\random_control_12.png,2380604904,0.396493,0,165962,165962
okvqa_val_04593,COCO_val2014_000000393145.jpg,random_control_13,E:\Bridging\annotation\stage3_paperpack72_labelme\paperpack81_final_assets\exported_masks\COCO_val2014_000000393145\random16\random_control_13.png,417319882,0.37613,0,165962,165962
okvqa_val_04593,COCO_val2014_000000393145.jpg,random_control_14,E:\Bridging\annotation\stage3_paperpack72_labelme\paperpack81_final_assets\exported_masks\COCO_val2014_000000393145\random16\random_control_14.png,973258667,0.37515,0,165962,165962
okvqa_val_04593,COCO_val2014_000000393145.jpg,random_control_15,E:\Bridging\annotation\stage3_paperpack72_labelme\paperpack81_final_assets\exported_masks\COCO_val2014_000000393145\random16\random_control_15.png,1322267830,0.411014,0,165962,165962
okvqa_val_04593,COCO_val2014_000000393145.jpg,random_control_16,E:\Bridging\annotation\stage3_paperpack72_labelme\paperpack81_final_assets\exported_masks\COCO_val2014_000000393145\random16\random_control_16.png,1625621463,0.378869,0,165962,165962
okvqa_val_04593,COCO_val2014_000000393145.jpg,shifted_mask,E:\Bridging\annotation\stage3_paperpack72_labelme\paperpack81_final_assets\exported_masks\COCO_val2014_000000393145\shifted.png,,0.502632,0,165962,165962
okvqa_val_04593,COCO_val2014_000000393145.jpg,shuffled_mask,E:\Bridging\annotation\stage3_paperpack72_labelme\paperpack81_final_assets\exported_masks\COCO_val2014_000000393145\shuffled.png,1572578927,0.381146,0,165962,165962
okvqa_val_04177,COCO_val2014_000000074135.jpg,random_control_01,E:\Bridging\annotation\stage3_paperpack72_labelme\paperpack81_final_assets\exported_masks\COCO_val2014_000000074135\random16\random_control_01.png,2858134149,0.27673,0,128439,128439
okvqa_val_04177,COCO_val2014_000000074135.jpg,random_control_02,E:\Bridging\annotation\stage3_paperpack72_labelme\paperpack81_final_assets\exported_masks\COCO_val2014_000000074135\random16\random_control_02.png,681344108,0.268822,0,128439,128439
okvqa_val_04177,COCO_val2014_000000074135.jpg,random_control_03,E:\Bridging\annotation\stage3_paperpack72_labelme\paperpack81_final_assets\exported_masks\COCO_val2014_000000074135\random16\random_control_03.png,694413019,0.235424,0,128439,128439
okvqa_val_04177,COCO_val2014_000000074135.jpg,random_control_04,E:\Bridging\annotation\stage3_paperpack72_labelme\paperpack81_final_assets\exported_masks\COCO_val2014_000000074135\random16\random_control_04.png,860431787,0.23007,0,128439,128439
okvqa_val_04177,COCO_val2014_000000074135.jpg,random_control_05,E:\Bridging\annotation\stage3_paperpack72_labelme\paperpack81_final_assets\exported_masks\COCO_val2014_000000074135\random16\random_control_05.png,3368650564,0.233449,0,128439,128439
okvqa_val_04177,COCO_val2014_000000074135.jpg,random_control_06,E:\Bridging\annotation\stage3_paperpack72_labelme\paperpack81_final_assets\exported_masks\COCO_val2014_000000074135\random16\random_control_06.png,1904784889,0.286371,0,128439,128439
okvqa_val_04177,COCO_val2014_000000074135.jpg,random_control_07,E:\Bridging\annotation\stage3_paperpack72_labelme\paperpack81_final_assets\exported_masks\COCO_val2014_000000074135\random16\random_control_07.png,2867425459,0.282966,0,128439,128439
okvqa_val_04177,COCO_val2014_000000074135.jpg,random_control_08,E:\Bridging\annotation\stage3_paperpack72_labelme\paperpack81_final_assets\exported_masks\COCO_val2014_000000074135\random16\random_control_08.png,2090611866,0.291058,0,128439,128439
okvqa_val_04177,COCO_val2014_000000074135.jpg,random_control_09,E:\Bridging\annotation\stage3_paperpack72_labelme\paperpack81_final_assets\exported_masks\COCO_val2014_000000074135\random16\random_control_09.png,2209622059,0.29252,0,128439,128439
okvqa_val_04177,COCO_val2014_000000074135.jpg,random_control_10,E:\Bridging\annotation\stage3_paperpack72_labelme\paperpack81_final_assets\exported_masks\COCO_val2014_000000074135\random16\random_control_10.png,2266000768,0.295316,0,128439,128439
okvqa_val_04177,COCO_val2014_000000074135.jpg,random_control_11,E:\Bridging\annotation\stage3_paperpack72_labelme\paperpack81_final_assets\exported_masks\COCO_val2014_000000074135\random16\random_control_11.png,1153918998,0.244757,0,128439,128439
okvqa_val_04177,COCO_val2014_000000074135.jpg,random_control_12,E:\Bridging\annotation\stage3_paperpack72_labelme\paperpack81_final_assets\exported_masks\COCO_val2014_000000074135\random16\random_control_12.png,1242760084,0.26194,0,128439,128439
okvqa_val_04177,COCO_val2014_000000074135.jpg,random_control_13,E:\Bridging\annotation\stage3_paperpack72_labelme\paperpack81_final_assets\exported_masks\COCO_val2014_000000074135\random16\random_control_13.png,2542000911,0.26617,0,128439,128439
okvqa_val_04177,COCO_val2014_000000074135.jpg,random_control_14,E:\Bridging\annotation\stage3_paperpack72_labelme\paperpack81_final_assets\exported_masks\COCO_val2014_000000074135\random16\random_control_14.png,1420313919,0.307127,0,128439,128439
okvqa_val_04177,COCO_val2014_000000074135.jpg,random_control_15,E:\Bridging\annotation\stage3_paperpack72_labelme\paperpack81_final_assets\exported_masks\COCO_val2014_000000074135\random16\random_control_15.png,1183342908,0.247835,0,128439,128439
okvqa_val_04177,COCO_val2014_000000074135.jpg,random_control_16,E:\Bridging\annotation\stage3_paperpack72_labelme\paperpack81_final_assets\exported_masks\COCO_val2014_000000074135\random16\random_control_16.png,4247536831,0.225902,0,128439,128439
okvqa_val_04177,COCO_val2014_000000074135.jpg,shifted_mask,E:\Bridging\annotation\stage3_paperpack72_labelme\paperpack81_final_assets\exported_masks\COCO_val2014_000000074135\shifted.png,,0.248593,0,128439,128439
okvqa_val_04177,COCO_val2014_000000074135.jpg,shuffled_mask,E:\Bridging\annotation\stage3_paperpack72_labelme\paperpack81_final_assets\exported_masks\COCO_val2014_000000074135\shuffled.png,1229456955,0.314411,0,128439,128439
okvqa_val_1286755,COCO_val2014_000000128675.jpg,random_control_01,E:\Bridging\annotation\stage3_paperpack72_labelme\paperpack81_final_assets\exported_masks\COCO_val2014_000000128675\random16\random_control_01.png,3828912531,0.385389,0,182692,182692
okvqa_val_1286755,COCO_val2014_000000128675.jpg,random_control_02,E:\Bridging\annotation\stage3_paperpack72_labelme\paperpack81_final_assets\exported_masks\COCO_val2014_000000128675\random16\random_control_02.png,3838316808,0.38829,0,182692,182692
okvqa_val_1286755,COCO_val2014_000000128675.jpg,random_control_03,E:\Bridging\annotation\stage3_paperpack72_labelme\paperpack81_final_assets\exported_masks\COCO_val2014_000000128675\random16\random_control_03.png,2215405266,0.386225,0,182692,182692
okvqa_val_1286755,COCO_val2014_000000128675.jpg,random_control_04,E:\Bridging\annotation\stage3_paperpack72_labelme\paperpack81_final_assets\exported_masks\COCO_val2014_000000128675\random16\random_control_04.png,4201181126,0.380746,0,182692,182692
okvqa_val_1286755,COCO_val2014_000000128675.jpg,random_control_05,E:\Bridging\annotation\stage3_paperpack72_labelme\paperpack81_final_assets\exported_masks\COCO_val2014_000000128675\random16\random_control_05.png,2816443011,0.38829,0,182692,182692
okvqa_val_1286755,COCO_val2014_000000128675.jpg,random_control_06,E:\Bridging\annotation\stage3_paperpack72_labelme\paperpack81_final_assets\exported_masks\COCO_val2014_000000128675\random16\random_control_06.png,97106730,0.383072,0,182692,182692
okvqa_val_1286755,COCO_val2014_000000128675.jpg,random_control_07,E:\Bridging\annotation\stage3_paperpack72_labelme\paperpack81_final_assets\exported_masks\COCO_val2014_000000128675\random16\random_control_07.png,2130091352,0.376595,0,182692,182692
okvqa_val_1286755,COCO_val2014_000000128675.jpg,random_control_08,E:\Bridging\annotation\stage3_paperpack72_labelme\paperpack81_final_assets\exported_masks\COCO_val2014_000000128675\random16\random_control_08.png,2001681758,0.385757,0,182692,182692
okvqa_val_1286755,COCO_val2014_000000128675.jpg,random_control_09,E:\Bridging\annotation\stage3_paperpack72_labelme\paperpack81_final_assets\exported_masks\COCO_val2014_000000128675\random16\random_control_09.png,2970292788,0.388216,0,182692,182692
okvqa_val_1286755,COCO_val2014_000000128675.jpg,random_control_10,E:\Bridging\annotation\stage3_paperpack72_labelme\paperpack81_final_assets\exported_masks\COCO_val2014_000000128675\random16\random_control_10.png,3337918416,0.38829,0,182692,182692
okvqa_val_1286755,COCO_val2014_000000128675.jpg,random_control_11,E:\Bridging\annotation\stage3_paperpack72_labelme\paperpack81_final_assets\exported_masks\COCO_val2014_000000128675\random16\random_control_11.png,2087745062,0.385521,0,182692,182692
okvqa_val_1286755,COCO_val2014_000000128675.jpg,random_control_12,E:\Bridging\annotation\stage3_paperpack72_labelme\paperpack81_final_assets\exported_masks\COCO_val2014_000000128675\random16\random_control_12.png,2879847809,0.390832,0,182692,182692
okvqa_val_1286755,COCO_val2014_000000128675.jpg,random_control_13,E:\Bridging\annotation\stage3_paperpack72_labelme\paperpack81_final_assets\exported_masks\COCO_val2014_000000128675\random16\random_control_13.png,3450783179,0.380887,0,182692,182692
okvqa_val_1286755,COCO_val2014_000000128675.jpg,random_control_14,E:\Bridging\annotation\stage3_paperpack72_labelme\paperpack81_final_assets\exported_masks\COCO_val2014_000000128675\random16\random_control_14.png,1264192940,0.374172,0,182692,182692
okvqa_val_1286755,COCO_val2014_000000128675.jpg,random_control_15,E:\Bridging\annotation\stage3_paperpack72_labelme\paperpack81_final_assets\exported_masks\COCO_val2014_000000128675\random16\random_control_15.png,2881657674,0.38467,0,182692,182692
okvqa_val_1286755,COCO_val2014_000000128675.jpg,random_control_16,E:\Bridging\annotation\stage3_paperpack72_labelme\paperpack81_final_assets\exported_masks\COCO_val2014_000000128675\random16\random_control_16.png,166729776,0.390832,0,182692,182692
okvqa_val_1286755,COCO_val2014_000000128675.jpg,shifted_mask,E:\Bridging\annotation\stage3_paperpack72_labelme\paperpack81_final_assets\exported_masks\COCO_val2014_000000128675\shifted.png,,0.862399,0,182692,182692
okvqa_val_1286755,COCO_val2014_000000128675.jpg,shuffled_mask,E:\Bridging\annotation\stage3_paperpack72_labelme\paperpack81_final_assets\exported_masks\COCO_val2014_000000128675\shuffled.png,1146929398,0.385757,0,182692,182692
okvqa_val_2357845,COCO_val2014_000000235784.jpg,random_control_01,E:\Bridging\annotation\stage3_paperpack72_labelme\paperpack81_final_assets\exported_masks\COCO_val2014_000000235784\random16\random_control_01.png,1417351860,0.528052,0,183011,183011
okvqa_val_2357845,COCO_val2014_000000235784.jpg,random_control_02,E:\Bridging\annotation\stage3_paperpack72_labelme\paperpack81_final_assets\exported_masks\COCO_val2014_000000235784\random16\random_control_02.png,1129087568,0.488046,0,183011,183011
okvqa_val_2357845,COCO_val2014_000000235784.jpg,random_control_03,E:\Bridging\annotation\stage3_paperpack72_labelme\paperpack81_final_assets\exported_masks\COCO_val2014_000000235784\random16\random_control_03.png,3357810920,0.503603,0,183011,183011
okvqa_val_2357845,COCO_val2014_000000235784.jpg,random_control_04,E:\Bridging\annotation\stage3_paperpack72_labelme\paperpack81_final_assets\exported_masks\COCO_val2014_000000235784\random16\random_control_04.png,1438107083,0.505309,0,183011,183011
okvqa_val_2357845,COCO_val2014_000000235784.jpg,random_control_05,E:\Bridging\annotation\stage3_paperpack72_labelme\paperpack81_final_assets\exported_masks\COCO_val2014_000000235784\random16\random_control_05.png,2272305876,0.528939,0,183011,183011
okvqa_val_2357845,COCO_val2014_000000235784.jpg,random_control_06,E:\Bridging\annotation\stage3_paperpack72_labelme\paperpack81_final_assets\exported_masks\COCO_val2014_000000235784\random16\random_control_06.png,3059962177,0.481307,0,183011,183011
okvqa_val_2357845,COCO_val2014_000000235784.jpg,random_control_07,E:\Bridging\annotation\stage3_paperpack72_labelme\paperpack81_final_assets\exported_masks\COCO_val2014_000000235784\random16\random_control_07.png,3982284567,0.542048,0,183011,183011
okvqa_val_2357845,COCO_val2014_000000235784.jpg,random_control_08,E:\Bridging\annotation\stage3_paperpack72_labelme\paperpack81_final_assets\exported_masks\COCO_val2014_000000235784\random16\random_control_08.png,3228037314,0.498825,0,183011,183011
okvqa_val_2357845,COCO_val2014_000000235784.jpg,random_control_09,E:\Bridging\annotation\stage3_paperpack72_labelme\paperpack81_final_assets\exported_masks\COCO_val2014_000000235784\random16\random_control_09.png,466348883,0.476598,0,183011,183011
okvqa_val_2357845,COCO_val2014_000000235784.jpg,random_control_10,E:\Bridging\annotation\stage3_paperpack72_labelme\paperpack81_final_assets\exported_masks\COCO_val2014_000000235784\random16\random_control_10.png,140631300,0.501709,0,183011,183011
okvqa_val_2357845,COCO_val2014_000000235784.jpg,random_control_11,E:\Bridging\annotation\stage3_paperpack72_labelme\paperpack81_final_assets\exported_masks\COCO_val2014_000000235784\random16\random_control_11.png,2653960901,0.494675,0,183011,183011
okvqa_val_2357845,COCO_val2014_000000235784.jpg,random_control_12,E:\Bridging\annotation\stage3_paperpack72_labelme\paperpack81_final_assets\exported_masks\COCO_val2014_000000235784\random16\random_control_12.png,2463045351,0.485491,0,183011,183011
okvqa_val_2357845,COCO_val2014_000000235784.jpg,random_control_13,E:\Bridging\annotation\stage3_paperpack72_labelme\paperpack81_final_assets\exported_masks\COCO_val2014_000000235784\random16\random_control_13.png,4109824892,0.481175,0,183011,183011
okvqa_val_2357845,COCO_val2014_000000235784.jpg,random_control_14,E:\Bridging\annotation\stage3_paperpack72_labelme\paperpack81_final_assets\exported_masks\COCO_val2014_000000235784\random16\random_control_14.png,2098349343,0.503603,0,183011,183011
okvqa_val_2357845,COCO_val2014_000000235784.jpg,random_control_15,E:\Bridging\annotation\stage3_paperpack72_labelme\paperpack81_final_assets\exported_masks\COCO_val2014_000000235784\random16\random_control_15.png,608599840,0.505898,0,183011,183011
okvqa_val_2357845,COCO_val2014_000000235784.jpg,random_control_16,E:\Bridging\annotation\stage3_paperpack72_labelme\paperpack81_final_assets\exported_masks\COCO_val2014_000000235784\random16\random_control_16.png,1130754413,0.487556,0,183011,183011
okvqa_val_2357845,COCO_val2014_000000235784.jpg,shifted_mask,E:\Bridging\annotation\stage3_paperpack72_labelme\paperpack81_final_assets\exported_masks\COCO_val2014_000000235784\shifted.png,,0.628081,0,183011,183011
okvqa_val_2357845,COCO_val2014_000000235784.jpg,shuffled_mask,E:\Bridging\annotation\stage3_paperpack72_labelme\paperpack81_final_assets\exported_masks\COCO_val2014_000000235784\shuffled.png,3526035650,0.555336,0,183011,183011
okvqa_val_355265,COCO_val2014_000000035526.jpg,random_control_01,E:\Bridging\annotation\stage3_paperpack72_labelme\paperpack81_final_assets\exported_masks\COCO_val2014_000000035526\random16\random_control_01.png,1058518573,0.709416,0,203082,203082
okvqa_val_355265,COCO_val2014_000000035526.jpg,random_control_02,E:\Bridging\annotation\stage3_paperpack72_labelme\paperpack81_final_assets\exported_masks\COCO_val2014_000000035526\random16\random_control_02.png,3535167135,0.695105,0,203082,203082
okvqa_val_355265,COCO_val2014_000000035526.jpg,random_control_03,E:\Bridging\annotation\stage3_paperpack72_labelme\paperpack81_final_assets\exported_masks\COCO_val2014_000000035526\random16\random_control_03.png,222453777,0.683093,0,203082,203082
okvqa_val_355265,COCO_val2014_000000035526.jpg,random_control_04,E:\Bridging\annotation\stage3_paperpack72_labelme\paperpack81_final_assets\exported_masks\COCO_val2014_000000035526\random16\random_control_04.png,2075035017,0.666451,0,203082,203082
okvqa_val_355265,COCO_val2014_000000035526.jpg,random_control_05,E:\Bridging\annotation\stage3_paperpack72_labelme\paperpack81_final_assets\exported_masks\COCO_val2014_000000035526\random16\random_control_05.png,2280732967,0.699346,0,203082,203082
okvqa_val_355265,COCO_val2014_000000035526.jpg,random_control_06,E:\Bridging\annotation\stage3_paperpack72_labelme\paperpack81_final_assets\exported_masks\COCO_val2014_000000035526\random16\random_control_06.png,3962653704,0.706206,0,203082,203082
okvqa_val_355265,COCO_val2014_000000035526.jpg,random_control_07,E:\Bridging\annotation\stage3_paperpack72_labelme\paperpack81_final_assets\exported_masks\COCO_val2014_000000035526\random16\random_control_07.png,953965462,0.704001,0,203082,203082
okvqa_val_355265,COCO_val2014_000000035526.jpg,random_control_08,E:\Bridging\annotation\stage3_paperpack72_labelme\paperpack81_final_assets\exported_masks\COCO_val2014_000000035526\random16\random_control_08.png,924970531,0.724058,0,203082,203082
okvqa_val_355265,COCO_val2014_000000035526.jpg,random_control_09,E:\Bridging\annotation\stage3_paperpack72_labelme\paperpack81_final_assets\exported_masks\COCO_val2014_000000035526\random16\random_control_09.png,466148859,0.688242,0,203082,203082
okvqa_val_355265,COCO_val2014_000000035526.jpg,random_control_10,E:\Bridging\annotation\stage3_paperpack72_labelme\paperpack81_final_assets\exported_masks\COCO_val2014_000000035526\random16\random_control_10.png,749042611,0.700071,0,203082,203082
okvqa_val_355265,COCO_val2014_000000035526.jpg,random_control_11,E:\Bridging\annotation\stage3_paperpack72_labelme\paperpack81_final_assets\exported_masks\COCO_val2014_000000035526\random16\random_control_11.png,1040467852,0.743051,0,203082,203082
okvqa_val_355265,COCO_val2014_000000035526.jpg,random_control_12,E:\Bridging\annotation\stage3_paperpack72_labelme\paperpack81_final_assets\exported_masks\COCO_val2014_000000035526\random16\random_control_12.png,2832538779,0.699573,0,203082,203082
okvqa_val_355265,COCO_val2014_000000035526.jpg,random_control_13,E:\Bridging\annotation\stage3_paperpack72_labelme\paperpack81_final_assets\exported_masks\COCO_val2014_000000035526\random16\random_control_13.png,2888671065,0.70448,0,203082,203082
okvqa_val_355265,COCO_val2014_000000035526.jpg,random_control_14,E:\Bridging\annotation\stage3_paperpack72_labelme\paperpack81_final_assets\exported_masks\COCO_val2014_000000035526\random16\random_control_14.png,4247752260,0.709466,0,203082,203082
okvqa_val_355265,COCO_val2014_000000035526.jpg,random_control_15,E:\Bridging\annotation\stage3_paperpack72_labelme\paperpack81_final_assets\exported_masks\COCO_val2014_000000035526\random16\random_control_15.png,1168822577,0.71548,0,203082,203082
okvqa_val_355265,COCO_val2014_000000035526.jpg,random_control_16,E:\Bridging\annotation\stage3_paperpack72_labelme\paperpack81_final_assets\exported_masks\COCO_val2014_000000035526\random16\random_control_16.png,618919904,0.679085,0,203082,203082
okvqa_val_355265,COCO_val2014_000000035526.jpg,shifted_mask,E:\Bridging\annotation\stage3_paperpack72_labelme\paperpack81_final_assets\exported_masks\COCO_val2014_000000035526\shifted.png,,0.666451,0,203082,203082
okvqa_val_355265,COCO_val2014_000000035526.jpg,shuffled_mask,E:\Bridging\annotation\stage3_paperpack72_labelme\paperpack81_final_assets\exported_masks\COCO_val2014_000000035526\shuffled.png,3788838844,0.702879,0,203082,203082
okvqa_val_4513245,COCO_val2014_000000451324.jpg,random_control_01,E:\Bridging\annotation\stage3_paperpack72_labelme\paperpack81_final_assets\exported_masks\COCO_val2014_000000451324\random16\random_control_01.png,185687448,0.3256,0,157474,157474
okvqa_val_4513245,COCO_val2014_000000451324.jpg,random_control_02,E:\Bridging\annotation\stage3_paperpack72_labelme\paperpack81_final_assets\exported_masks\COCO_val2014_000000451324\random16\random_control_02.png,843871778,0.277498,0,157474,157474
okvqa_val_4513245,COCO_val2014_000000451324.jpg,random_control_03,E:\Bridging\annotation\stage3_paperpack72_labelme\paperpack81_final_assets\exported_masks\COCO_val2014_000000451324\random16\random_control_03.png,3215106208,0.302283,0,157474,157474
okvqa_val_4513245,COCO_val2014_000000451324.jpg,random_control_04,E:\Bridging\annotation\stage3_paperpack72_labelme\paperpack81_final_assets\exported_masks\COCO_val2014_000000451324\random16\random_control_04.png,1178638692,0.309898,0,157474,157474
okvqa_val_4513245,COCO_val2014_000000451324.jpg,random_control_05,E:\Bridging\annotation\stage3_paperpack72_labelme\paperpack81_final_assets\exported_masks\COCO_val2014_000000451324\random16\random_control_05.png,2909189680,0.317014,0,157474,157474
okvqa_val_4513245,COCO_val2014_000000451324.jpg,random_control_06,E:\Bridging\annotation\stage3_paperpack72_labelme\paperpack81_final_assets\exported_masks\COCO_val2014_000000451324\random16\random_control_06.png,775256262,0.294851,0,157474,157474
okvqa_val_4513245,COCO_val2014_000000451324.jpg,random_control_07,E:\Bridging\annotation\stage3_paperpack72_labelme\paperpack81_final_assets\exported_masks\COCO_val2014_000000451324\random16\random_control_07.png,49327156,0.275542,0,157474,157474
okvqa_val_4513245,COCO_val2014_000000451324.jpg,random_control_08,E:\Bridging\annotation\stage3_paperpack72_labelme\paperpack81_final_assets\exported_masks\COCO_val2014_000000451324\random16\random_control_08.png,1871453826,0.325081,0,157474,157474
okvqa_val_4513245,COCO_val2014_000000451324.jpg,random_control_09,E:\Bridging\annotation\stage3_paperpack72_labelme\paperpack81_final_assets\exported_masks\COCO_val2014_000000451324\random16\random_control_09.png,2405011622,0.285082,0,157474,157474
okvqa_val_4513245,COCO_val2014_000000451324.jpg,random_control_10,E:\Bridging\annotation\stage3_paperpack72_labelme\paperpack81_final_assets\exported_masks\COCO_val2014_000000451324\random16\random_control_10.png,2326166244,0.333395,0,157474,157474
okvqa_val_4513245,COCO_val2014_000000451324.jpg,random_control_11,E:\Bridging\annotation\stage3_paperpack72_labelme\paperpack81_final_assets\exported_masks\COCO_val2014_000000451324\random16\random_control_11.png,2908816670,0.302644,0,157474,157474
okvqa_val_4513245,COCO_val2014_000000451324.jpg,random_control_12,E:\Bridging\annotation\stage3_paperpack72_labelme\paperpack81_final_assets\exported_masks\COCO_val2014_000000451324\random16\random_control_12.png,3804825321,0.278971,0,157474,157474
okvqa_val_4513245,COCO_val2014_000000451324.jpg,random_control_13,E:\Bridging\annotation\stage3_paperpack72_labelme\paperpack81_final_assets\exported_masks\COCO_val2014_000000451324\random16\random_control_13.png,596190503,0.294649,0,157474,157474
okvqa_val_4513245,COCO_val2014_000000451324.jpg,random_control_14,E:\Bridging\annotation\stage3_paperpack72_labelme\paperpack81_final_assets\exported_masks\COCO_val2014_000000451324\random16\random_control_14.png,2380408293,0.306085,0,157474,157474
okvqa_val_4513245,COCO_val2014_000000451324.jpg,random_control_15,E:\Bridging\annotation\stage3_paperpack72_labelme\paperpack81_final_assets\exported_masks\COCO_val2014_000000451324\random16\random_control_15.png,2583896322,0.302251,0,157474,157474
okvqa_val_4513245,COCO_val2014_000000451324.jpg,random_control_16,E:\Bridging\annotation\stage3_paperpack72_labelme\paperpack81_final_assets\exported_masks\COCO_val2014_000000451324\random16\random_control_16.png,899449564,0.292025,0,157474,157474
okvqa_val_4513245,COCO_val2014_000000451324.jpg,shifted_mask,E:\Bridging\annotation\stage3_paperpack72_labelme\paperpack81_final_assets\exported_masks\COCO_val2014_000000451324\shifted.png,,0.372412,0,157474,157474
okvqa_val_4513245,COCO_val2014_000000451324.jpg,shuffled_mask,E:\Bridging\annotation\stage3_paperpack72_labelme\paperpack81_final_assets\exported_masks\COCO_val2014_000000451324\shuffled.png,3843011443,0.287136,0,157474,157474
okvqa_val_5179385,COCO_val2014_000000517938.jpg,random_control_01,E:\Bridging\annotation\stage3_paperpack72_labelme\paperpack81_final_assets\exported_masks\COCO_val2014_000000517938\random16\random_control_01.png,543286626,0.087983,1,65440,65440
okvqa_val_5179385,COCO_val2014_000000517938.jpg,random_control_02,E:\Bridging\annotation\stage3_paperpack72_labelme\paperpack81_final_assets\exported_masks\COCO_val2014_000000517938\random16\random_control_02.png,2454177374,0.0944974,1,65440,65440
okvqa_val_5179385,COCO_val2014_000000517938.jpg,random_control_03,E:\Bridging\annotation\stage3_paperpack72_labelme\paperpack81_final_assets\exported_masks\COCO_val2014_000000517938\random16\random_control_03.png,781947904,0.0747249,1,65440,65440
okvqa_val_5179385,COCO_val2014_000000517938.jpg,random_control_04,E:\Bridging\annotation\stage3_paperpack72_labelme\paperpack81_final_assets\exported_masks\COCO_val2014_000000517938\random16\random_control_04.png,2825709383,0.0960189,1,65440,65440
okvqa_val_5179385,COCO_val2014_000000517938.jpg,random_control_05,E:\Bridging\annotation\stage3_paperpack72_labelme\paperpack81_final_assets\exported_masks\COCO_val2014_000000517938\random16\random_control_05.png,128029873,0.0957803,1,65440,65440
okvqa_val_5179385,COCO_val2014_000000517938.jpg,random_control_06,E:\Bridging\annotation\stage3_paperpack72_labelme\paperpack81_final_assets\exported_masks\COCO_val2014_000000517938\random16\random_control_06.png,1750746396,0.0981708,1,65440,65440
okvqa_val_5179385,COCO_val2014_000000517938.jpg,random_control_07,E:\Bridging\annotation\stage3_paperpack72_labelme\paperpack81_final_assets\exported_masks\COCO_val2014_000000517938\random16\random_control_07.png,2257780878,0.0874767,1,65440,65440
okvqa_val_5179385,COCO_val2014_000000517938.jpg,random_control_08,E:\Bridging\annotation\stage3_paperpack72_labelme\paperpack81_final_assets\exported_masks\COCO_val2014_000000517938\random16\random_control_08.png,2850144207,0.06738,1,65440,65440
okvqa_val_5179385,COCO_val2014_000000517938.jpg,random_control_09,E:\Bridging\annotation\stage3_paperpack72_labelme\paperpack81_final_assets\exported_masks\COCO_val2014_000000517938\random16\random_control_09.png,3409402282,0.0626999,1,65440,65440
okvqa_val_5179385,COCO_val2014_000000517938.jpg,random_control_10,E:\Bridging\annotation\stage3_paperpack72_labelme\paperpack81_final_assets\exported_masks\COCO_val2014_000000517938\random16\random_control_10.png,3956962463,0.0919406,1,65440,65440
okvqa_val_5179385,COCO_val2014_000000517938.jpg,random_control_11,E:\Bridging\annotation\stage3_paperpack72_labelme\paperpack81_final_assets\exported_masks\COCO_val2014_000000517938\random16\random_control_11.png,953005821,0.0951202,1,65440,65440
okvqa_val_5179385,COCO_val2014_000000517938.jpg,random_control_12,E:\Bridging\annotation\stage3_paperpack72_labelme\paperpack81_final_assets\exported_masks\COCO_val2014_000000517938\random16\random_control_12.png,880891565,0.078871,1,65440,65440
okvqa_val_5179385,COCO_val2014_000000517938.jpg,random_control_13,E:\Bridging\annotation\stage3_paperpack72_labelme\paperpack81_final_assets\exported_masks\COCO_val2014_000000517938\random16\random_control_13.png,3744846129,0.087278,1,65440,65440
okvqa_val_5179385,COCO_val2014_000000517938.jpg,random_control_14,E:\Bridging\annotation\stage3_paperpack72_labelme\paperpack81_final_assets\exported_masks\COCO_val2014_000000517938\random16\random_control_14.png,786874733,0.0981708,1,65440,65440
okvqa_val_5179385,COCO_val2014_000000517938.jpg,random_control_15,E:\Bridging\annotation\stage3_paperpack72_labelme\paperpack81_final_assets\exported_masks\COCO_val2014_000000517938\random16\random_control_15.png,3501602027,0.0788888,1,65440,65440
okvqa_val_5179385,COCO_val2014_000000517938.jpg,random_control_16,E:\Bridging\annotation\stage3_paperpack72_labelme\paperpack81_final_assets\exported_masks\COCO_val2014_000000517938\random16\random_control_16.png,4021755090,0.0947721,1,65440,65440
okvqa_val_5179385,COCO_val2014_000000517938.jpg,shifted_mask,E:\Bridging\annotation\stage3_paperpack72_labelme\paperpack81_final_assets\exported_masks\COCO_val2014_000000517938\shifted.png,,0.0598858,1,65440,65440
okvqa_val_5179385,COCO_val2014_000000517938.jpg,shuffled_mask,E:\Bridging\annotation\stage3_paperpack72_labelme\paperpack81_final_assets\exported_masks\COCO_val2014_000000517938\shuffled.png,687569385,0.0464373,1,65440,65440
okvqa_val_5201095,COCO_val2014_000000520109.jpg,random_control_01,E:\Bridging\annotation\stage3_paperpack72_labelme\paperpack81_final_assets\exported_masks\COCO_val2014_000000520109\random16\random_control_01.png,3731312791,0.342007,0,171589,171589
okvqa_val_5201095,COCO_val2014_000000520109.jpg,random_control_02,E:\Bridging\annotation\stage3_paperpack72_labelme\paperpack81_final_assets\exported_masks\COCO_val2014_000000520109\random16\random_control_02.png,1188090553,0.345042,0,171589,171589
okvqa_val_5201095,COCO_val2014_000000520109.jpg,random_control_03,E:\Bridging\annotation\stage3_paperpack72_labelme\paperpack81_final_assets\exported_masks\COCO_val2014_000000520109\random16\random_control_03.png,2862107625,0.34809,0,171589,171589
okvqa_val_5201095,COCO_val2014_000000520109.jpg,random_control_04,E:\Bridging\annotation\stage3_paperpack72_labelme\paperpack81_final_assets\exported_masks\COCO_val2014_000000520109\random16\random_control_04.png,364050443,0.354229,0,171589,171589
okvqa_val_5201095,COCO_val2014_000000520109.jpg,random_control_05,E:\Bridging\annotation\stage3_paperpack72_labelme\paperpack81_final_assets\exported_masks\COCO_val2014_000000520109\random16\random_control_05.png,262534918,0.342007,0,171589,171589
okvqa_val_5201095,COCO_val2014_000000520109.jpg,random_control_06,E:\Bridging\annotation\stage3_paperpack72_labelme\paperpack81_final_assets\exported_masks\COCO_val2014_000000520109\random16\random_control_06.png,492916338,0.342007,0,171589,171589
okvqa_val_5201095,COCO_val2014_000000520109.jpg,random_control_07,E:\Bridging\annotation\stage3_paperpack72_labelme\paperpack81_final_assets\exported_masks\COCO_val2014_000000520109\random16\random_control_07.png,833408051,0.345042,0,171589,171589
okvqa_val_5201095,COCO_val2014_000000520109.jpg,random_control_08,E:\Bridging\annotation\stage3_paperpack72_labelme\paperpack81_final_assets\exported_masks\COCO_val2014_000000520109\random16\random_control_08.png,3247810402,0.351153,0,171589,171589
okvqa_val_5201095,COCO_val2014_000000520109.jpg,random_control_09,E:\Bridging\annotation\stage3_paperpack72_labelme\paperpack81_final_assets\exported_masks\COCO_val2014_000000520109\random16\random_control_09.png,3621417108,0.345042,0,171589,171589
okvqa_val_5201095,COCO_val2014_000000520109.jpg,random_control_10,E:\Bridging\annotation\stage3_paperpack72_labelme\paperpack81_final_assets\exported_masks\COCO_val2014_000000520109\random16\random_control_10.png,3076178177,0.345042,0,171589,171589
okvqa_val_5201095,COCO_val2014_000000520109.jpg,random_control_11,E:\Bridging\annotation\stage3_paperpack72_labelme\paperpack81_final_assets\exported_masks\COCO_val2014_000000520109\random16\random_control_11.png,759939617,0.350701,0,171589,171589
okvqa_val_5201095,COCO_val2014_000000520109.jpg,random_control_12,E:\Bridging\annotation\stage3_paperpack72_labelme\paperpack81_final_assets\exported_masks\COCO_val2014_000000520109\random16\random_control_12.png,3560729436,0.345042,0,171589,171589
okvqa_val_5201095,COCO_val2014_000000520109.jpg,random_control_13,E:\Bridging\annotation\stage3_paperpack72_labelme\paperpack81_final_assets\exported_masks\COCO_val2014_000000520109\random16\random_control_13.png,2145370842,0.34809,0,171589,171589
okvqa_val_5201095,COCO_val2014_000000520109.jpg,random_control_14,E:\Bridging\annotation\stage3_paperpack72_labelme\paperpack81_final_assets\exported_masks\COCO_val2014_000000520109\random16\random_control_14.png,1344280825,0.342007,0,171589,171589
okvqa_val_5201095,COCO_val2014_000000520109.jpg,random_control_15,E:\Bridging\annotation\stage3_paperpack72_labelme\paperpack81_final_assets\exported_masks\COCO_val2014_000000520109\random16\random_control_15.png,2075563017,0.342007,0,171589,171589
okvqa_val_5201095,COCO_val2014_000000520109.jpg,random_control_16,E:\Bridging\annotation\stage3_paperpack72_labelme\paperpack81_final_assets\exported_masks\COCO_val2014_000000520109\random16\random_control_16.png,524155378,0.354229,0,171589,171589
okvqa_val_5201095,COCO_val2014_000000520109.jpg,shifted_mask,E:\Bridging\annotation\stage3_paperpack72_labelme\paperpack81_final_assets\exported_masks\COCO_val2014_000000520109\shifted.png,,0.435399,0,171589,171589
okvqa_val_5201095,COCO_val2014_000000520109.jpg,shuffled_mask,E:\Bridging\annotation\stage3_paperpack72_labelme\paperpack81_final_assets\exported_masks\COCO_val2014_000000520109\shuffled.png,4161668448,0.345042,0,171589,171589
okvqa_val_579175,COCO_val2014_000000057917.jpg,random_control_01,E:\Bridging\annotation\stage3_paperpack72_labelme\paperpack81_final_assets\exported_masks\COCO_val2014_000000057917\random16\random_control_01.png,2842171655,0.147583,0,109717,109717
okvqa_val_579175,COCO_val2014_000000057917.jpg,random_control_02,E:\Bridging\annotation\stage3_paperpack72_labelme\paperpack81_final_assets\exported_masks\COCO_val2014_000000057917\random16\random_control_02.png,3345861311,0.117748,0,109717,109717
okvqa_val_579175,COCO_val2014_000000057917.jpg,random_control_03,E:\Bridging\annotation\stage3_paperpack72_labelme\paperpack81_final_assets\exported_masks\COCO_val2014_000000057917\random16\random_control_03.png,754620525,0.115294,0,109717,109717
okvqa_val_579175,COCO_val2014_000000057917.jpg,random_control_04,E:\Bridging\annotation\stage3_paperpack72_labelme\paperpack81_final_assets\exported_masks\COCO_val2014_000000057917\random16\random_control_04.png,1016104443,0.122626,0,109717,109717
okvqa_val_579175,COCO_val2014_000000057917.jpg,random_control_05,E:\Bridging\annotation\stage3_paperpack72_labelme\paperpack81_final_assets\exported_masks\COCO_val2014_000000057917\random16\random_control_05.png,1014048082,0.119378,0,109717,109717
okvqa_val_579175,COCO_val2014_000000057917.jpg,random_control_06,E:\Bridging\annotation\stage3_paperpack72_labelme\paperpack81_final_assets\exported_masks\COCO_val2014_000000057917\random16\random_control_06.png,4048921160,0.113386,0,109717,109717
okvqa_val_579175,COCO_val2014_000000057917.jpg,random_control_07,E:\Bridging\annotation\stage3_paperpack72_labelme\paperpack81_final_assets\exported_masks\COCO_val2014_000000057917\random16\random_control_07.png,2901606173,0.110316,0,109717,109717
okvqa_val_579175,COCO_val2014_000000057917.jpg,random_control_08,E:\Bridging\annotation\stage3_paperpack72_labelme\paperpack81_final_assets\exported_masks\COCO_val2014_000000057917\random16\random_control_08.png,1181725443,0.121639,0,109717,109717
okvqa_val_579175,COCO_val2014_000000057917.jpg,random_control_09,E:\Bridging\annotation\stage3_paperpack72_labelme\paperpack81_final_assets\exported_masks\COCO_val2014_000000057917\random16\random_control_09.png,1246475301,0.125135,0,109717,109717
okvqa_val_579175,COCO_val2014_000000057917.jpg,random_control_10,E:\Bridging\annotation\stage3_paperpack72_labelme\paperpack81_final_assets\exported_masks\COCO_val2014_000000057917\random16\random_control_10.png,391703991,0.110918,0,109717,109717
okvqa_val_579175,COCO_val2014_000000057917.jpg,random_control_11,E:\Bridging\annotation\stage3_paperpack72_labelme\paperpack81_final_assets\exported_masks\COCO_val2014_000000057917\random16\random_control_11.png,196852815,0.139189,0,109717,109717
okvqa_val_579175,COCO_val2014_000000057917.jpg,random_control_12,E:\Bridging\annotation\stage3_paperpack72_labelme\paperpack81_final_assets\exported_masks\COCO_val2014_000000057917\random16\random_control_12.png,2985847473,0.116616,0,109717,109717
okvqa_val_579175,COCO_val2014_000000057917.jpg,random_control_13,E:\Bridging\annotation\stage3_paperpack72_labelme\paperpack81_final_assets\exported_masks\COCO_val2014_000000057917\random16\random_control_13.png,3195748590,0.116252,0,109717,109717
okvqa_val_579175,COCO_val2014_000000057917.jpg,random_control_14,E:\Bridging\annotation\stage3_paperpack72_labelme\paperpack81_final_assets\exported_masks\COCO_val2014_000000057917\random16\random_control_14.png,1961918117,0.116616,0,109717,109717
okvqa_val_579175,COCO_val2014_000000057917.jpg,random_control_15,E:\Bridging\annotation\stage3_paperpack72_labelme\paperpack81_final_assets\exported_masks\COCO_val2014_000000057917\random16\random_control_15.png,1964846178,0.132685,0,109717,109717
okvqa_val_579175,COCO_val2014_000000057917.jpg,random_control_16,E:\Bridging\annotation\stage3_paperpack72_labelme\paperpack81_final_assets\exported_masks\COCO_val2014_000000057917\random16\random_control_16.png,3051112539,0.114529,0,109717,109717
okvqa_val_579175,COCO_val2014_000000057917.jpg,shifted_mask,E:\Bridging\annotation\stage3_paperpack72_labelme\paperpack81_final_assets\exported_masks\COCO_val2014_000000057917\shifted.png,,0.0951986,1,109717,109717
okvqa_val_579175,COCO_val2014_000000057917.jpg,shuffled_mask,E:\Bridging\annotation\stage3_paperpack72_labelme\paperpack81_final_assets\exported_masks\COCO_val2014_000000057917\shuffled.png,3799639952,0.124858,0,109717,109717
