stage,metric,pack,layer,direction,position_group,mask_condition,scale,top_k,n,prompt_runs,main_rows,zeroing_rows,group_rows,mean,ci95_low,ci95_high,positive_frac,rank_mean
hidden_lattice,hidden_target_logit_effect,primary,0,corrupt,answer_adjacent,answer_mask,1.0,,96,96,,,,-0.0006510416666666666,-0.10807291666666667,0.11458333333333333,0.4166666666666667,-0.041666666666666664
hidden_lattice,hidden_target_logit_effect,primary,0,corrupt,answer_adjacent,shifted_mask,1.0,,96,96,,,,0.07486979166666667,-0.02734375,0.173828125,0.5520833333333334,-0.03125
hidden_lattice,hidden_target_logit_effect,primary,0,corrupt,answer_adjacent,shuffled_mask,1.0,,96,96,,,,0.011067708333333334,-0.08528645833333333,0.12044270833333333,0.4583333333333333,0.020833333333333332
hidden_lattice,hidden_target_logit_effect,primary,0,corrupt,answer_adjacent,union_mask,1.0,,96,96,,,,0.024088541666666668,-0.09505208333333333,0.146484375,0.4583333333333333,0.020833333333333332
hidden_lattice,hidden_target_logit_effect,primary,0,corrupt,top_hidden_delta,answer_mask,1.0,,96,96,,,,0.12239583333333333,-0.029296875,0.2721354166666667,0.5208333333333334,1.3125
hidden_lattice,hidden_target_logit_effect,primary,0,corrupt,top_hidden_delta,shifted_mask,1.0,,96,96,,,,-0.048828125,-0.177734375,0.087890625,0.4270833333333333,0.0
hidden_lattice,hidden_target_logit_effect,primary,0,corrupt,top_hidden_delta,shuffled_mask,1.0,,96,96,,,,-0.009765625,-0.13541666666666666,0.11848958333333333,0.4270833333333333,-0.08333333333333333
hidden_lattice,hidden_target_logit_effect,primary,0,corrupt,top_hidden_delta,union_mask,1.0,,96,96,,,,0.0026041666666666665,-0.142578125,0.14192708333333334,0.4895833333333333,0.28125
hidden_lattice,hidden_target_logit_effect,primary,0,corrupt,visual+answer,answer_mask,1.0,,96,96,,,,4.143269856770833,3.4143880208333335,4.843017578125,0.8854166666666666,855.46875
hidden_lattice,hidden_target_logit_effect,primary,0,corrupt,visual+answer,shifted_mask,1.0,,96,96,,,,1.5872395833333333,1.1083984375,2.0826822916666665,0.65625,40.864583333333336
hidden_lattice,hidden_target_logit_effect,primary,0,corrupt,visual+answer,shuffled_mask,1.0,,96,96,,,,1.4664713541666667,0.9947916666666666,1.9554036458333333,0.6875,37.96875
hidden_lattice,hidden_target_logit_effect,primary,0,corrupt,visual+answer,union_mask,1.0,,96,96,,,,3.8766581217447915,3.189483642578125,4.55474853515625,0.90625,516.3645833333334
hidden_lattice,hidden_target_logit_effect,primary,0,corrupt,visual_span,answer_mask,1.0,,96,96,,,,4.147420247395833,3.4268798828125,4.847574869791667,0.8854166666666666,852.375
hidden_lattice,hidden_target_logit_effect,primary,0,corrupt,visual_span,shifted_mask,1.0,,96,96,,,,1.6246744791666667,1.1656901041666667,2.0817057291666665,0.6770833333333334,39.010416666666664
hidden_lattice,hidden_target_logit_effect,primary,0,corrupt,visual_span,shuffled_mask,1.0,,96,96,,,,1.4488932291666667,0.9713541666666666,1.943359375,0.65625,37.135416666666664
hidden_lattice,hidden_target_logit_effect,primary,0,corrupt,visual_span,union_mask,1.0,,96,96,,,,3.8573404947916665,3.1585286458333335,4.525960286458333,0.8854166666666666,483.53125
hidden_lattice,hidden_target_logit_effect,primary,0,restore,answer_adjacent,answer_mask,1.0,,96,96,,,,0.040771484375,-0.05126953125,0.1298828125,0.4895833333333333,-6.072916666666667
hidden_lattice,hidden_target_logit_effect,primary,0,restore,answer_adjacent,shifted_mask,1.0,,96,96,,,,0.0849609375,-0.0107421875,0.17805989583333334,0.5104166666666666,2.0104166666666665
hidden_lattice,hidden_target_logit_effect,primary,0,restore,answer_adjacent,shuffled_mask,1.0,,96,96,,,,-0.034830729166666664,-0.15071614583333334,0.06770833333333333,0.4270833333333333,-0.14583333333333334
hidden_lattice,hidden_target_logit_effect,primary,0,restore,answer_adjacent,union_mask,1.0,,96,96,,,,0.00042724609375,-0.0772705078125,0.07725016276041667,0.4270833333333333,-18.114583333333332
hidden_lattice,hidden_target_logit_effect,primary,0,restore,top_hidden_delta,answer_mask,1.0,,96,96,,,,3.6727294921875,3.0134684244791665,4.35009765625,0.8854166666666666,903.3333333333334
hidden_lattice,hidden_target_logit_effect,primary,0,restore,top_hidden_delta,shifted_mask,1.0,,96,96,,,,1.1481119791666667,0.7513020833333334,1.5882161458333333,0.6666666666666666,39.114583333333336
hidden_lattice,hidden_target_logit_effect,primary,0,restore,top_hidden_delta,shuffled_mask,1.0,,96,96,,,,1.1591796875,0.7890625,1.5660807291666667,0.7083333333333334,38.447916666666664
hidden_lattice,hidden_target_logit_effect,primary,0,restore,top_hidden_delta,union_mask,1.0,,96,96,,,,3.2750956217447915,2.620147705078125,3.9339497884114585,0.8854166666666666,565.6875
hidden_lattice,hidden_target_logit_effect,primary,0,restore,visual+answer,answer_mask,1.0,,96,96,,,,4.1961669921875,3.4290364583333335,4.939168294270833,0.8958333333333334,904.59375
hidden_lattice,hidden_target_logit_effect,primary,0,restore,visual+answer,shifted_mask,1.0,,96,96,,,,1.6162109375,1.1116536458333333,2.1383463541666665,0.65625,40.385416666666664
hidden_lattice,hidden_target_logit_effect,primary,0,restore,visual+answer,shuffled_mask,1.0,,96,96,,,,1.5074869791666667,1.0094401041666667,2.0319010416666665,0.6354166666666666,39.604166666666664
hidden_lattice,hidden_target_logit_effect,primary,0,restore,visual+answer,union_mask,1.0,,96,96,,,,3.8694966634114585,3.1390279134114585,4.578806559244792,0.8958333333333334,567.8958333333334
hidden_lattice,hidden_target_logit_effect,primary,0,restore,visual_span,answer_mask,1.0,,96,96,,,,4.222859700520833,3.469970703125,4.9716796875,0.8854166666666666,904.6979166666666
hidden_lattice,hidden_target_logit_effect,primary,0,restore,visual_span,shifted_mask,1.0,,96,96,,,,1.5940755208333333,1.1126302083333333,2.103515625,0.6875,40.375
hidden_lattice,hidden_target_logit_effect,primary,0,restore,visual_span,shuffled_mask,1.0,,96,96,,,,1.4586588541666667,0.9514973958333334,1.9899088541666667,0.6145833333333334,39.5
hidden_lattice,hidden_target_logit_effect,primary,0,restore,visual_span,union_mask,1.0,,96,96,,,,3.9280904134114585,3.181640625,4.606801350911458,0.8958333333333334,567.875
hidden_lattice,hidden_target_logit_effect,primary,1,corrupt,answer_adjacent,answer_mask,1.0,,96,96,,,,0.07552083333333333,-0.016927083333333332,0.1640625,0.5208333333333334,0.020833333333333332
hidden_lattice,hidden_target_logit_effect,primary,1,corrupt,answer_adjacent,shifted_mask,1.0,,96,96,,,,0.02734375,-0.07096354166666667,0.12890625,0.4479166666666667,-0.09375
hidden_lattice,hidden_target_logit_effect,primary,1,corrupt,answer_adjacent,shuffled_mask,1.0,,96,96,,,,0.038411458333333336,-0.06966145833333333,0.13346354166666666,0.53125,0.0
hidden_lattice,hidden_target_logit_effect,primary,1,corrupt,answer_adjacent,union_mask,1.0,,96,96,,,,-0.005208333333333333,-0.10872395833333333,0.09505208333333333,0.4479166666666667,0.0
hidden_lattice,hidden_target_logit_effect,primary,1,corrupt,top_hidden_delta,answer_mask,1.0,,96,96,,,,0.00390625,-0.169921875,0.18033854166666666,0.5,1.2083333333333333
hidden_lattice,hidden_target_logit_effect,primary,1,corrupt,top_hidden_delta,shifted_mask,1.0,,96,96,,,,-0.083984375,-0.19856770833333334,0.027994791666666668,0.3541666666666667,0.010416666666666666
hidden_lattice,hidden_target_logit_effect,primary,1,corrupt,top_hidden_delta,shuffled_mask,1.0,,96,96,,,,-0.05859375,-0.19010416666666666,0.078125,0.46875,-0.010416666666666666
hidden_lattice,hidden_target_logit_effect,primary,1,corrupt,top_hidden_delta,union_mask,1.0,,96,96,,,,-0.078125,-0.23372395833333334,0.08138020833333333,0.4479166666666667,0.22916666666666666
hidden_lattice,hidden_target_logit_effect,primary,1,corrupt,visual+answer,answer_mask,1.0,,96,96,,,,4.112955729166667,3.3896484375,4.806070963541667,0.875,829.3958333333334
hidden_lattice,hidden_target_logit_effect,primary,1,corrupt,visual+answer,shifted_mask,1.0,,96,96,,,,1.6100260416666667,1.1331380208333333,2.0947265625,0.6666666666666666,42.145833333333336
hidden_lattice,hidden_target_logit_effect,primary,1,corrupt,visual+answer,shuffled_mask,1.0,,96,96,,,,1.5068359375,1.0494791666666667,1.9830729166666667,0.7083333333333334,37.96875
hidden_lattice,hidden_target_logit_effect,primary,1,corrupt,visual+answer,union_mask,1.0,,96,96,,,,3.855926513671875,3.1731465657552085,4.531483968098958,0.8854166666666666,528.4479166666666
hidden_lattice,hidden_target_logit_effect,primary,1,corrupt,visual_span,answer_mask,1.0,,96,96,,,,4.16925048828125,3.4573567708333335,4.8671875,0.8958333333333334,798.9270833333334
hidden_lattice,hidden_target_logit_effect,primary,1,corrupt,visual_span,shifted_mask,1.0,,96,96,,,,1.57421875,1.1031901041666667,2.048828125,0.6458333333333334,39.666666666666664
hidden_lattice,hidden_target_logit_effect,primary,1,corrupt,visual_span,shuffled_mask,1.0,,96,96,,,,1.4697265625,1.00390625,1.9567057291666667,0.6770833333333334,38.21875
hidden_lattice,hidden_target_logit_effect,primary,1,corrupt,visual_span,union_mask,1.0,,96,96,,,,3.8557942708333335,3.173828125,4.52313232421875,0.9166666666666666,532.875
hidden_lattice,hidden_target_logit_effect,primary,1,restore,answer_adjacent,answer_mask,1.0,,96,96,,,,0.045654296875,-0.042561848958333336,0.13134765625,0.4791666666666667,43.0
hidden_lattice,hidden_target_logit_effect,primary,1,restore,answer_adjacent,shifted_mask,1.0,,96,96,,,,0.125,0.040690104166666664,0.20963541666666666,0.5208333333333334,0.8229166666666666
hidden_lattice,hidden_target_logit_effect,primary,1,restore,answer_adjacent,shuffled_mask,1.0,,96,96,,,,0.0087890625,-0.09049479166666667,0.11002604166666667,0.4791666666666667,-1.8333333333333333
hidden_lattice,hidden_target_logit_effect,primary,1,restore,answer_adjacent,union_mask,1.0,,96,96,,,,0.06598917643229167,-0.024169921875,0.164337158203125,0.4895833333333333,53.5625
hidden_lattice,hidden_target_logit_effect,primary,1,restore,top_hidden_delta,answer_mask,1.0,,96,96,,,,3.6323649088541665,2.9639892578125,4.307169596354167,0.8958333333333334,903.4270833333334
hidden_lattice,hidden_target_logit_effect,primary,1,restore,top_hidden_delta,shifted_mask,1.0,,96,96,,,,1.1025390625,0.7096354166666666,1.529296875,0.71875,38.864583333333336
hidden_lattice,hidden_target_logit_effect,primary,1,restore,top_hidden_delta,shuffled_mask,1.0,,96,96,,,,1.0458984375,0.6790364583333334,1.4488932291666667,0.6666666666666666,38.614583333333336
hidden_lattice,hidden_target_logit_effect,primary,1,restore,top_hidden_delta,union_mask,1.0,,96,96,,,,3.2858378092447915,2.6468404134114585,3.9369099934895835,0.9270833333333334,565.625
hidden_lattice,hidden_target_logit_effect,primary,1,restore,visual+answer,answer_mask,1.0,,96,96,,,,4.175333658854167,3.4264322916666665,4.935831705729167,0.8645833333333334,904.5208333333334
hidden_lattice,hidden_target_logit_effect,primary,1,restore,visual+answer,shifted_mask,1.0,,96,96,,,,1.5979817708333333,1.1048177083333333,2.0983072916666665,0.6666666666666666,40.364583333333336
hidden_lattice,hidden_target_logit_effect,primary,1,restore,visual+answer,shuffled_mask,1.0,,96,96,,,,1.4716796875,0.9661458333333334,1.9928385416666667,0.6770833333333334,39.6875
hidden_lattice,hidden_target_logit_effect,primary,1,restore,visual+answer,union_mask,1.0,,96,96,,,,3.952178955078125,3.2197265625,4.644887288411458,0.8854166666666666,567.7708333333334
hidden_lattice,hidden_target_logit_effect,primary,1,restore,visual_span,answer_mask,1.0,,96,96,,,,4.1981201171875,3.437255859375,4.943115234375,0.8854166666666666,904.7291666666666
hidden_lattice,hidden_target_logit_effect,primary,1,restore,visual_span,shifted_mask,1.0,,96,96,,,,1.6188151041666667,1.1461588541666667,2.109375,0.6979166666666666,40.364583333333336
hidden_lattice,hidden_target_logit_effect,primary,1,restore,visual_span,shuffled_mask,1.0,,96,96,,,,1.4046223958333333,0.9091796875,1.9397786458333333,0.6041666666666666,39.625
hidden_lattice,hidden_target_logit_effect,primary,1,restore,visual_span,union_mask,1.0,,96,96,,,,3.9098612467447915,3.1689453125,4.614349365234375,0.8854166666666666,567.84375
hidden_lattice,hidden_target_logit_effect,primary,10,corrupt,answer_adjacent,answer_mask,1.0,,96,96,,,,-0.2799479166666667,-0.4088541666666667,-0.150390625,0.28125,-0.15625
hidden_lattice,hidden_target_logit_effect,primary,10,corrupt,answer_adjacent,shifted_mask,1.0,,96,96,,,,-0.359375,-0.5006510416666666,-0.22916666666666666,0.23958333333333334,-0.23958333333333334
hidden_lattice,hidden_target_logit_effect,primary,10,corrupt,answer_adjacent,shuffled_mask,1.0,,96,96,,,,-0.28515625,-0.4108072916666667,-0.16015625,0.2708333333333333,-0.25
hidden_lattice,hidden_target_logit_effect,primary,10,corrupt,answer_adjacent,union_mask,1.0,,96,96,,,,-0.291015625,-0.4381510416666667,-0.15104166666666666,0.2916666666666667,-0.21875
hidden_lattice,hidden_target_logit_effect,primary,10,corrupt,top_hidden_delta,answer_mask,1.0,,96,96,,,,0.12174479166666667,-0.04296875,0.302734375,0.4895833333333333,0.13541666666666666
hidden_lattice,hidden_target_logit_effect,primary,10,corrupt,top_hidden_delta,shifted_mask,1.0,,96,96,,,,0.08854166666666667,-0.029947916666666668,0.21028645833333334,0.5625,-0.15625
hidden_lattice,hidden_target_logit_effect,primary,10,corrupt,top_hidden_delta,shuffled_mask,1.0,,96,96,,,,0.007161458333333333,-0.12109375,0.14453125,0.4583333333333333,-0.07291666666666667
hidden_lattice,hidden_target_logit_effect,primary,10,corrupt,top_hidden_delta,union_mask,1.0,,96,96,,,,0.09635416666666667,-0.026041666666666668,0.22591145833333334,0.5520833333333334,-0.010416666666666666
hidden_lattice,hidden_target_logit_effect,primary,10,corrupt,visual+answer,answer_mask,1.0,,96,96,,,,3.6486002604166665,2.9207356770833335,4.338541666666667,0.8645833333333334,911.4895833333334
hidden_lattice,hidden_target_logit_effect,primary,10,corrupt,visual+answer,shifted_mask,1.0,,96,96,,,,1.3470052083333333,0.8697916666666666,1.8238932291666667,0.6145833333333334,41.895833333333336
hidden_lattice,hidden_target_logit_effect,primary,10,corrupt,visual+answer,shuffled_mask,1.0,,96,96,,,,1.34765625,0.9075520833333334,1.7841796875,0.6354166666666666,26.229166666666668
hidden_lattice,hidden_target_logit_effect,primary,10,corrupt,visual+answer,union_mask,1.0,,96,96,,,,3.3387552897135415,2.6793416341145835,4.006561279296875,0.8541666666666666,595.4895833333334
hidden_lattice,hidden_target_logit_effect,primary,10,corrupt,visual_span,answer_mask,1.0,,96,96,,,,3.8704427083333335,3.156005859375,4.573079427083333,0.8958333333333334,1017.3645833333334
hidden_lattice,hidden_target_logit_effect,primary,10,corrupt,visual_span,shifted_mask,1.0,,96,96,,,,1.615234375,1.1705729166666667,2.0823567708333335,0.6875,45.322916666666664
hidden_lattice,hidden_target_logit_effect,primary,10,corrupt,visual_span,shuffled_mask,1.0,,96,96,,,,1.5872395833333333,1.1656901041666667,2.0087890625,0.7395833333333334,29.3125
hidden_lattice,hidden_target_logit_effect,primary,10,corrupt,visual_span,union_mask,1.0,,96,96,,,,3.6080729166666665,2.9529215494791665,4.280354817708333,0.8958333333333334,706.9895833333334
hidden_lattice,hidden_target_logit_effect,primary,10,restore,answer_adjacent,answer_mask,1.0,,96,96,,,,-0.13525390625,-0.2633463541666667,-0.005615234375,0.375,-26.416666666666668
hidden_lattice,hidden_target_logit_effect,primary,10,restore,answer_adjacent,shifted_mask,1.0,,96,96,,,,-0.20247395833333334,-0.3414713541666667,-0.07194010416666667,0.3229166666666667,-2.1875
hidden_lattice,hidden_target_logit_effect,primary,10,restore,answer_adjacent,shuffled_mask,1.0,,96,96,,,,-0.22037760416666666,-0.341796875,-0.10026041666666667,0.23958333333333334,-3.0208333333333335
hidden_lattice,hidden_target_logit_effect,primary,10,restore,answer_adjacent,union_mask,1.0,,96,96,,,,-0.24465433756510416,-0.4033660888671875,-0.09002685546875,0.3229166666666667,-112.3125
hidden_lattice,hidden_target_logit_effect,primary,10,restore,top_hidden_delta,answer_mask,1.0,,96,96,,,,3.1961669921875,2.5437418619791665,3.8283284505208335,0.8645833333333334,897.7083333333334
hidden_lattice,hidden_target_logit_effect,primary,10,restore,top_hidden_delta,shifted_mask,1.0,,96,96,,,,0.8206380208333334,0.4892578125,1.2115885416666667,0.6041666666666666,26.5
hidden_lattice,hidden_target_logit_effect,primary,10,restore,top_hidden_delta,shuffled_mask,1.0,,96,96,,,,0.8014322916666666,0.4482421875,1.1949869791666667,0.59375,36.947916666666664
hidden_lattice,hidden_target_logit_effect,primary,10,restore,top_hidden_delta,union_mask,1.0,,96,96,,,,2.565460205078125,1.9772135416666667,3.1520792643229165,0.8645833333333334,518.375
hidden_lattice,hidden_target_logit_effect,primary,10,restore,visual+answer,answer_mask,1.0,,96,96,,,,3.9930419921875,3.2529296875,4.736328125,0.8645833333333334,904.1354166666666
hidden_lattice,hidden_target_logit_effect,primary,10,restore,visual+answer,shifted_mask,1.0,,96,96,,,,1.5458984375,1.0406901041666667,2.0341796875,0.6458333333333334,40.010416666666664
hidden_lattice,hidden_target_logit_effect,primary,10,restore,visual+answer,shuffled_mask,1.0,,96,96,,,,1.4664713541666667,1.0113932291666667,1.9459635416666667,0.6666666666666666,39.166666666666664
hidden_lattice,hidden_target_logit_effect,primary,10,restore,visual+answer,union_mask,1.0,,96,96,,,,3.7523091634114585,3.0257466634114585,4.447296142578125,0.8854166666666666,567.0833333333334
hidden_lattice,hidden_target_logit_effect,primary,10,restore,visual_span,answer_mask,1.0,,96,96,,,,4.267130533854167,3.5348307291666665,4.969970703125,0.875,904.1458333333334
hidden_lattice,hidden_target_logit_effect,primary,10,restore,visual_span,shifted_mask,1.0,,96,96,,,,1.8531901041666667,1.4033203125,2.3167317708333335,0.7708333333333334,39.989583333333336
hidden_lattice,hidden_target_logit_effect,primary,10,restore,visual_span,shuffled_mask,1.0,,96,96,,,,1.7457682291666667,1.2858072916666667,2.2229817708333335,0.7395833333333334,39.260416666666664
hidden_lattice,hidden_target_logit_effect,primary,10,restore,visual_span,union_mask,1.0,,96,96,,,,4.105824788411458,3.3929341634114585,4.775156656901042,0.8958333333333334,567.2291666666666
hidden_lattice,hidden_target_logit_effect,primary,11,corrupt,answer_adjacent,answer_mask,1.0,,96,96,,,,-0.2578125,-0.4166666666666667,-0.09895833333333333,0.2916666666666667,-0.14583333333333334
hidden_lattice,hidden_target_logit_effect,primary,11,corrupt,answer_adjacent,shifted_mask,1.0,,96,96,,,,-0.34765625,-0.5013020833333334,-0.20572916666666666,0.22916666666666666,-0.09375
hidden_lattice,hidden_target_logit_effect,primary,11,corrupt,answer_adjacent,shuffled_mask,1.0,,96,96,,,,-0.3014322916666667,-0.4544270833333333,-0.14713541666666666,0.3125,-0.22916666666666666
hidden_lattice,hidden_target_logit_effect,primary,11,corrupt,answer_adjacent,union_mask,1.0,,96,96,,,,-0.31640625,-0.4778645833333333,-0.15494791666666666,0.28125,-0.20833333333333334
hidden_lattice,hidden_target_logit_effect,primary,11,corrupt,top_hidden_delta,answer_mask,1.0,,96,96,,,,0.17252604166666666,0.009765625,0.3665364583333333,0.5416666666666666,0.1875
hidden_lattice,hidden_target_logit_effect,primary,11,corrupt,top_hidden_delta,shifted_mask,1.0,,96,96,,,,0.048828125,-0.064453125,0.169921875,0.4270833333333333,-0.11458333333333333
hidden_lattice,hidden_target_logit_effect,primary,11,corrupt,top_hidden_delta,shuffled_mask,1.0,,96,96,,,,-0.04296875,-0.14778645833333334,0.055338541666666664,0.4270833333333333,-0.052083333333333336
hidden_lattice,hidden_target_logit_effect,primary,11,corrupt,top_hidden_delta,union_mask,1.0,,96,96,,,,0.091796875,-0.0390625,0.21354166666666666,0.53125,-0.03125
hidden_lattice,hidden_target_logit_effect,primary,11,corrupt,visual+answer,answer_mask,1.0,,96,96,,,,3.4654947916666665,2.7496744791666665,4.167032877604167,0.8541666666666666,771.2395833333334
hidden_lattice,hidden_target_logit_effect,primary,11,corrupt,visual+answer,shifted_mask,1.0,,96,96,,,,1.2594401041666667,0.7998046875,1.740234375,0.59375,35.458333333333336
hidden_lattice,hidden_target_logit_effect,primary,11,corrupt,visual+answer,shuffled_mask,1.0,,96,96,,,,1.2744140625,0.8362630208333334,1.7109375,0.6458333333333334,24.791666666666668
hidden_lattice,hidden_target_logit_effect,primary,11,corrupt,visual+answer,union_mask,1.0,,96,96,,,,3.1258036295572915,2.4586588541666665,3.804168701171875,0.8645833333333334,554.3333333333334
hidden_lattice,hidden_target_logit_effect,primary,11,corrupt,visual_span,answer_mask,1.0,,96,96,,,,3.6916097005208335,2.9837239583333335,4.397745768229167,0.8958333333333334,778.3020833333334
hidden_lattice,hidden_target_logit_effect,primary,11,corrupt,visual_span,shifted_mask,1.0,,96,96,,,,1.5791015625,1.1526692708333333,2.0309244791666665,0.71875,42.21875
hidden_lattice,hidden_target_logit_effect,primary,11,corrupt,visual_span,shuffled_mask,1.0,,96,96,,,,1.5520833333333333,1.1266276041666667,1.9853515625,0.78125,30.46875
hidden_lattice,hidden_target_logit_effect,primary,11,corrupt,visual_span,union_mask,1.0,,96,96,,,,3.409856160481771,2.7730560302734375,4.068440755208333,0.8854166666666666,581.2291666666666
hidden_lattice,hidden_target_logit_effect,primary,11,restore,answer_adjacent,answer_mask,1.0,,96,96,,,,-0.10182698567708333,-0.22054036458333334,0.0250244140625,0.4166666666666667,-20.270833333333332
hidden_lattice,hidden_target_logit_effect,primary,11,restore,answer_adjacent,shifted_mask,1.0,,96,96,,,,-0.205078125,-0.3414713541666667,-0.06673177083333333,0.34375,-3.0
hidden_lattice,hidden_target_logit_effect,primary,11,restore,answer_adjacent,shuffled_mask,1.0,,96,96,,,,-0.17447916666666666,-0.310546875,-0.043294270833333336,0.3020833333333333,-3.1979166666666665
hidden_lattice,hidden_target_logit_effect,primary,11,restore,answer_adjacent,union_mask,1.0,,96,96,,,,-0.2728729248046875,-0.4231974283854167,-0.12131245930989583,0.3333333333333333,-130.27083333333334
hidden_lattice,hidden_target_logit_effect,primary,11,restore,top_hidden_delta,answer_mask,1.0,,96,96,,,,2.9686279296875,2.32568359375,3.5901692708333335,0.8541666666666666,891.1354166666666
hidden_lattice,hidden_target_logit_effect,primary,11,restore,top_hidden_delta,shifted_mask,1.0,,96,96,,,,0.8209635416666666,0.4967447916666667,1.1891276041666667,0.6666666666666666,25.5
hidden_lattice,hidden_target_logit_effect,primary,11,restore,top_hidden_delta,shuffled_mask,1.0,,96,96,,,,0.6393229166666666,0.3082682291666667,1.0126953125,0.5416666666666666,37.072916666666664
hidden_lattice,hidden_target_logit_effect,primary,11,restore,top_hidden_delta,union_mask,1.0,,96,96,,,,2.4300435384114585,1.8600565592447917,2.982421875,0.8645833333333334,542.4479166666666
hidden_lattice,hidden_target_logit_effect,primary,11,restore,visual+answer,answer_mask,1.0,,96,96,,,,3.9240315755208335,3.1861165364583335,4.66748046875,0.8645833333333334,903.6666666666666
hidden_lattice,hidden_target_logit_effect,primary,11,restore,visual+answer,shifted_mask,1.0,,96,96,,,,1.4912109375,1.001953125,1.9847005208333333,0.6354166666666666,40.052083333333336
hidden_lattice,hidden_target_logit_effect,primary,11,restore,visual+answer,shuffled_mask,1.0,,96,96,,,,1.4137369791666667,0.9446614583333334,1.9140625,0.6458333333333334,39.270833333333336
hidden_lattice,hidden_target_logit_effect,primary,11,restore,visual+answer,union_mask,1.0,,96,96,,,,3.6234029134114585,2.9072265625,4.320078531901042,0.8541666666666666,566.8020833333334
hidden_lattice,hidden_target_logit_effect,primary,11,restore,visual_span,answer_mask,1.0,,96,96,,,,4.1942138671875,3.4673665364583335,4.895833333333333,0.8854166666666666,903.7916666666666
hidden_lattice,hidden_target_logit_effect,primary,11,restore,visual_span,shifted_mask,1.0,,96,96,,,,1.8955078125,1.4228515625,2.3717447916666665,0.7708333333333334,40.041666666666664
hidden_lattice,hidden_target_logit_effect,primary,11,restore,visual_span,shuffled_mask,1.0,,96,96,,,,1.6975911458333333,1.2249348958333333,2.1764322916666665,0.7395833333333334,39.28125
hidden_lattice,hidden_target_logit_effect,primary,11,restore,visual_span,union_mask,1.0,,96,96,,,,3.961944580078125,3.2552083333333335,4.623728434244792,0.90625,566.9895833333334
hidden_lattice,hidden_target_logit_effect,primary,12,corrupt,answer_adjacent,answer_mask,1.0,,96,96,,,,-0.3040364583333333,-0.4505208333333333,-0.15494791666666666,0.2708333333333333,-0.19791666666666666
hidden_lattice,hidden_target_logit_effect,primary,12,corrupt,answer_adjacent,shifted_mask,1.0,,96,96,,,,-0.33203125,-0.4713541666666667,-0.19010416666666666,0.28125,-0.14583333333333334
hidden_lattice,hidden_target_logit_effect,primary,12,corrupt,answer_adjacent,shuffled_mask,1.0,,96,96,,,,-0.2962239583333333,-0.4453125,-0.13736979166666666,0.2708333333333333,-0.23958333333333334
hidden_lattice,hidden_target_logit_effect,primary,12,corrupt,answer_adjacent,union_mask,1.0,,96,96,,,,-0.33203125,-0.4928385416666667,-0.17317708333333334,0.2916666666666667,-0.15625
hidden_lattice,hidden_target_logit_effect,primary,12,corrupt,top_hidden_delta,answer_mask,1.0,,96,96,,,,0.11393229166666667,-0.05859375,0.3118489583333333,0.4375,0.14583333333333334
hidden_lattice,hidden_target_logit_effect,primary,12,corrupt,top_hidden_delta,shifted_mask,1.0,,96,96,,,,0.001953125,-0.111328125,0.119140625,0.4479166666666667,-0.041666666666666664
hidden_lattice,hidden_target_logit_effect,primary,12,corrupt,top_hidden_delta,shuffled_mask,1.0,,96,96,,,,0.015625,-0.10026041666666667,0.14388020833333334,0.4479166666666667,-0.09375
hidden_lattice,hidden_target_logit_effect,primary,12,corrupt,top_hidden_delta,union_mask,1.0,,96,96,,,,0.07942708333333333,-0.053385416666666664,0.22200520833333334,0.4895833333333333,-0.03125
hidden_lattice,hidden_target_logit_effect,primary,12,corrupt,visual+answer,answer_mask,1.0,,96,96,,,,3.2707621256510415,2.5771484375,3.9523722330729165,0.84375,454.2395833333333
hidden_lattice,hidden_target_logit_effect,primary,12,corrupt,visual+answer,shifted_mask,1.0,,96,96,,,,1.2913411458333333,0.845703125,1.7213541666666667,0.625,32.354166666666664
hidden_lattice,hidden_target_logit_effect,primary,12,corrupt,visual+answer,shuffled_mask,1.0,,96,96,,,,1.2141927083333333,0.7952473958333334,1.6272786458333333,0.65625,25.5
hidden_lattice,hidden_target_logit_effect,primary,12,corrupt,visual+answer,union_mask,1.0,,96,96,,,,2.9428812662760415,2.264739990234375,3.6080830891927085,0.8229166666666666,335.3854166666667
hidden_lattice,hidden_target_logit_effect,primary,12,corrupt,visual_span,answer_mask,1.0,,96,96,,,,3.5458170572916665,2.84698486328125,4.2420654296875,0.8958333333333334,504.3229166666667
hidden_lattice,hidden_target_logit_effect,primary,12,corrupt,visual_span,shifted_mask,1.0,,96,96,,,,1.5494791666666667,1.1204427083333333,2.005859375,0.7083333333333334,34.385416666666664
hidden_lattice,hidden_target_logit_effect,primary,12,corrupt,visual_span,shuffled_mask,1.0,,96,96,,,,1.4069010416666667,0.9892578125,1.8326822916666667,0.7083333333333334,27.697916666666668
hidden_lattice,hidden_target_logit_effect,primary,12,corrupt,visual_span,union_mask,1.0,,96,96,,,,3.183537801106771,2.519434611002604,3.8581136067708335,0.8958333333333334,414.2916666666667
hidden_lattice,hidden_target_logit_effect,primary,12,restore,answer_adjacent,answer_mask,1.0,,96,96,,,,-0.11580403645833333,-0.23527018229166666,0.004150390625,0.4166666666666667,-98.54166666666667
hidden_lattice,hidden_target_logit_effect,primary,12,restore,answer_adjacent,shifted_mask,1.0,,96,96,,,,-0.20638020833333334,-0.3369140625,-0.068359375,0.28125,-2.3333333333333335
hidden_lattice,hidden_target_logit_effect,primary,12,restore,answer_adjacent,shuffled_mask,1.0,,96,96,,,,-0.177734375,-0.3024088541666667,-0.053385416666666664,0.34375,-0.010416666666666666
hidden_lattice,hidden_target_logit_effect,primary,12,restore,answer_adjacent,union_mask,1.0,,96,96,,,,-0.1906000773111979,-0.32790374755859375,-0.04822540283203125,0.3854166666666667,-134.66666666666666
hidden_lattice,hidden_target_logit_effect,primary,12,restore,top_hidden_delta,answer_mask,1.0,,96,96,,,,2.7502034505208335,2.1579996744791665,3.3355712890625,0.8645833333333334,884.1145833333334
hidden_lattice,hidden_target_logit_effect,primary,12,restore,top_hidden_delta,shifted_mask,1.0,,96,96,,,,0.9228515625,0.5380859375,1.333984375,0.5729166666666666,37.708333333333336
hidden_lattice,hidden_target_logit_effect,primary,12,restore,top_hidden_delta,shuffled_mask,1.0,,96,96,,,,0.6676432291666666,0.3287760416666667,1.0354817708333333,0.5729166666666666,36.604166666666664
hidden_lattice,hidden_target_logit_effect,primary,12,restore,top_hidden_delta,union_mask,1.0,,96,96,,,,2.261749267578125,1.7021484375,2.835968017578125,0.8645833333333334,545.2395833333334
hidden_lattice,hidden_target_logit_effect,primary,12,restore,visual+answer,answer_mask,1.0,,96,96,,,,3.7795003255208335,3.0629475911458335,4.510294596354167,0.875,902.84375
hidden_lattice,hidden_target_logit_effect,primary,12,restore,visual+answer,shifted_mask,1.0,,96,96,,,,1.4332682291666667,0.9443359375,1.9261067708333333,0.6354166666666666,40.03125
hidden_lattice,hidden_target_logit_effect,primary,12,restore,visual+answer,shuffled_mask,1.0,,96,96,,,,1.3837890625,0.9176432291666666,1.8704427083333333,0.6666666666666666,39.197916666666664
hidden_lattice,hidden_target_logit_effect,primary,12,restore,visual+answer,union_mask,1.0,,96,96,,,,3.4450174967447915,2.7581685384114585,4.10357666015625,0.8541666666666666,565.6458333333334
hidden_lattice,hidden_target_logit_effect,primary,12,restore,visual_span,answer_mask,1.0,,96,96,,,,3.9373779296875,3.2350260416666665,4.6458740234375,0.8854166666666666,902.75
hidden_lattice,hidden_target_logit_effect,primary,12,restore,visual_span,shifted_mask,1.0,,96,96,,,,1.7457682291666667,1.3079427083333333,2.181640625,0.75,39.947916666666664
hidden_lattice,hidden_target_logit_effect,primary,12,restore,visual_span,shuffled_mask,1.0,,96,96,,,,1.5179036458333333,1.0751953125,1.9703776041666667,0.7083333333333334,39.072916666666664
hidden_lattice,hidden_target_logit_effect,primary,12,restore,visual_span,union_mask,1.0,,96,96,,,,3.7516581217447915,3.0598958333333335,4.418060302734375,0.8854166666666666,566.0
hidden_lattice,hidden_target_logit_effect,primary,13,corrupt,answer_adjacent,answer_mask,1.0,,96,96,,,,-0.19140625,-0.3359375,-0.042317708333333336,0.3125,0.07291666666666667
hidden_lattice,hidden_target_logit_effect,primary,13,corrupt,answer_adjacent,shifted_mask,1.0,,96,96,,,,-0.2610677083333333,-0.40625,-0.11979166666666667,0.2604166666666667,-0.21875
hidden_lattice,hidden_target_logit_effect,primary,13,corrupt,answer_adjacent,shuffled_mask,1.0,,96,96,,,,-0.181640625,-0.3483072916666667,-0.024739583333333332,0.3229166666666667,-0.0625
hidden_lattice,hidden_target_logit_effect,primary,13,corrupt,answer_adjacent,union_mask,1.0,,96,96,,,,-0.22916666666666666,-0.40625,-0.053385416666666664,0.3333333333333333,0.041666666666666664
hidden_lattice,hidden_target_logit_effect,primary,13,corrupt,top_hidden_delta,answer_mask,1.0,,96,96,,,,0.123046875,-0.029296875,0.310546875,0.46875,0.052083333333333336
hidden_lattice,hidden_target_logit_effect,primary,13,corrupt,top_hidden_delta,shifted_mask,1.0,,96,96,,,,0.010416666666666666,-0.11848958333333333,0.14322916666666666,0.4375,-0.14583333333333334
hidden_lattice,hidden_target_logit_effect,primary,13,corrupt,top_hidden_delta,shuffled_mask,1.0,,96,96,,,,-0.038411458333333336,-0.15299479166666666,0.0859375,0.3854166666666667,-0.010416666666666666
hidden_lattice,hidden_target_logit_effect,primary,13,corrupt,top_hidden_delta,union_mask,1.0,,96,96,,,,0.011067708333333334,-0.109375,0.14388020833333334,0.40625,-0.020833333333333332
hidden_lattice,hidden_target_logit_effect,primary,13,corrupt,visual+answer,answer_mask,1.0,,96,96,,,,2.9202473958333335,2.2900390625,3.5764973958333335,0.8125,105.6875
hidden_lattice,hidden_target_logit_effect,primary,13,corrupt,visual+answer,shifted_mask,1.0,,96,96,,,,1.232421875,0.810546875,1.6725260416666667,0.6145833333333334,34.75
hidden_lattice,hidden_target_logit_effect,primary,13,corrupt,visual+answer,shuffled_mask,1.0,,96,96,,,,1.1715494791666667,0.7698567708333334,1.5777994791666667,0.6041666666666666,31.354166666666668
hidden_lattice,hidden_target_logit_effect,primary,13,corrupt,visual+answer,union_mask,1.0,,96,96,,,,2.64697265625,2.0543619791666665,3.2335611979166665,0.8333333333333334,87.60416666666667
hidden_lattice,hidden_target_logit_effect,primary,13,corrupt,visual_span,answer_mask,1.0,,96,96,,,,3.1140950520833335,2.4861653645833335,3.7395833333333335,0.8645833333333334,105.84375
hidden_lattice,hidden_target_logit_effect,primary,13,corrupt,visual_span,shifted_mask,1.0,,96,96,,,,1.3938802083333333,0.9892578125,1.8154296875,0.7083333333333334,29.9375
hidden_lattice,hidden_target_logit_effect,primary,13,corrupt,visual_span,shuffled_mask,1.0,,96,96,,,,1.3430989583333333,0.9622395833333334,1.7356770833333333,0.7291666666666666,31.260416666666668
hidden_lattice,hidden_target_logit_effect,primary,13,corrupt,visual_span,union_mask,1.0,,96,96,,,,2.81103515625,2.24658203125,3.3790690104166665,0.875,96.41666666666667
hidden_lattice,hidden_target_logit_effect,primary,13,restore,answer_adjacent,answer_mask,1.0,,96,96,,,,-0.031880696614583336,-0.16957600911458334,0.1011962890625,0.4479166666666667,-16.5
hidden_lattice,hidden_target_logit_effect,primary,13,restore,answer_adjacent,shifted_mask,1.0,,96,96,,,,-0.15364583333333334,-0.2932942708333333,-0.009440104166666666,0.34375,2.1666666666666665
hidden_lattice,hidden_target_logit_effect,primary,13,restore,answer_adjacent,shuffled_mask,1.0,,96,96,,,,-0.062174479166666664,-0.17350260416666666,0.0439453125,0.40625,1.9375
hidden_lattice,hidden_target_logit_effect,primary,13,restore,answer_adjacent,union_mask,1.0,,96,96,,,,-0.11406453450520833,-0.27239990234375,0.04736328125,0.40625,-84.04166666666667
hidden_lattice,hidden_target_logit_effect,primary,13,restore,top_hidden_delta,answer_mask,1.0,,96,96,,,,2.4347737630208335,1.8676350911458333,3.0078125,0.84375,875.5208333333334
hidden_lattice,hidden_target_logit_effect,primary,13,restore,top_hidden_delta,shifted_mask,1.0,,96,96,,,,0.8128255208333334,0.4840494791666667,1.1793619791666667,0.6354166666666666,37.885416666666664
hidden_lattice,hidden_target_logit_effect,primary,13,restore,top_hidden_delta,shuffled_mask,1.0,,96,96,,,,0.5478515625,0.22200520833333334,0.9052734375,0.5520833333333334,36.197916666666664
hidden_lattice,hidden_target_logit_effect,primary,13,restore,top_hidden_delta,union_mask,1.0,,96,96,,,,1.9665018717447917,1.457061767578125,2.5114542643229165,0.8645833333333334,538.84375
hidden_lattice,hidden_target_logit_effect,primary,13,restore,visual+answer,answer_mask,1.0,,96,96,,,,3.6844482421875,2.9883219401041665,4.394612630208333,0.8541666666666666,902.6770833333334
hidden_lattice,hidden_target_logit_effect,primary,13,restore,visual+answer,shifted_mask,1.0,,96,96,,,,1.5094401041666667,1.0341796875,2.0065104166666665,0.6770833333333334,40.041666666666664
hidden_lattice,hidden_target_logit_effect,primary,13,restore,visual+answer,shuffled_mask,1.0,,96,96,,,,1.2854817708333333,0.85546875,1.759765625,0.6458333333333334,39.177083333333336
hidden_lattice,hidden_target_logit_effect,primary,13,restore,visual+answer,union_mask,1.0,,96,96,,,,3.3480122884114585,2.675811767578125,4.035512288411458,0.8645833333333334,564.6354166666666
hidden_lattice,hidden_target_logit_effect,primary,13,restore,visual_span,answer_mask,1.0,,96,96,,,,3.8901774088541665,3.2132568359375,4.566569010416667,0.8854166666666666,902.2604166666666
hidden_lattice,hidden_target_logit_effect,primary,13,restore,visual_span,shifted_mask,1.0,,96,96,,,,1.7106119791666667,1.2613932291666667,2.1722005208333335,0.7395833333333334,40.03125
hidden_lattice,hidden_target_logit_effect,primary,13,restore,visual_span,shuffled_mask,1.0,,96,96,,,,1.5035807291666667,1.0895182291666667,1.9244791666666667,0.71875,39.03125
hidden_lattice,hidden_target_logit_effect,primary,13,restore,visual_span,union_mask,1.0,,96,96,,,,3.594757080078125,2.942474365234375,4.23541259765625,0.8958333333333334,564.7395833333334
hidden_lattice,hidden_target_logit_effect,primary,14,corrupt,answer_adjacent,answer_mask,1.0,,96,96,,,,-0.30859375,-0.482421875,-0.142578125,0.28125,0.0625
hidden_lattice,hidden_target_logit_effect,primary,14,corrupt,answer_adjacent,shifted_mask,1.0,,96,96,,,,-0.3430989583333333,-0.5227864583333334,-0.158203125,0.2604166666666667,0.10416666666666667
hidden_lattice,hidden_target_logit_effect,primary,14,corrupt,answer_adjacent,shuffled_mask,1.0,,96,96,,,,-0.3190104166666667,-0.4967447916666667,-0.14583333333333334,0.23958333333333334,-0.020833333333333332
hidden_lattice,hidden_target_logit_effect,primary,14,corrupt,answer_adjacent,union_mask,1.0,,96,96,,,,-0.3502604166666667,-0.5397135416666666,-0.16927083333333334,0.2916666666666667,0.020833333333333332
hidden_lattice,hidden_target_logit_effect,primary,14,corrupt,top_hidden_delta,answer_mask,1.0,,96,96,,,,0.10807291666666667,-0.034505208333333336,0.2623697916666667,0.5,0.03125
hidden_lattice,hidden_target_logit_effect,primary,14,corrupt,top_hidden_delta,shifted_mask,1.0,,96,96,,,,-0.006510416666666667,-0.115234375,0.09049479166666667,0.4166666666666667,0.0625
hidden_lattice,hidden_target_logit_effect,primary,14,corrupt,top_hidden_delta,shuffled_mask,1.0,,96,96,,,,-0.0032552083333333335,-0.12109375,0.10481770833333333,0.46875,-0.08333333333333333
hidden_lattice,hidden_target_logit_effect,primary,14,corrupt,top_hidden_delta,union_mask,1.0,,96,96,,,,0.057291666666666664,-0.061197916666666664,0.17903645833333334,0.4583333333333333,0.052083333333333336
hidden_lattice,hidden_target_logit_effect,primary,14,corrupt,visual+answer,answer_mask,1.0,,96,96,,,,2.4464518229166665,1.8474934895833333,3.04833984375,0.7395833333333334,80.72916666666667
hidden_lattice,hidden_target_logit_effect,primary,14,corrupt,visual+answer,shifted_mask,1.0,,96,96,,,,1.0393880208333333,0.6233723958333334,1.44921875,0.5625,41.458333333333336
hidden_lattice,hidden_target_logit_effect,primary,14,corrupt,visual+answer,shuffled_mask,1.0,,96,96,,,,0.91796875,0.5406901041666666,1.2942708333333333,0.6354166666666666,17.708333333333332
hidden_lattice,hidden_target_logit_effect,primary,14,corrupt,visual+answer,union_mask,1.0,,96,96,,,,2.0646158854166665,1.5432942708333333,2.6134440104166665,0.7395833333333334,55.645833333333336
hidden_lattice,hidden_target_logit_effect,primary,14,corrupt,visual_span,answer_mask,1.0,,96,96,,,,2.67236328125,2.1066080729166665,3.2587890625,0.84375,67.11458333333333
hidden_lattice,hidden_target_logit_effect,primary,14,corrupt,visual_span,shifted_mask,1.0,,96,96,,,,1.3072916666666667,0.9404296875,1.7063802083333333,0.7916666666666666,40.916666666666664
hidden_lattice,hidden_target_logit_effect,primary,14,corrupt,visual_span,shuffled_mask,1.0,,96,96,,,,1.0960286458333333,0.7711588541666666,1.4322916666666667,0.6770833333333334,20.90625
hidden_lattice,hidden_target_logit_effect,primary,14,corrupt,visual_span,union_mask,1.0,,96,96,,,,2.3707682291666665,1.875,2.888671875,0.8541666666666666,48.90625
hidden_lattice,hidden_target_logit_effect,primary,14,restore,answer_adjacent,answer_mask,1.0,,96,96,,,,-0.08345540364583333,-0.24092610677083334,0.06746419270833333,0.4583333333333333,91.84375
hidden_lattice,hidden_target_logit_effect,primary,14,restore,answer_adjacent,shifted_mask,1.0,,96,96,,,,-0.11328125,-0.2643229166666667,0.057942708333333336,0.375,-6.072916666666667
hidden_lattice,hidden_target_logit_effect,primary,14,restore,answer_adjacent,shuffled_mask,1.0,,96,96,,,,-0.13216145833333334,-0.2805989583333333,0.013671875,0.40625,-3.2916666666666665
hidden_lattice,hidden_target_logit_effect,primary,14,restore,answer_adjacent,union_mask,1.0,,96,96,,,,-0.08473714192708333,-0.2618204752604167,0.09535725911458333,0.4166666666666667,-4.802083333333333
hidden_lattice,hidden_target_logit_effect,primary,14,restore,top_hidden_delta,answer_mask,1.0,,96,96,,,,1.7544352213541667,1.2911783854166667,2.2567952473958335,0.8125,803.7395833333334
hidden_lattice,hidden_target_logit_effect,primary,14,restore,top_hidden_delta,shifted_mask,1.0,,96,96,,,,0.6396484375,0.3597005208333333,0.9388020833333334,0.6875,36.395833333333336
hidden_lattice,hidden_target_logit_effect,primary,14,restore,top_hidden_delta,shuffled_mask,1.0,,96,96,,,,0.4612630208333333,0.19661458333333334,0.7425130208333334,0.6145833333333334,35.21875
hidden_lattice,hidden_target_logit_effect,primary,14,restore,top_hidden_delta,union_mask,1.0,,96,96,,,,1.4534810384114583,1.029296875,1.916015625,0.7916666666666666,498.0416666666667
hidden_lattice,hidden_target_logit_effect,primary,14,restore,visual+answer,answer_mask,1.0,,96,96,,,,3.1099039713541665,2.4540608723958335,3.7932535807291665,0.8333333333333334,897.125
hidden_lattice,hidden_target_logit_effect,primary,14,restore,visual+answer,shifted_mask,1.0,,96,96,,,,1.2386067708333333,0.7919921875,1.6988932291666667,0.6458333333333334,39.65625
hidden_lattice,hidden_target_logit_effect,primary,14,restore,visual+answer,shuffled_mask,1.0,,96,96,,,,1.0426432291666667,0.6162109375,1.4970703125,0.625,38.333333333333336
hidden_lattice,hidden_target_logit_effect,primary,14,restore,visual+answer,union_mask,1.0,,96,96,,,,2.8717753092447915,2.233428955078125,3.5335896809895835,0.84375,561.1979166666666
hidden_lattice,hidden_target_logit_effect,primary,14,restore,visual_span,answer_mask,1.0,,96,96,,,,3.1870524088541665,2.57275390625,3.8365478515625,0.875,894.9270833333334
hidden_lattice,hidden_target_logit_effect,primary,14,restore,visual_span,shifted_mask,1.0,,96,96,,,,1.4332682291666667,1.0299479166666667,1.8580729166666667,0.75,39.729166666666664
hidden_lattice,hidden_target_logit_effect,primary,14,restore,visual_span,shuffled_mask,1.0,,96,96,,,,1.2470703125,0.8525390625,1.6529947916666667,0.6666666666666666,38.927083333333336
hidden_lattice,hidden_target_logit_effect,primary,14,restore,visual_span,union_mask,1.0,,96,96,,,,3.1002909342447915,2.48248291015625,3.7448221842447915,0.8854166666666666,560.5416666666666
hidden_lattice,hidden_target_logit_effect,primary,15,corrupt,answer_adjacent,answer_mask,1.0,,96,96,,,,-0.2571614583333333,-0.4375,-0.083984375,0.3645833333333333,0.010416666666666666
hidden_lattice,hidden_target_logit_effect,primary,15,corrupt,answer_adjacent,shifted_mask,1.0,,96,96,,,,-0.3177083333333333,-0.515625,-0.13671875,0.3333333333333333,0.16666666666666666
hidden_lattice,hidden_target_logit_effect,primary,15,corrupt,answer_adjacent,shuffled_mask,1.0,,96,96,,,,-0.244140625,-0.4244791666666667,-0.07421875,0.34375,0.07291666666666667
hidden_lattice,hidden_target_logit_effect,primary,15,corrupt,answer_adjacent,union_mask,1.0,,96,96,,,,-0.3033854166666667,-0.4973958333333333,-0.12109375,0.3125,0.020833333333333332
hidden_lattice,hidden_target_logit_effect,primary,15,corrupt,top_hidden_delta,answer_mask,1.0,,96,96,,,,0.064453125,-0.06640625,0.19205729166666666,0.53125,-0.041666666666666664
hidden_lattice,hidden_target_logit_effect,primary,15,corrupt,top_hidden_delta,shifted_mask,1.0,,96,96,,,,0.052734375,-0.051432291666666664,0.15755208333333334,0.4791666666666667,0.07291666666666667
hidden_lattice,hidden_target_logit_effect,primary,15,corrupt,top_hidden_delta,shuffled_mask,1.0,,96,96,,,,-0.049479166666666664,-0.16796875,0.06315104166666667,0.40625,0.03125
hidden_lattice,hidden_target_logit_effect,primary,15,corrupt,top_hidden_delta,union_mask,1.0,,96,96,,,,0.011067708333333334,-0.11067708333333333,0.12825520833333334,0.5104166666666666,-0.041666666666666664
hidden_lattice,hidden_target_logit_effect,primary,15,corrupt,visual+answer,answer_mask,1.0,,96,96,,,,2.4615885416666665,1.865234375,3.0979817708333335,0.7291666666666666,86.875
hidden_lattice,hidden_target_logit_effect,primary,15,corrupt,visual+answer,shifted_mask,1.0,,96,96,,,,1.0667317708333333,0.6272786458333334,1.5113932291666667,0.5208333333333334,45.572916666666664
hidden_lattice,hidden_target_logit_effect,primary,15,corrupt,visual+answer,shuffled_mask,1.0,,96,96,,,,0.900390625,0.5260416666666666,1.2685546875,0.59375,19.1875
hidden_lattice,hidden_target_logit_effect,primary,15,corrupt,visual+answer,union_mask,1.0,,96,96,,,,2.0721028645833335,1.5089518229166667,2.6510416666666665,0.71875,62.90625
hidden_lattice,hidden_target_logit_effect,primary,15,corrupt,visual_span,answer_mask,1.0,,96,96,,,,2.5968424479166665,2.0216471354166665,3.1943359375,0.8229166666666666,66.77083333333333
hidden_lattice,hidden_target_logit_effect,primary,15,corrupt,visual_span,shifted_mask,1.0,,96,96,,,,1.3310546875,0.9635416666666666,1.71875,0.78125,42.822916666666664
hidden_lattice,hidden_target_logit_effect,primary,15,corrupt,visual_span,shuffled_mask,1.0,,96,96,,,,1.0576171875,0.7490234375,1.3720703125,0.6979166666666666,19.25
hidden_lattice,hidden_target_logit_effect,primary,15,corrupt,visual_span,union_mask,1.0,,96,96,,,,2.31103515625,1.8019205729166667,2.8525390625,0.8229166666666666,57.34375
hidden_lattice,hidden_target_logit_effect,primary,15,restore,answer_adjacent,answer_mask,1.0,,96,96,,,,0.013102213541666666,-0.13273111979166666,0.16048177083333334,0.5208333333333334,44.375
hidden_lattice,hidden_target_logit_effect,primary,15,restore,answer_adjacent,shifted_mask,1.0,,96,96,,,,-0.08235677083333333,-0.232421875,0.07389322916666667,0.3854166666666667,-3.5520833333333335
hidden_lattice,hidden_target_logit_effect,primary,15,restore,answer_adjacent,shuffled_mask,1.0,,96,96,,,,-0.16341145833333334,-0.30859375,-0.021158854166666668,0.4375,0.0
hidden_lattice,hidden_target_logit_effect,primary,15,restore,answer_adjacent,union_mask,1.0,,96,96,,,,-0.0760815938313802,-0.22850672403971353,0.07229232788085938,0.46875,-76.25
hidden_lattice,hidden_target_logit_effect,primary,15,restore,top_hidden_delta,answer_mask,1.0,,96,96,,,,1.1839599609375,0.7760823567708334,1.6352945963541667,0.7604166666666666,721.5520833333334
hidden_lattice,hidden_target_logit_effect,primary,15,restore,top_hidden_delta,shifted_mask,1.0,,96,96,,,,0.4466145833333333,0.19791666666666666,0.7096354166666666,0.5416666666666666,28.739583333333332
hidden_lattice,hidden_target_logit_effect,primary,15,restore,top_hidden_delta,shuffled_mask,1.0,,96,96,,,,0.34765625,0.12727864583333334,0.5953776041666666,0.5729166666666666,23.052083333333332
hidden_lattice,hidden_target_logit_effect,primary,15,restore,top_hidden_delta,union_mask,1.0,,96,96,,,,0.977569580078125,0.5970357259114584,1.3798828125,0.6979166666666666,437.5729166666667
hidden_lattice,hidden_target_logit_effect,primary,15,restore,visual+answer,answer_mask,1.0,,96,96,,,,2.9237060546875,2.27685546875,3.5895589192708335,0.84375,812.09375
hidden_lattice,hidden_target_logit_effect,primary,15,restore,visual+answer,shifted_mask,1.0,,96,96,,,,1.1318359375,0.693359375,1.599609375,0.625,39.5
hidden_lattice,hidden_target_logit_effect,primary,15,restore,visual+answer,shuffled_mask,1.0,,96,96,,,,1.0100911458333333,0.5859375,1.4567057291666667,0.6458333333333334,38.083333333333336
hidden_lattice,hidden_target_logit_effect,primary,15,restore,visual+answer,union_mask,1.0,,96,96,,,,2.7044576009114585,2.06842041015625,3.3676350911458335,0.8125,538.3229166666666
hidden_lattice,hidden_target_logit_effect,primary,15,restore,visual_span,answer_mask,1.0,,96,96,,,,3.0210367838541665,2.3710123697916665,3.6850992838541665,0.875,822.03125
hidden_lattice,hidden_target_logit_effect,primary,15,restore,visual_span,shifted_mask,1.0,,96,96,,,,1.3779296875,0.98828125,1.8014322916666667,0.7708333333333334,39.645833333333336
hidden_lattice,hidden_target_logit_effect,primary,15,restore,visual_span,shuffled_mask,1.0,,96,96,,,,1.2164713541666667,0.8430989583333334,1.6149088541666667,0.7291666666666666,38.5625
hidden_lattice,hidden_target_logit_effect,primary,15,restore,visual_span,union_mask,1.0,,96,96,,,,2.914093017578125,2.2962239583333335,3.5424092610677085,0.875,541.5833333333334
hidden_lattice,hidden_target_logit_effect,primary,16,corrupt,answer_adjacent,answer_mask,1.0,,96,96,,,,-0.22786458333333334,-0.4127604166666667,-0.041015625,0.3645833333333333,0.07291666666666667
hidden_lattice,hidden_target_logit_effect,primary,16,corrupt,answer_adjacent,shifted_mask,1.0,,96,96,,,,-0.2955729166666667,-0.47265625,-0.12434895833333333,0.3125,-0.041666666666666664
hidden_lattice,hidden_target_logit_effect,primary,16,corrupt,answer_adjacent,shuffled_mask,1.0,,96,96,,,,-0.2819010416666667,-0.44140625,-0.12955729166666666,0.3333333333333333,0.052083333333333336
hidden_lattice,hidden_target_logit_effect,primary,16,corrupt,answer_adjacent,union_mask,1.0,,96,96,,,,-0.3723958333333333,-0.5611979166666666,-0.189453125,0.3333333333333333,-0.052083333333333336
hidden_lattice,hidden_target_logit_effect,primary,16,corrupt,top_hidden_delta,answer_mask,1.0,,96,96,,,,-0.041666666666666664,-0.171875,0.08528645833333333,0.4791666666666667,0.0
hidden_lattice,hidden_target_logit_effect,primary,16,corrupt,top_hidden_delta,shifted_mask,1.0,,96,96,,,,0.025390625,-0.07942708333333333,0.14322916666666666,0.46875,-0.041666666666666664
hidden_lattice,hidden_target_logit_effect,primary,16,corrupt,top_hidden_delta,shuffled_mask,1.0,,96,96,,,,0.046223958333333336,-0.06901041666666667,0.16796875,0.46875,-0.010416666666666666
hidden_lattice,hidden_target_logit_effect,primary,16,corrupt,top_hidden_delta,union_mask,1.0,,96,96,,,,-0.039713541666666664,-0.14518229166666666,0.06705729166666667,0.5,-0.020833333333333332
hidden_lattice,hidden_target_logit_effect,primary,16,corrupt,visual+answer,answer_mask,1.0,,96,96,,,,2.11328125,1.5426432291666667,2.6783854166666665,0.7083333333333334,49.166666666666664
hidden_lattice,hidden_target_logit_effect,primary,16,corrupt,visual+answer,shifted_mask,1.0,,96,96,,,,0.951171875,0.5107421875,1.3909505208333333,0.5625,40.333333333333336
hidden_lattice,hidden_target_logit_effect,primary,16,corrupt,visual+answer,shuffled_mask,1.0,,96,96,,,,0.732421875,0.3776041666666667,1.0882161458333333,0.5416666666666666,20.677083333333332
hidden_lattice,hidden_target_logit_effect,primary,16,corrupt,visual+answer,union_mask,1.0,,96,96,,,,1.802734375,1.2672526041666667,2.3404947916666665,0.6875,36.770833333333336
hidden_lattice,hidden_target_logit_effect,primary,16,corrupt,visual_span,answer_mask,1.0,,96,96,,,,2.2119140625,1.6930338541666667,2.7535807291666665,0.75,40.78125
hidden_lattice,hidden_target_logit_effect,primary,16,corrupt,visual_span,shifted_mask,1.0,,96,96,,,,1.115234375,0.7333984375,1.521484375,0.6770833333333334,37.65625
hidden_lattice,hidden_target_logit_effect,primary,16,corrupt,visual_span,shuffled_mask,1.0,,96,96,,,,0.8186848958333334,0.5045572916666666,1.1435546875,0.6770833333333334,19.53125
hidden_lattice,hidden_target_logit_effect,primary,16,corrupt,visual_span,union_mask,1.0,,96,96,,,,2.0035807291666665,1.5289713541666667,2.4908854166666665,0.75,31.78125
hidden_lattice,hidden_target_logit_effect,primary,16,restore,answer_adjacent,answer_mask,1.0,,96,96,,,,0.024302164713541668,-0.14338175455729166,0.19312540690104166,0.46875,180.51041666666666
hidden_lattice,hidden_target_logit_effect,primary,16,restore,answer_adjacent,shifted_mask,1.0,,96,96,,,,-0.142578125,-0.2916666666666667,0.020182291666666668,0.375,-1.96875
hidden_lattice,hidden_target_logit_effect,primary,16,restore,answer_adjacent,shuffled_mask,1.0,,96,96,,,,-0.18977864583333334,-0.3141276041666667,-0.07454427083333333,0.375,-0.6354166666666666
hidden_lattice,hidden_target_logit_effect,primary,16,restore,answer_adjacent,union_mask,1.0,,96,96,,,,-0.045605977376302086,-0.21645100911458334,0.1316197713216146,0.4375,50.78125
hidden_lattice,hidden_target_logit_effect,primary,16,restore,top_hidden_delta,answer_mask,1.0,,96,96,,,,1.1522216796875,0.781494140625,1.5617268880208333,0.78125,705.8229166666666
hidden_lattice,hidden_target_logit_effect,primary,16,restore,top_hidden_delta,shifted_mask,1.0,,96,96,,,,0.5013020833333334,0.2659505208333333,0.7503255208333334,0.5729166666666666,33.447916666666664
hidden_lattice,hidden_target_logit_effect,primary,16,restore,top_hidden_delta,shuffled_mask,1.0,,96,96,,,,0.2835286458333333,0.055338541666666664,0.5279947916666666,0.5208333333333334,23.364583333333332
hidden_lattice,hidden_target_logit_effect,primary,16,restore,top_hidden_delta,union_mask,1.0,,96,96,,,,0.9593404134114584,0.599639892578125,1.3411763509114583,0.7604166666666666,448.375
hidden_lattice,hidden_target_logit_effect,primary,16,restore,visual+answer,answer_mask,1.0,,96,96,,,,2.7978922526041665,2.16943359375,3.4615478515625,0.8125,807.6875
hidden_lattice,hidden_target_logit_effect,primary,16,restore,visual+answer,shifted_mask,1.0,,96,96,,,,1.0498046875,0.6295572916666666,1.5048828125,0.5520833333333334,39.1875
hidden_lattice,hidden_target_logit_effect,primary,16,restore,visual+answer,shuffled_mask,1.0,,96,96,,,,0.8623046875,0.4713541666666667,1.2848307291666667,0.6041666666666666,37.708333333333336
hidden_lattice,hidden_target_logit_effect,primary,16,restore,visual+answer,union_mask,1.0,,96,96,,,,2.5797831217447915,1.9622701009114583,3.2327779134114585,0.78125,523.1979166666666
hidden_lattice,hidden_target_logit_effect,primary,16,restore,visual_span,answer_mask,1.0,,96,96,,,,2.7378336588541665,2.1348470052083335,3.3744710286458335,0.8645833333333334,800.3958333333334
hidden_lattice,hidden_target_logit_effect,primary,16,restore,visual_span,shifted_mask,1.0,,96,96,,,,1.2320963541666667,0.8714192708333334,1.6253255208333333,0.75,39.25
hidden_lattice,hidden_target_logit_effect,primary,16,restore,visual_span,shuffled_mask,1.0,,96,96,,,,0.9541015625,0.58984375,1.345703125,0.6145833333333334,37.958333333333336
hidden_lattice,hidden_target_logit_effect,primary,16,restore,visual_span,union_mask,1.0,,96,96,,,,2.6549784342447915,2.0533854166666665,3.2800089518229165,0.84375,536.0625
hidden_lattice,hidden_target_logit_effect,primary,17,corrupt,answer_adjacent,answer_mask,1.0,,96,96,,,,-0.15755208333333334,-0.337890625,0.016276041666666668,0.4166666666666667,0.03125
hidden_lattice,hidden_target_logit_effect,primary,17,corrupt,answer_adjacent,shifted_mask,1.0,,96,96,,,,-0.318359375,-0.4895833333333333,-0.1484375,0.22916666666666666,-0.10416666666666667
hidden_lattice,hidden_target_logit_effect,primary,17,corrupt,answer_adjacent,shuffled_mask,1.0,,96,96,,,,-0.17447916666666666,-0.3489583333333333,-0.0013020833333333333,0.3541666666666667,0.010416666666666666
hidden_lattice,hidden_target_logit_effect,primary,17,corrupt,answer_adjacent,union_mask,1.0,,96,96,,,,-0.24674479166666666,-0.431640625,-0.059244791666666664,0.34375,0.041666666666666664
hidden_lattice,hidden_target_logit_effect,primary,17,corrupt,top_hidden_delta,answer_mask,1.0,,96,96,,,,-0.038411458333333336,-0.18294270833333334,0.1171875,0.4583333333333333,-0.125
hidden_lattice,hidden_target_logit_effect,primary,17,corrupt,top_hidden_delta,shifted_mask,1.0,,96,96,,,,0.013671875,-0.11067708333333333,0.13151041666666666,0.4375,-0.010416666666666666
hidden_lattice,hidden_target_logit_effect,primary,17,corrupt,top_hidden_delta,shuffled_mask,1.0,,96,96,,,,-0.013671875,-0.10807291666666667,0.07682291666666667,0.5,0.0
hidden_lattice,hidden_target_logit_effect,primary,17,corrupt,top_hidden_delta,union_mask,1.0,,96,96,,,,-0.033203125,-0.150390625,0.10091145833333333,0.40625,-0.07291666666666667
hidden_lattice,hidden_target_logit_effect,primary,17,corrupt,visual+answer,answer_mask,1.0,,96,96,,,,2.0530598958333335,1.4720052083333333,2.623046875,0.7291666666666666,48.989583333333336
hidden_lattice,hidden_target_logit_effect,primary,17,corrupt,visual+answer,shifted_mask,1.0,,96,96,,,,0.8821614583333334,0.4446614583333333,1.3216145833333333,0.4895833333333333,37.604166666666664
hidden_lattice,hidden_target_logit_effect,primary,17,corrupt,visual+answer,shuffled_mask,1.0,,96,96,,,,0.7490234375,0.3935546875,1.099609375,0.6458333333333334,21.510416666666668
hidden_lattice,hidden_target_logit_effect,primary,17,corrupt,visual+answer,union_mask,1.0,,96,96,,,,1.73828125,1.212890625,2.2835286458333335,0.6875,31.854166666666668
hidden_lattice,hidden_target_logit_effect,primary,17,corrupt,visual_span,answer_mask,1.0,,96,96,,,,2.15966796875,1.6272786458333333,2.703125,0.78125,38.239583333333336
hidden_lattice,hidden_target_logit_effect,primary,17,corrupt,visual_span,shifted_mask,1.0,,96,96,,,,1.125,0.765625,1.5179036458333333,0.6875,33.541666666666664
hidden_lattice,hidden_target_logit_effect,primary,17,corrupt,visual_span,shuffled_mask,1.0,,96,96,,,,0.8736979166666666,0.56640625,1.1884765625,0.7083333333333334,20.645833333333332
hidden_lattice,hidden_target_logit_effect,primary,17,corrupt,visual_span,union_mask,1.0,,96,96,,,,1.9685872395833333,1.4777018229166667,2.4646809895833335,0.7395833333333334,26.260416666666668
hidden_lattice,hidden_target_logit_effect,primary,17,restore,answer_adjacent,answer_mask,1.0,,96,96,,,,0.14298502604166666,-0.045654296875,0.3357747395833333,0.53125,204.03125
hidden_lattice,hidden_target_logit_effect,primary,17,restore,answer_adjacent,shifted_mask,1.0,,96,96,,,,-0.12858072916666666,-0.3076171875,0.052408854166666664,0.3854166666666667,-2.03125
hidden_lattice,hidden_target_logit_effect,primary,17,restore,answer_adjacent,shuffled_mask,1.0,,96,96,,,,-0.0986328125,-0.23697916666666666,0.0390625,0.4166666666666667,-0.65625
hidden_lattice,hidden_target_logit_effect,primary,17,restore,answer_adjacent,union_mask,1.0,,96,96,,,,0.071319580078125,-0.13475545247395834,0.29205322265625,0.4791666666666667,60.791666666666664
hidden_lattice,hidden_target_logit_effect,primary,17,restore,top_hidden_delta,answer_mask,1.0,,96,96,,,,1.0005289713541667,0.637939453125,1.3854166666666667,0.7395833333333334,734.28125
hidden_lattice,hidden_target_logit_effect,primary,17,restore,top_hidden_delta,shifted_mask,1.0,,96,96,,,,0.4534505208333333,0.236328125,0.6796875,0.5416666666666666,20.84375
hidden_lattice,hidden_target_logit_effect,primary,17,restore,top_hidden_delta,shuffled_mask,1.0,,96,96,,,,0.2626953125,0.091796875,0.4521484375,0.5729166666666666,22.541666666666668
hidden_lattice,hidden_target_logit_effect,primary,17,restore,top_hidden_delta,union_mask,1.0,,96,96,,,,0.9025370279947916,0.5592447916666666,1.270050048828125,0.7395833333333334,433.2291666666667
hidden_lattice,hidden_target_logit_effect,primary,17,restore,visual+answer,answer_mask,1.0,,96,96,,,,2.8253987630208335,2.1944986979166665,3.4872233072916665,0.8333333333333334,812.7916666666666
hidden_lattice,hidden_target_logit_effect,primary,17,restore,visual+answer,shifted_mask,1.0,,96,96,,,,1.0602213541666667,0.6448567708333334,1.5022786458333333,0.6145833333333334,39.135416666666664
hidden_lattice,hidden_target_logit_effect,primary,17,restore,visual+answer,shuffled_mask,1.0,,96,96,,,,0.8870442708333334,0.5003255208333334,1.3157552083333333,0.6354166666666666,37.739583333333336
hidden_lattice,hidden_target_logit_effect,primary,17,restore,visual+answer,union_mask,1.0,,96,96,,,,2.6500956217447915,2.0501607259114585,3.292999267578125,0.7916666666666666,534.875
hidden_lattice,hidden_target_logit_effect,primary,17,restore,visual_span,answer_mask,1.0,,96,96,,,,2.5975341796875,2.01611328125,3.2103678385416665,0.8541666666666666,793.9479166666666
hidden_lattice,hidden_target_logit_effect,primary,17,restore,visual_span,shifted_mask,1.0,,96,96,,,,1.1201171875,0.76171875,1.4983723958333333,0.7291666666666666,39.083333333333336
hidden_lattice,hidden_target_logit_effect,primary,17,restore,visual_span,shuffled_mask,1.0,,96,96,,,,0.9397786458333334,0.603515625,1.2994791666666667,0.7083333333333334,37.5625
hidden_lattice,hidden_target_logit_effect,primary,17,restore,visual_span,union_mask,1.0,,96,96,,,,2.467803955078125,1.8913065592447917,3.0618794759114585,0.8333333333333334,509.96875
hidden_lattice,hidden_target_logit_effect,primary,18,corrupt,answer_adjacent,answer_mask,1.0,,96,96,,,,0.3359375,0.10091145833333333,0.5625,0.5833333333333334,1.0416666666666667
hidden_lattice,hidden_target_logit_effect,primary,18,corrupt,answer_adjacent,shifted_mask,1.0,,96,96,,,,-0.06315104166666667,-0.2701822916666667,0.14453125,0.3645833333333333,0.08333333333333333
hidden_lattice,hidden_target_logit_effect,primary,18,corrupt,answer_adjacent,shuffled_mask,1.0,,96,96,,,,0.015625,-0.17252604166666666,0.212890625,0.4895833333333333,0.23958333333333334
hidden_lattice,hidden_target_logit_effect,primary,18,corrupt,answer_adjacent,union_mask,1.0,,96,96,,,,0.224609375,0.0026041666666666665,0.4401041666666667,0.5729166666666666,0.6770833333333334
hidden_lattice,hidden_target_logit_effect,primary,18,corrupt,top_hidden_delta,answer_mask,1.0,,96,96,,,,-0.06315104166666667,-0.203125,0.080078125,0.4583333333333333,0.0
hidden_lattice,hidden_target_logit_effect,primary,18,corrupt,top_hidden_delta,shifted_mask,1.0,,96,96,,,,-0.041015625,-0.13932291666666666,0.055989583333333336,0.375,-0.07291666666666667
hidden_lattice,hidden_target_logit_effect,primary,18,corrupt,top_hidden_delta,shuffled_mask,1.0,,96,96,,,,-0.03125,-0.13541666666666666,0.06640625,0.40625,-0.020833333333333332
hidden_lattice,hidden_target_logit_effect,primary,18,corrupt,top_hidden_delta,union_mask,1.0,,96,96,,,,-0.00390625,-0.12109375,0.109375,0.46875,-0.0625
hidden_lattice,hidden_target_logit_effect,primary,18,corrupt,visual+answer,answer_mask,1.0,,96,96,,,,2.3450520833333335,1.8271484375,2.8766276041666665,0.78125,48.791666666666664
hidden_lattice,hidden_target_logit_effect,primary,18,corrupt,visual+answer,shifted_mask,1.0,,96,96,,,,1.0289713541666667,0.611328125,1.4602864583333333,0.53125,36.65625
hidden_lattice,hidden_target_logit_effect,primary,18,corrupt,visual+answer,shuffled_mask,1.0,,96,96,,,,0.7835286458333334,0.4228515625,1.1510416666666667,0.6041666666666666,21.010416666666668
hidden_lattice,hidden_target_logit_effect,primary,18,corrupt,visual+answer,union_mask,1.0,,96,96,,,,2.03125,1.5218098958333333,2.5247395833333335,0.7291666666666666,34.34375
hidden_lattice,hidden_target_logit_effect,primary,18,corrupt,visual_span,answer_mask,1.0,,96,96,,,,1.9560546875,1.4485677083333333,2.47265625,0.6979166666666666,32.364583333333336
hidden_lattice,hidden_target_logit_effect,primary,18,corrupt,visual_span,shifted_mask,1.0,,96,96,,,,1.0052083333333333,0.6643880208333334,1.3610026041666667,0.6666666666666666,30.489583333333332
hidden_lattice,hidden_target_logit_effect,primary,18,corrupt,visual_span,shuffled_mask,1.0,,96,96,,,,0.7063802083333334,0.4169921875,0.9983723958333334,0.65625,16.020833333333332
hidden_lattice,hidden_target_logit_effect,primary,18,corrupt,visual_span,union_mask,1.0,,96,96,,,,1.8141276041666667,1.3499348958333333,2.2939453125,0.75,19.09375
hidden_lattice,hidden_target_logit_effect,primary,18,restore,answer_adjacent,answer_mask,1.0,,96,96,,,,0.5068766276041666,0.23868815104166666,0.7829182942708334,0.625,407.3020833333333
hidden_lattice,hidden_target_logit_effect,primary,18,restore,answer_adjacent,shifted_mask,1.0,,96,96,,,,-0.00390625,-0.19759114583333334,0.20670572916666666,0.3958333333333333,2.4895833333333335
hidden_lattice,hidden_target_logit_effect,primary,18,restore,answer_adjacent,shuffled_mask,1.0,,96,96,,,,0.05859375,-0.1181640625,0.244140625,0.4270833333333333,4.729166666666667
hidden_lattice,hidden_target_logit_effect,primary,18,restore,answer_adjacent,union_mask,1.0,,96,96,,,,0.3101704915364583,0.0625,0.5623982747395834,0.5520833333333334,269.0729166666667
hidden_lattice,hidden_target_logit_effect,primary,18,restore,top_hidden_delta,answer_mask,1.0,,96,96,,,,0.8159586588541666,0.4834798177083333,1.1869303385416667,0.6666666666666666,717.5729166666666
hidden_lattice,hidden_target_logit_effect,primary,18,restore,top_hidden_delta,shifted_mask,1.0,,96,96,,,,0.2900390625,0.0869140625,0.4947916666666667,0.5,21.114583333333332
hidden_lattice,hidden_target_logit_effect,primary,18,restore,top_hidden_delta,shuffled_mask,1.0,,96,96,,,,0.14778645833333334,-0.020833333333333332,0.3255208333333333,0.4791666666666667,21.510416666666668
hidden_lattice,hidden_target_logit_effect,primary,18,restore,top_hidden_delta,union_mask,1.0,,96,96,,,,0.7786763509114584,0.46484375,1.121124267578125,0.6875,431.03125
hidden_lattice,hidden_target_logit_effect,primary,18,restore,visual+answer,answer_mask,1.0,,96,96,,,,3.1444091796875,2.5154215494791665,3.7807210286458335,0.8541666666666666,879.34375
hidden_lattice,hidden_target_logit_effect,primary,18,restore,visual+answer,shifted_mask,1.0,,96,96,,,,1.1754557291666667,0.7255859375,1.6529947916666667,0.5833333333333334,39.541666666666664
hidden_lattice,hidden_target_logit_effect,primary,18,restore,visual+answer,shuffled_mask,1.0,,96,96,,,,1.0081380208333333,0.58984375,1.4443359375,0.59375,38.53125
hidden_lattice,hidden_target_logit_effect,primary,18,restore,visual+answer,union_mask,1.0,,96,96,,,,2.7790018717447915,2.1804300944010415,3.3815104166666665,0.84375,562.6875
hidden_lattice,hidden_target_logit_effect,primary,18,restore,visual_span,answer_mask,1.0,,96,96,,,,2.2365315755208335,1.6790364583333333,2.8253987630208335,0.78125,792.5104166666666
hidden_lattice,hidden_target_logit_effect,primary,18,restore,visual_span,shifted_mask,1.0,,96,96,,,,1.0172526041666667,0.6819661458333334,1.380859375,0.6979166666666666,38.979166666666664
hidden_lattice,hidden_target_logit_effect,primary,18,restore,visual_span,shuffled_mask,1.0,,96,96,,,,0.8251953125,0.5026041666666666,1.1682942708333333,0.6666666666666666,37.5
hidden_lattice,hidden_target_logit_effect,primary,18,restore,visual_span,union_mask,1.0,,96,96,,,,2.164093017578125,1.6321919759114583,2.7192281087239585,0.7916666666666666,528.21875
hidden_lattice,hidden_target_logit_effect,primary,19,corrupt,answer_adjacent,answer_mask,1.0,,96,96,,,,0.6171875,0.376953125,0.8697916666666666,0.71875,1.7916666666666667
hidden_lattice,hidden_target_logit_effect,primary,19,corrupt,answer_adjacent,shifted_mask,1.0,,96,96,,,,0.17578125,-0.057291666666666664,0.4225260416666667,0.5104166666666666,0.6041666666666666
hidden_lattice,hidden_target_logit_effect,primary,19,corrupt,answer_adjacent,shuffled_mask,1.0,,96,96,,,,0.2760416666666667,0.055989583333333336,0.51953125,0.5416666666666666,0.8020833333333334
hidden_lattice,hidden_target_logit_effect,primary,19,corrupt,answer_adjacent,union_mask,1.0,,96,96,,,,0.4876302083333333,0.244140625,0.7272135416666666,0.6458333333333334,1.9270833333333333
hidden_lattice,hidden_target_logit_effect,primary,19,corrupt,top_hidden_delta,answer_mask,1.0,,96,96,,,,-0.052734375,-0.18229166666666666,0.09244791666666667,0.3854166666666667,-0.052083333333333336
hidden_lattice,hidden_target_logit_effect,primary,19,corrupt,top_hidden_delta,shifted_mask,1.0,,96,96,,,,0.037760416666666664,-0.08333333333333333,0.154296875,0.46875,0.03125
hidden_lattice,hidden_target_logit_effect,primary,19,corrupt,top_hidden_delta,shuffled_mask,1.0,,96,96,,,,-0.09375,-0.19205729166666666,0.0,0.375,-0.052083333333333336
hidden_lattice,hidden_target_logit_effect,primary,19,corrupt,top_hidden_delta,union_mask,1.0,,96,96,,,,0.0032552083333333335,-0.10872395833333333,0.13997395833333334,0.4479166666666667,-0.08333333333333333
hidden_lattice,hidden_target_logit_effect,primary,19,corrupt,visual+answer,answer_mask,1.0,,96,96,,,,2.1897786458333335,1.7093098958333333,2.6940104166666665,0.7916666666666666,38.489583333333336
hidden_lattice,hidden_target_logit_effect,primary,19,corrupt,visual+answer,shifted_mask,1.0,,96,96,,,,0.9794921875,0.5813802083333334,1.3619791666666667,0.5625,31.604166666666668
hidden_lattice,hidden_target_logit_effect,primary,19,corrupt,visual+answer,shuffled_mask,1.0,,96,96,,,,0.8385416666666666,0.4977213541666667,1.1897786458333333,0.6875,26.458333333333332
hidden_lattice,hidden_target_logit_effect,primary,19,corrupt,visual+answer,union_mask,1.0,,96,96,,,,1.9020182291666667,1.4381510416666667,2.3567708333333335,0.7604166666666666,25.197916666666668
hidden_lattice,hidden_target_logit_effect,primary,19,corrupt,visual_span,answer_mask,1.0,,96,96,,,,1.4296875,1.0211588541666667,1.8479817708333333,0.6979166666666666,23.833333333333332
hidden_lattice,hidden_target_logit_effect,primary,19,corrupt,visual_span,shifted_mask,1.0,,96,96,,,,0.8212890625,0.5458984375,1.1158854166666667,0.6875,28.03125
hidden_lattice,hidden_target_logit_effect,primary,19,corrupt,visual_span,shuffled_mask,1.0,,96,96,,,,0.5569661458333334,0.298828125,0.8206380208333334,0.6770833333333334,23.552083333333332
hidden_lattice,hidden_target_logit_effect,primary,19,corrupt,visual_span,union_mask,1.0,,96,96,,,,1.3577473958333333,0.9697265625,1.7604166666666667,0.7083333333333334,10.364583333333334
hidden_lattice,hidden_target_logit_effect,primary,19,restore,answer_adjacent,answer_mask,1.0,,96,96,,,,0.9093424479166666,0.5993245442708334,1.2327067057291667,0.75,714.0625
hidden_lattice,hidden_target_logit_effect,primary,19,restore,answer_adjacent,shifted_mask,1.0,,96,96,,,,0.2724609375,0.026692708333333332,0.5286458333333334,0.5625,7.65625
hidden_lattice,hidden_target_logit_effect,primary,19,restore,answer_adjacent,shuffled_mask,1.0,,96,96,,,,0.24609375,0.020182291666666668,0.498046875,0.46875,10.385416666666666
hidden_lattice,hidden_target_logit_effect,primary,19,restore,answer_adjacent,union_mask,1.0,,96,96,,,,0.6822408040364584,0.407501220703125,0.961700439453125,0.7395833333333334,426.6354166666667
hidden_lattice,hidden_target_logit_effect,primary,19,restore,top_hidden_delta,answer_mask,1.0,,96,96,,,,0.7846272786458334,0.4933268229166667,1.0909830729166667,0.7395833333333334,649.7083333333334
hidden_lattice,hidden_target_logit_effect,primary,19,restore,top_hidden_delta,shifted_mask,1.0,,96,96,,,,0.3902994791666667,0.19661458333333334,0.6041666666666666,0.5625,34.989583333333336
hidden_lattice,hidden_target_logit_effect,primary,19,restore,top_hidden_delta,shuffled_mask,1.0,,96,96,,,,0.22233072916666666,0.062174479166666664,0.3798828125,0.4791666666666667,19.53125
hidden_lattice,hidden_target_logit_effect,primary,19,restore,top_hidden_delta,union_mask,1.0,,96,96,,,,0.851593017578125,0.5648091634114584,1.1683553059895833,0.7708333333333334,397.375
hidden_lattice,hidden_target_logit_effect,primary,19,restore,visual+answer,answer_mask,1.0,,96,96,,,,3.2150472005208335,2.6012776692708335,3.8575032552083335,0.8229166666666666,900.1666666666666
hidden_lattice,hidden_target_logit_effect,primary,19,restore,visual+answer,shifted_mask,1.0,,96,96,,,,1.2483723958333333,0.7890625,1.728515625,0.625,40.09375
hidden_lattice,hidden_target_logit_effect,primary,19,restore,visual+answer,shuffled_mask,1.0,,96,96,,,,1.1546223958333333,0.7369791666666666,1.6080729166666667,0.6666666666666666,39.083333333333336
hidden_lattice,hidden_target_logit_effect,primary,19,restore,visual+answer,union_mask,1.0,,96,96,,,,2.9612935384114585,2.3671875,3.5325826009114585,0.8541666666666666,565.40625
hidden_lattice,hidden_target_logit_effect,primary,19,restore,visual_span,answer_mask,1.0,,96,96,,,,1.9738362630208333,1.4887288411458333,2.4976399739583335,0.7708333333333334,794.3333333333334
hidden_lattice,hidden_target_logit_effect,primary,19,restore,visual_span,shifted_mask,1.0,,96,96,,,,0.9658203125,0.6497395833333334,1.2991536458333333,0.7604166666666666,38.583333333333336
hidden_lattice,hidden_target_logit_effect,primary,19,restore,visual_span,shuffled_mask,1.0,,96,96,,,,0.7014973958333334,0.4020182291666667,1.013671875,0.6666666666666666,37.145833333333336
hidden_lattice,hidden_target_logit_effect,primary,19,restore,visual_span,union_mask,1.0,,96,96,,,,1.911163330078125,1.43951416015625,2.4143880208333335,0.8020833333333334,516.2083333333334
hidden_lattice,hidden_target_logit_effect,primary,2,corrupt,answer_adjacent,answer_mask,1.0,,96,96,,,,-0.018880208333333332,-0.130859375,0.09375,0.46875,0.07291666666666667
hidden_lattice,hidden_target_logit_effect,primary,2,corrupt,answer_adjacent,shifted_mask,1.0,,96,96,,,,-0.0234375,-0.1328125,0.080078125,0.4375,-0.010416666666666666
hidden_lattice,hidden_target_logit_effect,primary,2,corrupt,answer_adjacent,shuffled_mask,1.0,,96,96,,,,-0.0390625,-0.13802083333333334,0.055989583333333336,0.375,-0.1875
hidden_lattice,hidden_target_logit_effect,primary,2,corrupt,answer_adjacent,union_mask,1.0,,96,96,,,,0.046875,-0.06510416666666667,0.15494791666666666,0.53125,0.041666666666666664
hidden_lattice,hidden_target_logit_effect,primary,2,corrupt,top_hidden_delta,answer_mask,1.0,,96,96,,,,0.06770833333333333,-0.09309895833333333,0.23958333333333334,0.5,0.7395833333333334
hidden_lattice,hidden_target_logit_effect,primary,2,corrupt,top_hidden_delta,shifted_mask,1.0,,96,96,,,,-0.09440104166666667,-0.2265625,0.028645833333333332,0.4166666666666667,-0.0625
hidden_lattice,hidden_target_logit_effect,primary,2,corrupt,top_hidden_delta,shuffled_mask,1.0,,96,96,,,,-0.06315104166666667,-0.17513020833333334,0.056640625,0.4270833333333333,0.041666666666666664
hidden_lattice,hidden_target_logit_effect,primary,2,corrupt,top_hidden_delta,union_mask,1.0,,96,96,,,,0.0013020833333333333,-0.14322916666666666,0.15169270833333334,0.4791666666666667,0.19791666666666666
hidden_lattice,hidden_target_logit_effect,primary,2,corrupt,visual+answer,answer_mask,1.0,,96,96,,,,4.155924479166667,3.4298502604166665,4.85888671875,0.8958333333333334,879.5416666666666
hidden_lattice,hidden_target_logit_effect,primary,2,corrupt,visual+answer,shifted_mask,1.0,,96,96,,,,1.6536458333333333,1.1907552083333333,2.1370442708333335,0.6666666666666666,44.239583333333336
hidden_lattice,hidden_target_logit_effect,primary,2,corrupt,visual+answer,shuffled_mask,1.0,,96,96,,,,1.51171875,1.046875,1.9873046875,0.7083333333333334,39.822916666666664
hidden_lattice,hidden_target_logit_effect,primary,2,corrupt,visual+answer,union_mask,1.0,,96,96,,,,3.8505859375,3.1705729166666665,4.51806640625,0.8958333333333334,530.90625
hidden_lattice,hidden_target_logit_effect,primary,2,corrupt,visual_span,answer_mask,1.0,,96,96,,,,4.1627197265625,3.4276529947916665,4.8662109375,0.90625,896.40625
hidden_lattice,hidden_target_logit_effect,primary,2,corrupt,visual_span,shifted_mask,1.0,,96,96,,,,1.646484375,1.1858723958333333,2.1194661458333335,0.6875,43.770833333333336
hidden_lattice,hidden_target_logit_effect,primary,2,corrupt,visual_span,shuffled_mask,1.0,,96,96,,,,1.48046875,1.0231119791666667,1.9654947916666667,0.6875,40.59375
hidden_lattice,hidden_target_logit_effect,primary,2,corrupt,visual_span,union_mask,1.0,,96,96,,,,3.8716634114583335,3.1864013671875,4.55419921875,0.8958333333333334,512.7083333333334
hidden_lattice,hidden_target_logit_effect,primary,2,restore,answer_adjacent,answer_mask,1.0,,96,96,,,,0.0697021484375,-0.0230712890625,0.16597493489583334,0.5104166666666666,48.489583333333336
hidden_lattice,hidden_target_logit_effect,primary,2,restore,answer_adjacent,shifted_mask,1.0,,96,96,,,,0.059895833333333336,-0.0166015625,0.142578125,0.5208333333333334,1.7916666666666667
hidden_lattice,hidden_target_logit_effect,primary,2,restore,answer_adjacent,shuffled_mask,1.0,,96,96,,,,0.023763020833333332,-0.08040364583333333,0.12565104166666666,0.5625,-1.4166666666666667
hidden_lattice,hidden_target_logit_effect,primary,2,restore,answer_adjacent,union_mask,1.0,,96,96,,,,0.03544489542643229,-0.05539576212565104,0.12237930297851562,0.4791666666666667,-2.03125
hidden_lattice,hidden_target_logit_effect,primary,2,restore,top_hidden_delta,answer_mask,1.0,,96,96,,,,3.6753336588541665,3.017333984375,4.350382486979167,0.8854166666666666,903.6458333333334
hidden_lattice,hidden_target_logit_effect,primary,2,restore,top_hidden_delta,shifted_mask,1.0,,96,96,,,,1.2119140625,0.8271484375,1.650390625,0.6979166666666666,39.416666666666664
hidden_lattice,hidden_target_logit_effect,primary,2,restore,top_hidden_delta,shuffled_mask,1.0,,96,96,,,,1.0152994791666667,0.6630859375,1.4111328125,0.6770833333333334,38.447916666666664
hidden_lattice,hidden_target_logit_effect,primary,2,restore,top_hidden_delta,union_mask,1.0,,96,96,,,,3.2210591634114585,2.580078125,3.8851216634114585,0.8854166666666666,565.5833333333334
hidden_lattice,hidden_target_logit_effect,primary,2,restore,visual+answer,answer_mask,1.0,,96,96,,,,4.1844482421875,3.41796875,4.916422526041667,0.8645833333333334,904.46875
hidden_lattice,hidden_target_logit_effect,primary,2,restore,visual+answer,shifted_mask,1.0,,96,96,,,,1.6422526041666667,1.14453125,2.1484375,0.6979166666666666,40.354166666666664
hidden_lattice,hidden_target_logit_effect,primary,2,restore,visual+answer,shuffled_mask,1.0,,96,96,,,,1.5563151041666667,1.0572916666666667,2.0660807291666665,0.6979166666666666,39.510416666666664
hidden_lattice,hidden_target_logit_effect,primary,2,restore,visual+answer,union_mask,1.0,,96,96,,,,3.9417622884114585,3.215850830078125,4.644327799479167,0.8854166666666666,567.8333333333334
hidden_lattice,hidden_target_logit_effect,primary,2,restore,visual_span,answer_mask,1.0,,96,96,,,,4.2078857421875,3.4554036458333335,4.946533203125,0.875,904.5208333333334
hidden_lattice,hidden_target_logit_effect,primary,2,restore,visual_span,shifted_mask,1.0,,96,96,,,,1.5875651041666667,1.1070963541666667,2.0791015625,0.6666666666666666,40.375
hidden_lattice,hidden_target_logit_effect,primary,2,restore,visual_span,shuffled_mask,1.0,,96,96,,,,1.4964192708333333,0.9996744791666666,2.01171875,0.65625,39.479166666666664
hidden_lattice,hidden_target_logit_effect,primary,2,restore,visual_span,union_mask,1.0,,96,96,,,,3.926788330078125,3.1962890625,4.6494140625,0.8958333333333334,567.8020833333334
hidden_lattice,hidden_target_logit_effect,primary,20,corrupt,answer_adjacent,answer_mask,1.0,,96,96,,,,1.53515625,1.1637369791666667,1.9339192708333333,0.8229166666666666,51.96875
hidden_lattice,hidden_target_logit_effect,primary,20,corrupt,answer_adjacent,shifted_mask,1.0,,96,96,,,,0.5703125,0.2994791666666667,0.8391927083333334,0.59375,1.6354166666666667
hidden_lattice,hidden_target_logit_effect,primary,20,corrupt,answer_adjacent,shuffled_mask,1.0,,96,96,,,,0.5989583333333334,0.3235677083333333,0.8899739583333334,0.6041666666666666,1.875
hidden_lattice,hidden_target_logit_effect,primary,20,corrupt,answer_adjacent,union_mask,1.0,,96,96,,,,1.3733723958333333,1.02734375,1.7386067708333333,0.8125,18.020833333333332
hidden_lattice,hidden_target_logit_effect,primary,20,corrupt,top_hidden_delta,answer_mask,1.0,,96,96,,,,0.09114583333333333,-0.022135416666666668,0.208984375,0.5625,0.07291666666666667
hidden_lattice,hidden_target_logit_effect,primary,20,corrupt,top_hidden_delta,shifted_mask,1.0,,96,96,,,,-0.010416666666666666,-0.13216145833333334,0.12109375,0.4375,-0.11458333333333333
hidden_lattice,hidden_target_logit_effect,primary,20,corrupt,top_hidden_delta,shuffled_mask,1.0,,96,96,,,,-0.009765625,-0.119140625,0.10611979166666667,0.46875,0.03125
hidden_lattice,hidden_target_logit_effect,primary,20,corrupt,top_hidden_delta,union_mask,1.0,,96,96,,,,0.08984375,-0.021484375,0.21614583333333334,0.4895833333333333,-0.07291666666666667
hidden_lattice,hidden_target_logit_effect,primary,20,corrupt,visual+answer,answer_mask,1.0,,96,96,,,,3.0172526041666665,2.4674479166666665,3.5660807291666665,0.84375,119.86458333333333
hidden_lattice,hidden_target_logit_effect,primary,20,corrupt,visual+answer,shifted_mask,1.0,,96,96,,,,1.25390625,0.85546875,1.6829427083333333,0.6041666666666666,32.177083333333336
hidden_lattice,hidden_target_logit_effect,primary,20,corrupt,visual+answer,shuffled_mask,1.0,,96,96,,,,1.14453125,0.7447916666666666,1.5436197916666667,0.6458333333333334,26.114583333333332
hidden_lattice,hidden_target_logit_effect,primary,20,corrupt,visual+answer,union_mask,1.0,,96,96,,,,2.6598307291666665,2.14453125,3.1513671875,0.8541666666666666,67.04166666666667
hidden_lattice,hidden_target_logit_effect,primary,20,corrupt,visual_span,answer_mask,1.0,,96,96,,,,1.48046875,1.0686848958333333,1.9124348958333333,0.7291666666666666,25.708333333333332
hidden_lattice,hidden_target_logit_effect,primary,20,corrupt,visual_span,shifted_mask,1.0,,96,96,,,,0.7102864583333334,0.4348958333333333,1.0130208333333333,0.6458333333333334,28.5
hidden_lattice,hidden_target_logit_effect,primary,20,corrupt,visual_span,shuffled_mask,1.0,,96,96,,,,0.5319010416666666,0.2981770833333333,0.7721354166666666,0.6979166666666666,17.572916666666668
hidden_lattice,hidden_target_logit_effect,primary,20,corrupt,visual_span,union_mask,1.0,,96,96,,,,1.4124348958333333,1.0358072916666667,1.8186848958333333,0.7083333333333334,12.635416666666666
hidden_lattice,hidden_target_logit_effect,primary,20,restore,answer_adjacent,answer_mask,1.0,,96,96,,,,1.4271240234375,0.9983723958333334,1.868408203125,0.7708333333333334,822.0625
hidden_lattice,hidden_target_logit_effect,primary,20,restore,answer_adjacent,shifted_mask,1.0,,96,96,,,,0.5944010416666666,0.3069661458333333,0.9065755208333334,0.5833333333333334,13.552083333333334
hidden_lattice,hidden_target_logit_effect,primary,20,restore,answer_adjacent,shuffled_mask,1.0,,96,96,,,,0.5048828125,0.2021484375,0.826171875,0.5729166666666666,15.364583333333334
hidden_lattice,hidden_target_logit_effect,primary,20,restore,answer_adjacent,union_mask,1.0,,96,96,,,,1.2161763509114583,0.8408203125,1.5929972330729167,0.8125,493.53125
hidden_lattice,hidden_target_logit_effect,primary,20,restore,top_hidden_delta,answer_mask,1.0,,96,96,,,,0.8088785807291666,0.5076497395833334,1.1358235677083333,0.6458333333333334,673.8125
hidden_lattice,hidden_target_logit_effect,primary,20,restore,top_hidden_delta,shifted_mask,1.0,,96,96,,,,0.3883463541666667,0.18880208333333334,0.6009114583333334,0.5625,35.833333333333336
hidden_lattice,hidden_target_logit_effect,primary,20,restore,top_hidden_delta,shuffled_mask,1.0,,96,96,,,,0.18684895833333334,0.018880208333333332,0.3580729166666667,0.4479166666666667,19.395833333333332
hidden_lattice,hidden_target_logit_effect,primary,20,restore,top_hidden_delta,union_mask,1.0,,96,96,,,,0.9293924967447916,0.6287434895833334,1.240234375,0.7604166666666666,408.0104166666667
hidden_lattice,hidden_target_logit_effect,primary,20,restore,visual+answer,answer_mask,1.0,,96,96,,,,3.7677815755208335,3.0758463541666665,4.446451822916667,0.875,903.9791666666666
hidden_lattice,hidden_target_logit_effect,primary,20,restore,visual+answer,shifted_mask,1.0,,96,96,,,,1.4996744791666667,1.0205078125,1.9967447916666667,0.6666666666666666,40.354166666666664
hidden_lattice,hidden_target_logit_effect,primary,20,restore,visual+answer,shuffled_mask,1.0,,96,96,,,,1.3108723958333333,0.8404947916666666,1.8160807291666667,0.6354166666666666,39.416666666666664
hidden_lattice,hidden_target_logit_effect,primary,20,restore,visual+answer,union_mask,1.0,,96,96,,,,3.4606424967447915,2.8102213541666665,4.08111572265625,0.8854166666666666,567.2083333333334
hidden_lattice,hidden_target_logit_effect,primary,20,restore,visual_span,answer_mask,1.0,,96,96,,,,1.8498128255208333,1.3734537760416667,2.3603108723958335,0.7916666666666666,808.2083333333334
hidden_lattice,hidden_target_logit_effect,primary,20,restore,visual_span,shifted_mask,1.0,,96,96,,,,0.8206380208333334,0.5068359375,1.1572265625,0.6041666666666666,38.46875
hidden_lattice,hidden_target_logit_effect,primary,20,restore,visual_span,shuffled_mask,1.0,,96,96,,,,0.6207682291666666,0.3317057291666667,0.9195963541666666,0.5625,36.875
hidden_lattice,hidden_target_logit_effect,primary,20,restore,visual_span,union_mask,1.0,,96,96,,,,1.741241455078125,1.2659505208333333,2.2333984375,0.7916666666666666,514.875
hidden_lattice,hidden_target_logit_effect,primary,21,corrupt,answer_adjacent,answer_mask,1.0,,96,96,,,,1.8977864583333333,1.4791666666666667,2.3248697916666665,0.875,91.38541666666667
hidden_lattice,hidden_target_logit_effect,primary,21,corrupt,answer_adjacent,shifted_mask,1.0,,96,96,,,,0.6575520833333334,0.3743489583333333,0.9381510416666666,0.59375,1.7604166666666667
hidden_lattice,hidden_target_logit_effect,primary,21,corrupt,answer_adjacent,shuffled_mask,1.0,,96,96,,,,0.7005208333333334,0.4075520833333333,1.0130208333333333,0.6145833333333334,2.09375
hidden_lattice,hidden_target_logit_effect,primary,21,corrupt,answer_adjacent,union_mask,1.0,,96,96,,,,1.6943359375,1.3050130208333333,2.0836588541666665,0.8229166666666666,33.635416666666664
hidden_lattice,hidden_target_logit_effect,primary,21,corrupt,top_hidden_delta,answer_mask,1.0,,96,96,,,,0.043619791666666664,-0.07161458333333333,0.15169270833333334,0.5520833333333334,-0.052083333333333336
hidden_lattice,hidden_target_logit_effect,primary,21,corrupt,top_hidden_delta,shifted_mask,1.0,,96,96,,,,0.00390625,-0.11458333333333333,0.11979166666666667,0.4270833333333333,-0.010416666666666666
hidden_lattice,hidden_target_logit_effect,primary,21,corrupt,top_hidden_delta,shuffled_mask,1.0,,96,96,,,,0.016927083333333332,-0.08723958333333333,0.115234375,0.4791666666666667,0.041666666666666664
hidden_lattice,hidden_target_logit_effect,primary,21,corrupt,top_hidden_delta,union_mask,1.0,,96,96,,,,0.020182291666666668,-0.087890625,0.12565104166666666,0.5208333333333334,-0.0625
hidden_lattice,hidden_target_logit_effect,primary,21,corrupt,visual+answer,answer_mask,1.0,,96,96,,,,2.7571614583333335,2.2682291666666665,3.2412109375,0.8645833333333334,104.0625
hidden_lattice,hidden_target_logit_effect,primary,21,corrupt,visual+answer,shifted_mask,1.0,,96,96,,,,1.1624348958333333,0.7994791666666666,1.5416666666666667,0.6145833333333334,18.489583333333332
hidden_lattice,hidden_target_logit_effect,primary,21,corrupt,visual+answer,shuffled_mask,1.0,,96,96,,,,1.1031901041666667,0.7262369791666666,1.4889322916666667,0.6666666666666666,8.96875
hidden_lattice,hidden_target_logit_effect,primary,21,corrupt,visual+answer,union_mask,1.0,,96,96,,,,2.4547526041666665,1.9765625,2.9036458333333335,0.84375,49.65625
hidden_lattice,hidden_target_logit_effect,primary,21,corrupt,visual_span,answer_mask,1.0,,96,96,,,,0.6253255208333334,0.3795572916666667,0.8958333333333334,0.6770833333333334,3.2291666666666665
hidden_lattice,hidden_target_logit_effect,primary,21,corrupt,visual_span,shifted_mask,1.0,,96,96,,,,0.4212239583333333,0.20377604166666666,0.6572265625,0.59375,3.4270833333333335
hidden_lattice,hidden_target_logit_effect,primary,21,corrupt,visual_span,shuffled_mask,1.0,,96,96,,,,0.3385416666666667,0.13736979166666666,0.556640625,0.625,1.3958333333333333
hidden_lattice,hidden_target_logit_effect,primary,21,corrupt,visual_span,union_mask,1.0,,96,96,,,,0.591796875,0.3505859375,0.8466796875,0.6875,1.5104166666666667
hidden_lattice,hidden_target_logit_effect,primary,21,restore,answer_adjacent,answer_mask,1.0,,96,96,,,,2.7560628255208335,2.1577962239583335,3.3459879557291665,0.8541666666666666,895.0520833333334
hidden_lattice,hidden_target_logit_effect,primary,21,restore,answer_adjacent,shifted_mask,1.0,,96,96,,,,0.9586588541666666,0.5553385416666666,1.3802083333333333,0.6770833333333334,33.010416666666664
hidden_lattice,hidden_target_logit_effect,primary,21,restore,answer_adjacent,shuffled_mask,1.0,,96,96,,,,0.9267578125,0.525390625,1.3518880208333333,0.59375,34.21875
hidden_lattice,hidden_target_logit_effect,primary,21,restore,answer_adjacent,union_mask,1.0,,96,96,,,,2.4870096842447915,1.92584228515625,3.0290018717447915,0.8645833333333334,560.1770833333334
hidden_lattice,hidden_target_logit_effect,primary,21,restore,top_hidden_delta,answer_mask,1.0,,96,96,,,,0.715667724609375,0.4692484537760417,0.983245849609375,0.7083333333333334,340.3645833333333
hidden_lattice,hidden_target_logit_effect,primary,21,restore,top_hidden_delta,shifted_mask,1.0,,96,96,,,,0.27734375,0.09635416666666667,0.4710286458333333,0.4583333333333333,33.979166666666664
hidden_lattice,hidden_target_logit_effect,primary,21,restore,top_hidden_delta,shuffled_mask,1.0,,96,96,,,,0.216796875,0.057942708333333336,0.3792317708333333,0.5416666666666666,30.614583333333332
hidden_lattice,hidden_target_logit_effect,primary,21,restore,top_hidden_delta,union_mask,1.0,,96,96,,,,0.776153564453125,0.5111796061197916,1.0594685872395833,0.6770833333333334,253.38541666666666
hidden_lattice,hidden_target_logit_effect,primary,21,restore,visual+answer,answer_mask,1.0,,96,96,,,,3.8055419921875,3.0930989583333335,4.510986328125,0.84375,903.9166666666666
hidden_lattice,hidden_target_logit_effect,primary,21,restore,visual+answer,shifted_mask,1.0,,96,96,,,,1.5439453125,1.0647786458333333,2.0319010416666665,0.6770833333333334,40.322916666666664
hidden_lattice,hidden_target_logit_effect,primary,21,restore,visual+answer,shuffled_mask,1.0,,96,96,,,,1.3460286458333333,0.8743489583333334,1.8492838541666667,0.6354166666666666,39.635416666666664
hidden_lattice,hidden_target_logit_effect,primary,21,restore,visual+answer,union_mask,1.0,,96,96,,,,3.6090799967447915,2.9261067708333335,4.244140625,0.875,567.3541666666666
hidden_lattice,hidden_target_logit_effect,primary,21,restore,visual_span,answer_mask,1.0,,96,96,,,,1.5278727213541667,1.1390380859375,1.9579671223958333,0.8020833333333334,675.75
hidden_lattice,hidden_target_logit_effect,primary,21,restore,visual_span,shifted_mask,1.0,,96,96,,,,0.7340494791666666,0.4622395833333333,1.0201822916666667,0.6354166666666666,37.875
hidden_lattice,hidden_target_logit_effect,primary,21,restore,visual_span,shuffled_mask,1.0,,96,96,,,,0.5732421875,0.3004557291666667,0.84765625,0.625,36.489583333333336
hidden_lattice,hidden_target_logit_effect,primary,21,restore,visual_span,union_mask,1.0,,96,96,,,,1.4567362467447917,1.0690409342447917,1.8782552083333333,0.8125,453.875
hidden_lattice,hidden_target_logit_effect,primary,22,corrupt,answer_adjacent,answer_mask,1.0,,96,96,,,,2.1609700520833335,1.72900390625,2.5807291666666665,0.8854166666666666,168.5
hidden_lattice,hidden_target_logit_effect,primary,22,corrupt,answer_adjacent,shifted_mask,1.0,,96,96,,,,0.7506510416666666,0.474609375,1.0462239583333333,0.6458333333333334,2.0208333333333335
hidden_lattice,hidden_target_logit_effect,primary,22,corrupt,answer_adjacent,shuffled_mask,1.0,,96,96,,,,0.78515625,0.451171875,1.12109375,0.6666666666666666,2.1458333333333335
hidden_lattice,hidden_target_logit_effect,primary,22,corrupt,answer_adjacent,union_mask,1.0,,96,96,,,,1.9391276041666667,1.513671875,2.35546875,0.8541666666666666,57.03125
hidden_lattice,hidden_target_logit_effect,primary,22,corrupt,top_hidden_delta,answer_mask,1.0,,96,96,,,,0.01171875,-0.10481770833333333,0.125,0.4895833333333333,-0.020833333333333332
hidden_lattice,hidden_target_logit_effect,primary,22,corrupt,top_hidden_delta,shifted_mask,1.0,,96,96,,,,0.017578125,-0.107421875,0.12174479166666667,0.46875,0.041666666666666664
hidden_lattice,hidden_target_logit_effect,primary,22,corrupt,top_hidden_delta,shuffled_mask,1.0,,96,96,,,,-0.015625,-0.10481770833333333,0.06901041666666667,0.4270833333333333,-0.11458333333333333
hidden_lattice,hidden_target_logit_effect,primary,22,corrupt,top_hidden_delta,union_mask,1.0,,96,96,,,,0.013020833333333334,-0.08528645833333333,0.1171875,0.40625,0.08333333333333333
hidden_lattice,hidden_target_logit_effect,primary,22,corrupt,visual+answer,answer_mask,1.0,,96,96,,,,3.0283203125,2.5003255208333335,3.5257161458333335,0.8645833333333334,214.41666666666666
hidden_lattice,hidden_target_logit_effect,primary,22,corrupt,visual+answer,shifted_mask,1.0,,96,96,,,,1.2867838541666667,0.9095052083333334,1.6715494791666667,0.6770833333333334,18.989583333333332
hidden_lattice,hidden_target_logit_effect,primary,22,corrupt,visual+answer,shuffled_mask,1.0,,96,96,,,,1.2018229166666667,0.8157552083333334,1.6048177083333333,0.6666666666666666,11.177083333333334
hidden_lattice,hidden_target_logit_effect,primary,22,corrupt,visual+answer,union_mask,1.0,,96,96,,,,2.7263997395833335,2.2233072916666665,3.2000325520833335,0.8645833333333334,89.6875
hidden_lattice,hidden_target_logit_effect,primary,22,corrupt,visual_span,answer_mask,1.0,,96,96,,,,0.5234375,0.3111979166666667,0.7604166666666666,0.6458333333333334,2.0625
hidden_lattice,hidden_target_logit_effect,primary,22,corrupt,visual_span,shifted_mask,1.0,,96,96,,,,0.345703125,0.17838541666666666,0.5442708333333334,0.5625,1.7395833333333333
hidden_lattice,hidden_target_logit_effect,primary,22,corrupt,visual_span,shuffled_mask,1.0,,96,96,,,,0.3528645833333333,0.17578125,0.5436197916666666,0.59375,1.2604166666666667
hidden_lattice,hidden_target_logit_effect,primary,22,corrupt,visual_span,union_mask,1.0,,96,96,,,,0.53125,0.330078125,0.75390625,0.6666666666666666,1.4895833333333333
hidden_lattice,hidden_target_logit_effect,primary,22,restore,answer_adjacent,answer_mask,1.0,,96,96,,,,3.0783284505208335,2.479736328125,3.6496175130208335,0.8854166666666666,899.9479166666666
hidden_lattice,hidden_target_logit_effect,primary,22,restore,answer_adjacent,shifted_mask,1.0,,96,96,,,,1.0595703125,0.6370442708333334,1.4915364583333333,0.625,36.760416666666664
hidden_lattice,hidden_target_logit_effect,primary,22,restore,answer_adjacent,shuffled_mask,1.0,,96,96,,,,1.0013020833333333,0.5491536458333334,1.4593098958333333,0.6354166666666666,36.84375
hidden_lattice,hidden_target_logit_effect,primary,22,restore,answer_adjacent,union_mask,1.0,,96,96,,,,2.8431294759114585,2.264678955078125,3.41314697265625,0.8958333333333334,563.5520833333334
hidden_lattice,hidden_target_logit_effect,primary,22,restore,top_hidden_delta,answer_mask,1.0,,96,96,,,,0.617889404296875,0.383544921875,0.8922932942708334,0.6875,354.1041666666667
hidden_lattice,hidden_target_logit_effect,primary,22,restore,top_hidden_delta,shifted_mask,1.0,,96,96,,,,0.2858072916666667,0.13736979166666666,0.4410807291666667,0.5729166666666666,32.166666666666664
hidden_lattice,hidden_target_logit_effect,primary,22,restore,top_hidden_delta,shuffled_mask,1.0,,96,96,,,,0.15885416666666666,0.0146484375,0.3050130208333333,0.5625,27.875
hidden_lattice,hidden_target_logit_effect,primary,22,restore,top_hidden_delta,union_mask,1.0,,96,96,,,,0.702667236328125,0.4632059733072917,0.96484375,0.6458333333333334,241.25
hidden_lattice,hidden_target_logit_effect,primary,22,restore,visual+answer,answer_mask,1.0,,96,96,,,,3.8706461588541665,3.182861328125,4.555867513020833,0.8645833333333334,904.1875
hidden_lattice,hidden_target_logit_effect,primary,22,restore,visual+answer,shifted_mask,1.0,,96,96,,,,1.5198567708333333,1.0377604166666667,2.005859375,0.6770833333333334,40.395833333333336
hidden_lattice,hidden_target_logit_effect,primary,22,restore,visual+answer,shuffled_mask,1.0,,96,96,,,,1.3382161458333333,0.8597005208333334,1.8483072916666667,0.65625,39.583333333333336
hidden_lattice,hidden_target_logit_effect,primary,22,restore,visual+answer,union_mask,1.0,,96,96,,,,3.5368143717447915,2.8479817708333335,4.193684895833333,0.8854166666666666,567.4375
hidden_lattice,hidden_target_logit_effect,primary,22,restore,visual_span,answer_mask,1.0,,96,96,,,,1.2960205078125,0.9344482421875,1.6830240885416667,0.75,612.5
hidden_lattice,hidden_target_logit_effect,primary,22,restore,visual_span,shifted_mask,1.0,,96,96,,,,0.6578776041666666,0.416015625,0.9274088541666666,0.59375,37.791666666666664
hidden_lattice,hidden_target_logit_effect,primary,22,restore,visual_span,shuffled_mask,1.0,,96,96,,,,0.4833984375,0.23307291666666666,0.7483723958333334,0.5625,36.375
hidden_lattice,hidden_target_logit_effect,primary,22,restore,visual_span,union_mask,1.0,,96,96,,,,1.2684224446614583,0.9256490071614584,1.6416015625,0.7916666666666666,433.5
hidden_lattice,hidden_target_logit_effect,primary,23,corrupt,answer_adjacent,answer_mask,1.0,,96,96,,,,2.6930338541666665,2.1904296875,3.1865234375,0.8854166666666666,151.38541666666666
hidden_lattice,hidden_target_logit_effect,primary,23,corrupt,answer_adjacent,shifted_mask,1.0,,96,96,,,,1.1223958333333333,0.7890625,1.4684244791666667,0.6770833333333334,4.791666666666667
hidden_lattice,hidden_target_logit_effect,primary,23,corrupt,answer_adjacent,shuffled_mask,1.0,,96,96,,,,0.953125,0.607421875,1.3177083333333333,0.6979166666666666,3.9791666666666665
hidden_lattice,hidden_target_logit_effect,primary,23,corrupt,answer_adjacent,union_mask,1.0,,96,96,,,,2.3912760416666665,1.9127604166666667,2.845703125,0.8854166666666666,67.625
hidden_lattice,hidden_target_logit_effect,primary,23,corrupt,top_hidden_delta,answer_mask,1.0,,96,96,,,,-0.048177083333333336,-0.197265625,0.07942708333333333,0.4479166666666667,0.03125
hidden_lattice,hidden_target_logit_effect,primary,23,corrupt,top_hidden_delta,shifted_mask,1.0,,96,96,,,,0.07161458333333333,-0.033854166666666664,0.18880208333333334,0.4895833333333333,0.125
hidden_lattice,hidden_target_logit_effect,primary,23,corrupt,top_hidden_delta,shuffled_mask,1.0,,96,96,,,,0.048177083333333336,-0.053385416666666664,0.15690104166666666,0.4375,0.03125
hidden_lattice,hidden_target_logit_effect,primary,23,corrupt,top_hidden_delta,union_mask,1.0,,96,96,,,,-0.006510416666666667,-0.16471354166666666,0.13671875,0.5104166666666666,0.22916666666666666
hidden_lattice,hidden_target_logit_effect,primary,23,corrupt,visual+answer,answer_mask,1.0,,96,96,,,,3.34228515625,2.7705078125,3.90625,0.8958333333333334,199.75
hidden_lattice,hidden_target_logit_effect,primary,23,corrupt,visual+answer,shifted_mask,1.0,,96,96,,,,1.4069010416666667,1.001953125,1.8125,0.6770833333333334,25.052083333333332
hidden_lattice,hidden_target_logit_effect,primary,23,corrupt,visual+answer,shuffled_mask,1.0,,96,96,,,,1.2962239583333333,0.8889973958333334,1.71875,0.6770833333333334,24.979166666666668
hidden_lattice,hidden_target_logit_effect,primary,23,corrupt,visual+answer,union_mask,1.0,,96,96,,,,3.1051432291666665,2.5520833333333335,3.630859375,0.875,103.29166666666667
hidden_lattice,hidden_target_logit_effect,primary,23,corrupt,visual_span,answer_mask,1.0,,96,96,,,,0.3854166666666667,0.24153645833333334,0.5540364583333334,0.6666666666666666,0.5104166666666666
hidden_lattice,hidden_target_logit_effect,primary,23,corrupt,visual_span,shifted_mask,1.0,,96,96,,,,0.1796875,0.06510416666666667,0.3059895833333333,0.5,0.34375
hidden_lattice,hidden_target_logit_effect,primary,23,corrupt,visual_span,shuffled_mask,1.0,,96,96,,,,0.17447916666666666,0.036458333333333336,0.3404947916666667,0.5,0.2916666666666667
hidden_lattice,hidden_target_logit_effect,primary,23,corrupt,visual_span,union_mask,1.0,,96,96,,,,0.4251302083333333,0.2838541666666667,0.59375,0.6979166666666666,0.53125
hidden_lattice,hidden_target_logit_effect,primary,23,restore,answer_adjacent,answer_mask,1.0,,96,96,,,,3.5197347005208335,2.84326171875,4.176961263020833,0.8958333333333334,903.2083333333334
hidden_lattice,hidden_target_logit_effect,primary,23,restore,answer_adjacent,shifted_mask,1.0,,96,96,,,,1.3375651041666667,0.8841145833333334,1.8167317708333333,0.6875,39.8125
hidden_lattice,hidden_target_logit_effect,primary,23,restore,answer_adjacent,shuffled_mask,1.0,,96,96,,,,1.0751953125,0.6233723958333334,1.548828125,0.6354166666666666,38.979166666666664
hidden_lattice,hidden_target_logit_effect,primary,23,restore,answer_adjacent,union_mask,1.0,,96,96,,,,3.1540018717447915,2.4958597819010415,3.774444580078125,0.8958333333333334,566.3645833333334
hidden_lattice,hidden_target_logit_effect,primary,23,restore,top_hidden_delta,answer_mask,1.0,,96,96,,,,0.4535929361979167,0.22395833333333334,0.712158203125,0.6979166666666666,144.09375
hidden_lattice,hidden_target_logit_effect,primary,23,restore,top_hidden_delta,shifted_mask,1.0,,96,96,,,,0.2649739583333333,0.13704427083333334,0.408203125,0.53125,28.25
hidden_lattice,hidden_target_logit_effect,primary,23,restore,top_hidden_delta,shuffled_mask,1.0,,96,96,,,,0.11783854166666667,-0.021484375,0.2711588541666667,0.4166666666666667,28.604166666666668
hidden_lattice,hidden_target_logit_effect,primary,23,restore,top_hidden_delta,union_mask,1.0,,96,96,,,,0.4698842366536458,0.228302001953125,0.7248382568359375,0.6145833333333334,141.47916666666666
hidden_lattice,hidden_target_logit_effect,primary,23,restore,visual+answer,answer_mask,1.0,,96,96,,,,3.8966878255208335,3.1931559244791665,4.597452799479167,0.875,904.1666666666666
hidden_lattice,hidden_target_logit_effect,primary,23,restore,visual+answer,shifted_mask,1.0,,96,96,,,,1.5413411458333333,1.0794270833333333,2.0188802083333335,0.6875,40.458333333333336
hidden_lattice,hidden_target_logit_effect,primary,23,restore,visual+answer,shuffled_mask,1.0,,96,96,,,,1.3805338541666667,0.8876953125,1.9010416666666667,0.6458333333333334,39.604166666666664
hidden_lattice,hidden_target_logit_effect,primary,23,restore,visual+answer,union_mask,1.0,,96,96,,,,3.624053955078125,2.9381815592447915,4.26470947265625,0.8854166666666666,567.5104166666666
hidden_lattice,hidden_target_logit_effect,primary,23,restore,visual_span,answer_mask,1.0,,96,96,,,,0.9019368489583334,0.6163330078125,1.2107340494791667,0.7708333333333334,376.9583333333333
hidden_lattice,hidden_target_logit_effect,primary,23,restore,visual_span,shifted_mask,1.0,,96,96,,,,0.4036458333333333,0.23567708333333334,0.5813802083333334,0.5833333333333334,33.197916666666664
hidden_lattice,hidden_target_logit_effect,primary,23,restore,visual_span,shuffled_mask,1.0,,96,96,,,,0.3330078125,0.14290364583333334,0.5387369791666666,0.5208333333333334,34.09375
hidden_lattice,hidden_target_logit_effect,primary,23,restore,visual_span,union_mask,1.0,,96,96,,,,0.9449361165364584,0.676025390625,1.242462158203125,0.7604166666666666,270.1875
hidden_lattice,hidden_target_logit_effect,primary,24,corrupt,answer_adjacent,answer_mask,1.0,,96,96,,,,3.1316731770833335,2.5621744791666665,3.6670735677083335,0.8645833333333334,351.8229166666667
hidden_lattice,hidden_target_logit_effect,primary,24,corrupt,answer_adjacent,shifted_mask,1.0,,96,96,,,,1.2171223958333333,0.8453776041666666,1.6051432291666667,0.65625,6.822916666666667
hidden_lattice,hidden_target_logit_effect,primary,24,corrupt,answer_adjacent,shuffled_mask,1.0,,96,96,,,,1.0358072916666667,0.6627604166666666,1.4212239583333333,0.65625,5.416666666666667
hidden_lattice,hidden_target_logit_effect,primary,24,corrupt,answer_adjacent,union_mask,1.0,,96,96,,,,2.7725423177083335,2.2469075520833335,3.298583984375,0.875,174.80208333333334
hidden_lattice,hidden_target_logit_effect,primary,24,corrupt,top_hidden_delta,answer_mask,1.0,,96,96,,,,-0.07421875,-0.21940104166666666,0.044921875,0.4895833333333333,0.2708333333333333
hidden_lattice,hidden_target_logit_effect,primary,24,corrupt,top_hidden_delta,shifted_mask,1.0,,96,96,,,,0.07486979166666667,-0.044921875,0.19466145833333334,0.5208333333333334,0.125
hidden_lattice,hidden_target_logit_effect,primary,24,corrupt,top_hidden_delta,shuffled_mask,1.0,,96,96,,,,0.038411458333333336,-0.052734375,0.12825520833333334,0.4375,0.041666666666666664
hidden_lattice,hidden_target_logit_effect,primary,24,corrupt,top_hidden_delta,union_mask,1.0,,96,96,,,,-0.06575520833333333,-0.21744791666666666,0.060546875,0.4166666666666667,0.11458333333333333
hidden_lattice,hidden_target_logit_effect,primary,24,corrupt,visual+answer,answer_mask,1.0,,96,96,,,,3.7105789184570312,3.0722325642903647,4.338541666666667,0.875,488.7083333333333
hidden_lattice,hidden_target_logit_effect,primary,24,corrupt,visual+answer,shifted_mask,1.0,,96,96,,,,1.42578125,0.9905598958333334,1.8802083333333333,0.6666666666666666,27.677083333333332
hidden_lattice,hidden_target_logit_effect,primary,24,corrupt,visual+answer,shuffled_mask,1.0,,96,96,,,,1.2998046875,0.8723958333333334,1.7522786458333333,0.6875,26.010416666666668
hidden_lattice,hidden_target_logit_effect,primary,24,corrupt,visual+answer,union_mask,1.0,,96,96,,,,3.425537109375,2.8238932291666665,4.002278645833333,0.875,249.5
hidden_lattice,hidden_target_logit_effect,primary,24,corrupt,visual_span,answer_mask,1.0,,96,96,,,,0.23697916666666666,0.13541666666666666,0.3444010416666667,0.6145833333333334,0.2916666666666667
hidden_lattice,hidden_target_logit_effect,primary,24,corrupt,visual_span,shifted_mask,1.0,,96,96,,,,0.12955729166666666,0.02734375,0.244140625,0.53125,0.125
hidden_lattice,hidden_target_logit_effect,primary,24,corrupt,visual_span,shuffled_mask,1.0,,96,96,,,,0.09375,-0.016276041666666668,0.21419270833333334,0.4791666666666667,0.0625
hidden_lattice,hidden_target_logit_effect,primary,24,corrupt,visual_span,union_mask,1.0,,96,96,,,,0.2643229166666667,0.15364583333333334,0.3841145833333333,0.6145833333333334,0.21875
hidden_lattice,hidden_target_logit_effect,primary,24,restore,answer_adjacent,answer_mask,1.0,,96,96,,,,3.6128336588541665,2.8969319661458335,4.296468098958333,0.875,904.0
hidden_lattice,hidden_target_logit_effect,primary,24,restore,answer_adjacent,shifted_mask,1.0,,96,96,,,,1.3883463541666667,0.9397786458333334,1.8518880208333333,0.71875,40.0
hidden_lattice,hidden_target_logit_effect,primary,24,restore,answer_adjacent,shuffled_mask,1.0,,96,96,,,,1.2021484375,0.7513020833333334,1.6888020833333333,0.6354166666666666,39.364583333333336
hidden_lattice,hidden_target_logit_effect,primary,24,restore,answer_adjacent,union_mask,1.0,,96,96,,,,3.3336893717447915,2.658203125,3.9638671875,0.875,567.28125
hidden_lattice,hidden_target_logit_effect,primary,24,restore,top_hidden_delta,answer_mask,1.0,,96,96,,,,0.3650309244791667,0.16402180989583334,0.590087890625,0.59375,103.48958333333333
hidden_lattice,hidden_target_logit_effect,primary,24,restore,top_hidden_delta,shifted_mask,1.0,,96,96,,,,0.18587239583333334,0.07747395833333333,0.3053385416666667,0.53125,25.947916666666668
hidden_lattice,hidden_target_logit_effect,primary,24,restore,top_hidden_delta,shuffled_mask,1.0,,96,96,,,,0.14518229166666666,0.005533854166666667,0.2867838541666667,0.4791666666666667,28.34375
hidden_lattice,hidden_target_logit_effect,primary,24,restore,top_hidden_delta,union_mask,1.0,,96,96,,,,0.3823191324869792,0.17007954915364584,0.6197916666666666,0.6354166666666666,86.76041666666667
hidden_lattice,hidden_target_logit_effect,primary,24,restore,visual+answer,answer_mask,1.0,,96,96,,,,3.8582763671875,3.1338704427083335,4.574788411458333,0.875,904.4791666666666
hidden_lattice,hidden_target_logit_effect,primary,24,restore,visual+answer,shifted_mask,1.0,,96,96,,,,1.5804036458333333,1.08984375,2.0608723958333335,0.6979166666666666,40.375
hidden_lattice,hidden_target_logit_effect,primary,24,restore,visual+answer,shuffled_mask,1.0,,96,96,,,,1.3134765625,0.8352864583333334,1.8206380208333333,0.6354166666666666,39.635416666666664
hidden_lattice,hidden_target_logit_effect,primary,24,restore,visual+answer,union_mask,1.0,,96,96,,,,3.5706685384114585,2.857421875,4.224019368489583,0.8854166666666666,567.5833333333334
hidden_lattice,hidden_target_logit_effect,primary,24,restore,visual_span,answer_mask,1.0,,96,96,,,,0.683349609375,0.4315999348958333,0.9508056640625,0.7395833333333334,290.1875
hidden_lattice,hidden_target_logit_effect,primary,24,restore,visual_span,shifted_mask,1.0,,96,96,,,,0.328125,0.17252604166666666,0.4869791666666667,0.53125,31.71875
hidden_lattice,hidden_target_logit_effect,primary,24,restore,visual_span,shuffled_mask,1.0,,96,96,,,,0.3037109375,0.13053385416666666,0.4860026041666667,0.5833333333333334,33.072916666666664
hidden_lattice,hidden_target_logit_effect,primary,24,restore,visual_span,union_mask,1.0,,96,96,,,,0.7929890950520834,0.558013916015625,1.046173095703125,0.75,193.09375
hidden_lattice,hidden_target_logit_effect,primary,25,corrupt,answer_adjacent,answer_mask,1.0,,96,96,,,,3.1851806640625,2.6328125,3.7173258463541665,0.8854166666666666,387.3854166666667
hidden_lattice,hidden_target_logit_effect,primary,25,corrupt,answer_adjacent,shifted_mask,1.0,,96,96,,,,1.2669270833333333,0.90625,1.64453125,0.6875,5.489583333333333
hidden_lattice,hidden_target_logit_effect,primary,25,corrupt,answer_adjacent,shuffled_mask,1.0,,96,96,,,,1.091796875,0.7220052083333334,1.4837239583333333,0.6666666666666666,4.510416666666667
hidden_lattice,hidden_target_logit_effect,primary,25,corrupt,answer_adjacent,union_mask,1.0,,96,96,,,,2.781005859375,2.2474772135416665,3.284912109375,0.90625,164.38541666666666
hidden_lattice,hidden_target_logit_effect,primary,25,corrupt,top_hidden_delta,answer_mask,1.0,,96,96,,,,0.09244791666666667,-0.07259114583333333,0.2819010416666667,0.4583333333333333,26.395833333333332
hidden_lattice,hidden_target_logit_effect,primary,25,corrupt,top_hidden_delta,shifted_mask,1.0,,96,96,,,,0.095703125,0.013671875,0.1953125,0.4375,0.125
hidden_lattice,hidden_target_logit_effect,primary,25,corrupt,top_hidden_delta,shuffled_mask,1.0,,96,96,,,,0.08138020833333333,-0.018229166666666668,0.20963541666666666,0.4479166666666667,0.052083333333333336
hidden_lattice,hidden_target_logit_effect,primary,25,corrupt,top_hidden_delta,union_mask,1.0,,96,96,,,,0.07942708333333333,-0.10286458333333333,0.2858072916666667,0.4791666666666667,21.375
hidden_lattice,hidden_target_logit_effect,primary,25,corrupt,visual+answer,answer_mask,1.0,,96,96,,,,3.793609619140625,3.1588541666666665,4.42279052734375,0.8854166666666666,535.9270833333334
hidden_lattice,hidden_target_logit_effect,primary,25,corrupt,visual+answer,shifted_mask,1.0,,96,96,,,,1.4895833333333333,1.0387369791666667,1.9368489583333333,0.6875,29.71875
hidden_lattice,hidden_target_logit_effect,primary,25,corrupt,visual+answer,shuffled_mask,1.0,,96,96,,,,1.3466796875,0.9029947916666666,1.8131510416666667,0.6458333333333334,29.739583333333332
hidden_lattice,hidden_target_logit_effect,primary,25,corrupt,visual+answer,union_mask,1.0,,96,96,,,,3.4384358723958335,2.8186848958333335,4.054850260416667,0.8958333333333334,281.4270833333333
hidden_lattice,hidden_target_logit_effect,primary,25,corrupt,visual_span,answer_mask,1.0,,96,96,,,,0.2545572916666667,0.138671875,0.3854166666666667,0.65625,0.4583333333333333
hidden_lattice,hidden_target_logit_effect,primary,25,corrupt,visual_span,shifted_mask,1.0,,96,96,,,,0.14322916666666666,0.030598958333333332,0.271484375,0.4895833333333333,0.4270833333333333
hidden_lattice,hidden_target_logit_effect,primary,25,corrupt,visual_span,shuffled_mask,1.0,,96,96,,,,0.146484375,0.034505208333333336,0.2819010416666667,0.5208333333333334,0.3229166666666667
hidden_lattice,hidden_target_logit_effect,primary,25,corrupt,visual_span,union_mask,1.0,,96,96,,,,0.265625,0.140625,0.40234375,0.6354166666666666,0.40625
hidden_lattice,hidden_target_logit_effect,primary,25,restore,answer_adjacent,answer_mask,1.0,,96,96,,,,3.7222086588541665,2.9895833333333335,4.426513671875,0.8854166666666666,903.8958333333334
hidden_lattice,hidden_target_logit_effect,primary,25,restore,answer_adjacent,shifted_mask,1.0,,96,96,,,,1.4436848958333333,1.0071614583333333,1.9114583333333333,0.6666666666666666,39.927083333333336
hidden_lattice,hidden_target_logit_effect,primary,25,restore,answer_adjacent,shuffled_mask,1.0,,96,96,,,,1.1806640625,0.7330729166666666,1.6497395833333333,0.6354166666666666,39.09375
hidden_lattice,hidden_target_logit_effect,primary,25,restore,answer_adjacent,union_mask,1.0,,96,96,,,,3.4300435384114585,2.7320963541666665,4.097981770833333,0.875,567.1145833333334
hidden_lattice,hidden_target_logit_effect,primary,25,restore,top_hidden_delta,answer_mask,1.0,,96,96,,,,0.3847249348958333,0.14156087239583334,0.6339111328125,0.5520833333333334,131.5625
hidden_lattice,hidden_target_logit_effect,primary,25,restore,top_hidden_delta,shifted_mask,1.0,,96,96,,,,0.17415364583333334,0.045572916666666664,0.3206380208333333,0.5,26.875
hidden_lattice,hidden_target_logit_effect,primary,25,restore,top_hidden_delta,shuffled_mask,1.0,,96,96,,,,0.11588541666666667,0.0003255208333333333,0.2506510416666667,0.4270833333333333,27.739583333333332
hidden_lattice,hidden_target_logit_effect,primary,25,restore,top_hidden_delta,union_mask,1.0,,96,96,,,,0.505279541015625,0.2618815104166667,0.7750651041666666,0.625,127.5625
hidden_lattice,hidden_target_logit_effect,primary,25,restore,visual+answer,answer_mask,1.0,,96,96,,,,3.9826253255208335,3.2392578125,4.701253255208333,0.8645833333333334,904.4166666666666
hidden_lattice,hidden_target_logit_effect,primary,25,restore,visual+answer,shifted_mask,1.0,,96,96,,,,1.6038411458333333,1.1305338541666667,2.1015625,0.6770833333333334,40.427083333333336
hidden_lattice,hidden_target_logit_effect,primary,25,restore,visual+answer,shuffled_mask,1.0,,96,96,,,,1.3955078125,0.9016927083333334,1.9186197916666667,0.6354166666666666,39.666666666666664
hidden_lattice,hidden_target_logit_effect,primary,25,restore,visual+answer,union_mask,1.0,,96,96,,,,3.647491455078125,2.9287109375,4.319366455078125,0.875,567.71875
hidden_lattice,hidden_target_logit_effect,primary,25,restore,visual_span,answer_mask,1.0,,96,96,,,,0.7618204752604166,0.523681640625,1.0231730143229167,0.7291666666666666,258.9895833333333
hidden_lattice,hidden_target_logit_effect,primary,25,restore,visual_span,shifted_mask,1.0,,96,96,,,,0.291015625,0.12760416666666666,0.4664713541666667,0.53125,32.822916666666664
hidden_lattice,hidden_target_logit_effect,primary,25,restore,visual_span,shuffled_mask,1.0,,96,96,,,,0.2770182291666667,0.09928385416666667,0.4680989583333333,0.5416666666666666,33.895833333333336
hidden_lattice,hidden_target_logit_effect,primary,25,restore,visual_span,union_mask,1.0,,96,96,,,,0.810302734375,0.564178466796875,1.074737548828125,0.75,213.39583333333334
hidden_lattice,hidden_target_logit_effect,primary,26,corrupt,answer_adjacent,answer_mask,1.0,,96,96,,,,3.7889404296875,3.1027018229166665,4.4742431640625,0.8958333333333334,734.625
hidden_lattice,hidden_target_logit_effect,primary,26,corrupt,answer_adjacent,shifted_mask,1.0,,96,96,,,,1.4573567708333333,1.0113932291666667,1.9108072916666667,0.6770833333333334,19.864583333333332
hidden_lattice,hidden_target_logit_effect,primary,26,corrupt,answer_adjacent,shuffled_mask,1.0,,96,96,,,,1.2763671875,0.8395182291666666,1.7395833333333333,0.6875,13.479166666666666
hidden_lattice,hidden_target_logit_effect,primary,26,corrupt,answer_adjacent,union_mask,1.0,,96,96,,,,3.45294189453125,2.8021240234375,4.074910481770833,0.8958333333333334,455.75
hidden_lattice,hidden_target_logit_effect,primary,26,corrupt,top_hidden_delta,answer_mask,1.0,,96,96,,,,0.15494791666666666,-0.017578125,0.3880208333333333,0.2708333333333333,54.59375
hidden_lattice,hidden_target_logit_effect,primary,26,corrupt,top_hidden_delta,shifted_mask,1.0,,96,96,,,,0.014973958333333334,-0.001953125,0.036458333333333336,0.21875,0.125
hidden_lattice,hidden_target_logit_effect,primary,26,corrupt,top_hidden_delta,shuffled_mask,1.0,,96,96,,,,0.009114583333333334,-0.00390625,0.022786458333333332,0.1875,0.03125
hidden_lattice,hidden_target_logit_effect,primary,26,corrupt,top_hidden_delta,union_mask,1.0,,96,96,,,,0.09098307291666667,-0.061197916666666664,0.2804361979166667,0.23958333333333334,38.34375
hidden_lattice,hidden_target_logit_effect,primary,26,corrupt,visual+answer,answer_mask,1.0,,96,96,,,,4.15185546875,3.4088541666666665,4.87744140625,0.8958333333333334,880.34375
hidden_lattice,hidden_target_logit_effect,primary,26,corrupt,visual+answer,shifted_mask,1.0,,96,96,,,,1.63671875,1.1546223958333333,2.1422526041666665,0.6875,39.510416666666664
hidden_lattice,hidden_target_logit_effect,primary,26,corrupt,visual+answer,shuffled_mask,1.0,,96,96,,,,1.4619140625,0.9817708333333334,1.9658203125,0.6875,38.364583333333336
hidden_lattice,hidden_target_logit_effect,primary,26,corrupt,visual+answer,union_mask,1.0,,96,96,,,,3.86236572265625,3.1613362630208335,4.548685709635417,0.90625,579.75
hidden_lattice,hidden_target_logit_effect,primary,26,corrupt,visual_span,answer_mask,1.0,,96,96,,,,0.091796875,0.056640625,0.130859375,0.4895833333333333,0.23958333333333334
hidden_lattice,hidden_target_logit_effect,primary,26,corrupt,visual_span,shifted_mask,1.0,,96,96,,,,0.044270833333333336,0.013671875,0.078125,0.3541666666666667,0.10416666666666667
hidden_lattice,hidden_target_logit_effect,primary,26,corrupt,visual_span,shuffled_mask,1.0,,96,96,,,,0.05078125,0.0234375,0.08138020833333333,0.3854166666666667,0.07291666666666667
hidden_lattice,hidden_target_logit_effect,primary,26,corrupt,visual_span,union_mask,1.0,,96,96,,,,0.10221354166666667,0.06770833333333333,0.140625,0.5833333333333334,0.16666666666666666
hidden_lattice,hidden_target_logit_effect,primary,26,restore,answer_adjacent,answer_mask,1.0,,96,96,,,,4.025594075520833,3.2978922526041665,4.741617838541667,0.8958333333333334,904.40625
hidden_lattice,hidden_target_logit_effect,primary,26,restore,answer_adjacent,shifted_mask,1.0,,96,96,,,,1.5517578125,1.0813802083333333,2.037109375,0.6770833333333334,40.354166666666664
hidden_lattice,hidden_target_logit_effect,primary,26,restore,answer_adjacent,shuffled_mask,1.0,,96,96,,,,1.3590494791666667,0.888671875,1.8590494791666667,0.65625,39.53125
hidden_lattice,hidden_target_logit_effect,primary,26,restore,answer_adjacent,union_mask,1.0,,96,96,,,,3.776397705078125,3.0764973958333335,4.462595621744792,0.8958333333333334,567.7083333333334
hidden_lattice,hidden_target_logit_effect,primary,26,restore,top_hidden_delta,answer_mask,1.0,,96,96,,,,0.253173828125,0.046712239583333336,0.49365234375,0.46875,102.77083333333333
hidden_lattice,hidden_target_logit_effect,primary,26,restore,top_hidden_delta,shifted_mask,1.0,,96,96,,,,0.0966796875,0.033854166666666664,0.17057291666666666,0.2604166666666667,17.645833333333332
hidden_lattice,hidden_target_logit_effect,primary,26,restore,top_hidden_delta,shuffled_mask,1.0,,96,96,,,,0.07942708333333333,0.015625,0.16471354166666666,0.21875,21.572916666666668
hidden_lattice,hidden_target_logit_effect,primary,26,restore,top_hidden_delta,union_mask,1.0,,96,96,,,,0.24212137858072916,0.06449381510416667,0.4534708658854167,0.4375,92.76041666666667
hidden_lattice,hidden_target_logit_effect,primary,26,restore,visual+answer,answer_mask,1.0,,96,96,,,,4.1375732421875,3.3977864583333335,4.871256510416667,0.8958333333333334,904.59375
hidden_lattice,hidden_target_logit_effect,primary,26,restore,visual+answer,shifted_mask,1.0,,96,96,,,,1.6057942708333333,1.1302083333333333,2.1002604166666665,0.6770833333333334,40.416666666666664
hidden_lattice,hidden_target_logit_effect,primary,26,restore,visual+answer,shuffled_mask,1.0,,96,96,,,,1.4280598958333333,0.951171875,1.9332682291666667,0.6666666666666666,39.666666666666664
hidden_lattice,hidden_target_logit_effect,primary,26,restore,visual+answer,union_mask,1.0,,96,96,,,,3.887725830078125,3.175811767578125,4.574900309244792,0.90625,567.8229166666666
hidden_lattice,hidden_target_logit_effect,primary,26,restore,visual_span,answer_mask,1.0,,96,96,,,,0.3658040364583333,0.23388671875,0.52587890625,0.65625,148.0625
hidden_lattice,hidden_target_logit_effect,primary,26,restore,visual_span,shifted_mask,1.0,,96,96,,,,0.1650390625,0.08072916666666667,0.2643229166666667,0.3333333333333333,21.364583333333332
hidden_lattice,hidden_target_logit_effect,primary,26,restore,visual_span,shuffled_mask,1.0,,96,96,,,,0.19954427083333334,0.10514322916666667,0.3147786458333333,0.4895833333333333,26.0625
hidden_lattice,hidden_target_logit_effect,primary,26,restore,visual_span,union_mask,1.0,,96,96,,,,0.417510986328125,0.2718302408854167,0.5924886067708334,0.6458333333333334,125.30208333333333
hidden_lattice,hidden_target_logit_effect,primary,27,corrupt,answer_adjacent,answer_mask,1.0,,96,96,,,,0.9733072916666666,0.6907552083333334,1.26171875,0.7291666666666666,5.4375
hidden_lattice,hidden_target_logit_effect,primary,27,corrupt,answer_adjacent,shifted_mask,1.0,,96,96,,,,0.3079427083333333,0.14713541666666666,0.4680989583333333,0.53125,1.3645833333333333
hidden_lattice,hidden_target_logit_effect,primary,27,corrupt,answer_adjacent,shuffled_mask,1.0,,96,96,,,,0.24674479166666666,0.07291666666666667,0.42578125,0.5729166666666666,1.0416666666666667
hidden_lattice,hidden_target_logit_effect,primary,27,corrupt,answer_adjacent,union_mask,1.0,,96,96,,,,0.8873697916666666,0.6009114583333334,1.1751302083333333,0.7083333333333334,4.65625
hidden_lattice,hidden_target_logit_effect,primary,27,corrupt,top_hidden_delta,answer_mask,1.0,,96,96,,,,0.0,0.0,0.0,0.0,0.0
hidden_lattice,hidden_target_logit_effect,primary,27,corrupt,top_hidden_delta,shifted_mask,1.0,,96,96,,,,0.0,0.0,0.0,0.0,0.0
hidden_lattice,hidden_target_logit_effect,primary,27,corrupt,top_hidden_delta,shuffled_mask,1.0,,96,96,,,,0.0,0.0,0.0,0.0,0.0
hidden_lattice,hidden_target_logit_effect,primary,27,corrupt,top_hidden_delta,union_mask,1.0,,96,96,,,,0.0,0.0,0.0,0.0,0.0
hidden_lattice,hidden_target_logit_effect,primary,27,corrupt,visual+answer,answer_mask,1.0,,96,96,,,,0.9733072916666666,0.6907552083333334,1.26171875,0.7291666666666666,5.4375
hidden_lattice,hidden_target_logit_effect,primary,27,corrupt,visual+answer,shifted_mask,1.0,,96,96,,,,0.3079427083333333,0.14713541666666666,0.4680989583333333,0.53125,1.3645833333333333
hidden_lattice,hidden_target_logit_effect,primary,27,corrupt,visual+answer,shuffled_mask,1.0,,96,96,,,,0.24674479166666666,0.07291666666666667,0.42578125,0.5729166666666666,1.0416666666666667
hidden_lattice,hidden_target_logit_effect,primary,27,corrupt,visual+answer,union_mask,1.0,,96,96,,,,0.8873697916666666,0.6009114583333334,1.1751302083333333,0.7083333333333334,4.65625
hidden_lattice,hidden_target_logit_effect,primary,27,corrupt,visual_span,answer_mask,1.0,,96,96,,,,0.0,0.0,0.0,0.0,0.0
hidden_lattice,hidden_target_logit_effect,primary,27,corrupt,visual_span,shifted_mask,1.0,,96,96,,,,0.0,0.0,0.0,0.0,0.0
hidden_lattice,hidden_target_logit_effect,primary,27,corrupt,visual_span,shuffled_mask,1.0,,96,96,,,,0.0,0.0,0.0,0.0,0.0
hidden_lattice,hidden_target_logit_effect,primary,27,corrupt,visual_span,union_mask,1.0,,96,96,,,,0.0,0.0,0.0,0.0,0.0
hidden_lattice,hidden_target_logit_effect,primary,27,restore,answer_adjacent,answer_mask,1.0,,96,96,,,,2.2156982421875,1.8721923828125,2.5618082682291665,0.9270833333333334,884.6875
hidden_lattice,hidden_target_logit_effect,primary,27,restore,answer_adjacent,shifted_mask,1.0,,96,96,,,,0.9055989583333334,0.6520182291666666,1.1614583333333333,0.6979166666666666,37.15625
hidden_lattice,hidden_target_logit_effect,primary,27,restore,answer_adjacent,shuffled_mask,1.0,,96,96,,,,0.8264973958333334,0.56640625,1.1012369791666667,0.71875,36.385416666666664
hidden_lattice,hidden_target_logit_effect,primary,27,restore,answer_adjacent,union_mask,1.0,,96,96,,,,2.089874267578125,1.7360026041666667,2.4274698893229165,0.9166666666666666,552.8645833333334
hidden_lattice,hidden_target_logit_effect,primary,27,restore,top_hidden_delta,answer_mask,1.0,,96,96,,,,0.0,0.0,0.0,0.0,0.0
hidden_lattice,hidden_target_logit_effect,primary,27,restore,top_hidden_delta,shifted_mask,1.0,,96,96,,,,0.0,0.0,0.0,0.0,0.0
hidden_lattice,hidden_target_logit_effect,primary,27,restore,top_hidden_delta,shuffled_mask,1.0,,96,96,,,,0.0,0.0,0.0,0.0,0.0
hidden_lattice,hidden_target_logit_effect,primary,27,restore,top_hidden_delta,union_mask,1.0,,96,96,,,,0.0,0.0,0.0,0.0,0.0
hidden_lattice,hidden_target_logit_effect,primary,27,restore,visual+answer,answer_mask,1.0,,96,96,,,,2.2156982421875,1.8721923828125,2.5618082682291665,0.9270833333333334,884.6875
hidden_lattice,hidden_target_logit_effect,primary,27,restore,visual+answer,shifted_mask,1.0,,96,96,,,,0.9055989583333334,0.6520182291666666,1.1614583333333333,0.6979166666666666,37.15625
hidden_lattice,hidden_target_logit_effect,primary,27,restore,visual+answer,shuffled_mask,1.0,,96,96,,,,0.8264973958333334,0.56640625,1.1012369791666667,0.71875,36.385416666666664
hidden_lattice,hidden_target_logit_effect,primary,27,restore,visual+answer,union_mask,1.0,,96,96,,,,2.089874267578125,1.7360026041666667,2.4274698893229165,0.9166666666666666,552.8645833333334
hidden_lattice,hidden_target_logit_effect,primary,27,restore,visual_span,answer_mask,1.0,,96,96,,,,0.0,0.0,0.0,0.0,0.0
hidden_lattice,hidden_target_logit_effect,primary,27,restore,visual_span,shifted_mask,1.0,,96,96,,,,0.0,0.0,0.0,0.0,0.0
hidden_lattice,hidden_target_logit_effect,primary,27,restore,visual_span,shuffled_mask,1.0,,96,96,,,,0.0,0.0,0.0,0.0,0.0
hidden_lattice,hidden_target_logit_effect,primary,27,restore,visual_span,union_mask,1.0,,96,96,,,,0.0,0.0,0.0,0.0,0.0
hidden_lattice,hidden_target_logit_effect,primary,3,corrupt,answer_adjacent,answer_mask,1.0,,96,96,,,,0.042317708333333336,-0.05078125,0.13671875,0.4583333333333333,0.10416666666666667
hidden_lattice,hidden_target_logit_effect,primary,3,corrupt,answer_adjacent,shifted_mask,1.0,,96,96,,,,0.047526041666666664,-0.055989583333333336,0.16276041666666666,0.4479166666666667,-0.041666666666666664
hidden_lattice,hidden_target_logit_effect,primary,3,corrupt,answer_adjacent,shuffled_mask,1.0,,96,96,,,,-0.024088541666666668,-0.12630208333333334,0.07682291666666667,0.4791666666666667,0.0
hidden_lattice,hidden_target_logit_effect,primary,3,corrupt,answer_adjacent,union_mask,1.0,,96,96,,,,0.035807291666666664,-0.0703125,0.13216145833333334,0.4791666666666667,0.0625
hidden_lattice,hidden_target_logit_effect,primary,3,corrupt,top_hidden_delta,answer_mask,1.0,,96,96,,,,0.045572916666666664,-0.10872395833333333,0.19986979166666666,0.4270833333333333,0.875
hidden_lattice,hidden_target_logit_effect,primary,3,corrupt,top_hidden_delta,shifted_mask,1.0,,96,96,,,,-0.034505208333333336,-0.15690104166666666,0.083984375,0.4375,0.0
hidden_lattice,hidden_target_logit_effect,primary,3,corrupt,top_hidden_delta,shuffled_mask,1.0,,96,96,,,,-0.09375,-0.22330729166666666,0.053385416666666664,0.3333333333333333,0.09375
hidden_lattice,hidden_target_logit_effect,primary,3,corrupt,top_hidden_delta,union_mask,1.0,,96,96,,,,0.00390625,-0.14192708333333334,0.14127604166666666,0.46875,0.125
hidden_lattice,hidden_target_logit_effect,primary,3,corrupt,visual+answer,answer_mask,1.0,,96,96,,,,4.159291585286458,3.4547526041666665,4.848642985026042,0.8854166666666666,898.7291666666666
hidden_lattice,hidden_target_logit_effect,primary,3,corrupt,visual+answer,shifted_mask,1.0,,96,96,,,,1.5589192708333333,1.1009114583333333,2.0377604166666665,0.7291666666666666,45.0625
hidden_lattice,hidden_target_logit_effect,primary,3,corrupt,visual+answer,shuffled_mask,1.0,,96,96,,,,1.4430338541666667,0.9970703125,1.9176432291666667,0.6875,38.96875
hidden_lattice,hidden_target_logit_effect,primary,3,corrupt,visual+answer,union_mask,1.0,,96,96,,,,3.8966471354166665,3.2121988932291665,4.5670166015625,0.9166666666666666,537.96875
hidden_lattice,hidden_target_logit_effect,primary,3,corrupt,visual_span,answer_mask,1.0,,96,96,,,,4.120035807291667,3.4058837890625,4.811808268229167,0.8958333333333334,815.2604166666666
hidden_lattice,hidden_target_logit_effect,primary,3,corrupt,visual_span,shifted_mask,1.0,,96,96,,,,1.505859375,1.044921875,2.0084635416666665,0.6770833333333334,44.427083333333336
hidden_lattice,hidden_target_logit_effect,primary,3,corrupt,visual_span,shuffled_mask,1.0,,96,96,,,,1.4055989583333333,0.9479166666666666,1.8841145833333333,0.7083333333333334,40.895833333333336
hidden_lattice,hidden_target_logit_effect,primary,3,corrupt,visual_span,union_mask,1.0,,96,96,,,,3.8323465983072915,3.1666666666666665,4.51080322265625,0.90625,544.1770833333334
hidden_lattice,hidden_target_logit_effect,primary,3,restore,answer_adjacent,answer_mask,1.0,,96,96,,,,-0.0230712890625,-0.11360677083333333,0.06852213541666667,0.4375,-2.7708333333333335
hidden_lattice,hidden_target_logit_effect,primary,3,restore,answer_adjacent,shifted_mask,1.0,,96,96,,,,0.0341796875,-0.07161458333333333,0.140625,0.5104166666666666,-0.34375
hidden_lattice,hidden_target_logit_effect,primary,3,restore,answer_adjacent,shuffled_mask,1.0,,96,96,,,,0.015950520833333332,-0.0751953125,0.10384114583333333,0.4895833333333333,-0.7291666666666666
hidden_lattice,hidden_target_logit_effect,primary,3,restore,answer_adjacent,union_mask,1.0,,96,96,,,,0.059855143229166664,-0.027506510416666668,0.13936360677083334,0.5416666666666666,42.114583333333336
hidden_lattice,hidden_target_logit_effect,primary,3,restore,top_hidden_delta,answer_mask,1.0,,96,96,,,,3.6837972005208335,3.0077311197916665,4.344156901041667,0.8854166666666666,903.6666666666666
hidden_lattice,hidden_target_logit_effect,primary,3,restore,top_hidden_delta,shifted_mask,1.0,,96,96,,,,1.1572265625,0.7578125,1.5836588541666667,0.6458333333333334,39.479166666666664
hidden_lattice,hidden_target_logit_effect,primary,3,restore,top_hidden_delta,shuffled_mask,1.0,,96,96,,,,0.9938151041666666,0.619140625,1.3912760416666667,0.6875,38.572916666666664
hidden_lattice,hidden_target_logit_effect,primary,3,restore,top_hidden_delta,union_mask,1.0,,96,96,,,,3.3200174967447915,2.688507080078125,3.9769185384114585,0.8854166666666666,565.7708333333334
hidden_lattice,hidden_target_logit_effect,primary,3,restore,visual+answer,answer_mask,1.0,,96,96,,,,4.200724283854167,3.450927734375,4.948689778645833,0.875,904.5729166666666
hidden_lattice,hidden_target_logit_effect,primary,3,restore,visual+answer,shifted_mask,1.0,,96,96,,,,1.6578776041666667,1.158203125,2.1708984375,0.65625,40.416666666666664
hidden_lattice,hidden_target_logit_effect,primary,3,restore,visual+answer,shuffled_mask,1.0,,96,96,,,,1.5107421875,1.0257161458333333,2.0218098958333335,0.6770833333333334,39.645833333333336
hidden_lattice,hidden_target_logit_effect,primary,3,restore,visual+answer,union_mask,1.0,,96,96,,,,3.9554341634114585,3.2431640625,4.666727701822917,0.8958333333333334,567.9791666666666
hidden_lattice,hidden_target_logit_effect,primary,3,restore,visual_span,answer_mask,1.0,,96,96,,,,4.118693033854167,3.3486735026041665,4.8671875,0.8854166666666666,904.59375
hidden_lattice,hidden_target_logit_effect,primary,3,restore,visual_span,shifted_mask,1.0,,96,96,,,,1.5882161458333333,1.0914713541666667,2.087890625,0.6354166666666666,40.364583333333336
hidden_lattice,hidden_target_logit_effect,primary,3,restore,visual_span,shuffled_mask,1.0,,96,96,,,,1.4684244791666667,0.97265625,2.0035807291666665,0.6458333333333334,39.65625
hidden_lattice,hidden_target_logit_effect,primary,3,restore,visual_span,union_mask,1.0,,96,96,,,,3.909210205078125,3.1891276041666665,4.581705729166667,0.90625,567.8645833333334
hidden_lattice,hidden_target_logit_effect,primary,4,corrupt,answer_adjacent,answer_mask,1.0,,96,96,,,,-0.011067708333333334,-0.13736979166666666,0.12109375,0.4479166666666667,0.0
hidden_lattice,hidden_target_logit_effect,primary,4,corrupt,answer_adjacent,shifted_mask,1.0,,96,96,,,,-0.014322916666666666,-0.123046875,0.09830729166666667,0.4479166666666667,-0.03125
hidden_lattice,hidden_target_logit_effect,primary,4,corrupt,answer_adjacent,shuffled_mask,1.0,,96,96,,,,-0.008463541666666666,-0.12565104166666666,0.11067708333333333,0.4791666666666667,-0.010416666666666666
hidden_lattice,hidden_target_logit_effect,primary,4,corrupt,answer_adjacent,union_mask,1.0,,96,96,,,,0.013020833333333334,-0.11328125,0.13671875,0.4479166666666667,0.09375
hidden_lattice,hidden_target_logit_effect,primary,4,corrupt,top_hidden_delta,answer_mask,1.0,,96,96,,,,0.09635416666666667,-0.061197916666666664,0.255859375,0.4583333333333333,0.9791666666666666
hidden_lattice,hidden_target_logit_effect,primary,4,corrupt,top_hidden_delta,shifted_mask,1.0,,96,96,,,,-0.041666666666666664,-0.16927083333333334,0.08854166666666667,0.4375,-0.03125
hidden_lattice,hidden_target_logit_effect,primary,4,corrupt,top_hidden_delta,shuffled_mask,1.0,,96,96,,,,-0.037109375,-0.15494791666666666,0.08203125,0.4166666666666667,-0.03125
hidden_lattice,hidden_target_logit_effect,primary,4,corrupt,top_hidden_delta,union_mask,1.0,,96,96,,,,-0.033203125,-0.171875,0.10091145833333333,0.3854166666666667,0.2708333333333333
hidden_lattice,hidden_target_logit_effect,primary,4,corrupt,visual+answer,answer_mask,1.0,,96,96,,,,4.1533203125,3.4363606770833335,4.852457682291667,0.90625,870.15625
hidden_lattice,hidden_target_logit_effect,primary,4,corrupt,visual+answer,shifted_mask,1.0,,96,96,,,,1.5270182291666667,1.0572916666666667,2.0172526041666665,0.6875,50.46875
hidden_lattice,hidden_target_logit_effect,primary,4,corrupt,visual+answer,shuffled_mask,1.0,,96,96,,,,1.4462890625,0.98828125,1.9339192708333333,0.6770833333333334,41.302083333333336
hidden_lattice,hidden_target_logit_effect,primary,4,corrupt,visual+answer,union_mask,1.0,,96,96,,,,3.9045206705729165,3.2229817708333335,4.571645100911458,0.8854166666666666,528.0520833333334
hidden_lattice,hidden_target_logit_effect,primary,4,corrupt,visual_span,answer_mask,1.0,,96,96,,,,4.200154622395833,3.4866536458333335,4.900431315104167,0.8958333333333334,871.6875
hidden_lattice,hidden_target_logit_effect,primary,4,corrupt,visual_span,shifted_mask,1.0,,96,96,,,,1.521484375,1.0436197916666667,2.0026041666666665,0.6458333333333334,51.177083333333336
hidden_lattice,hidden_target_logit_effect,primary,4,corrupt,visual_span,shuffled_mask,1.0,,96,96,,,,1.3798828125,0.9069010416666666,1.8636067708333333,0.6458333333333334,41.25
hidden_lattice,hidden_target_logit_effect,primary,4,corrupt,visual_span,union_mask,1.0,,96,96,,,,3.86810302734375,3.1819661458333335,4.557149251302083,0.8958333333333334,547.8229166666666
hidden_lattice,hidden_target_logit_effect,primary,4,restore,answer_adjacent,answer_mask,1.0,,96,96,,,,0.006693522135416667,-0.0888671875,0.09932454427083333,0.4375,-38.270833333333336
hidden_lattice,hidden_target_logit_effect,primary,4,restore,answer_adjacent,shifted_mask,1.0,,96,96,,,,0.032877604166666664,-0.060546875,0.1298828125,0.46875,-1.125
hidden_lattice,hidden_target_logit_effect,primary,4,restore,answer_adjacent,shuffled_mask,1.0,,96,96,,,,-0.022786458333333332,-0.11165364583333333,0.0625,0.5,0.3333333333333333
hidden_lattice,hidden_target_logit_effect,primary,4,restore,answer_adjacent,union_mask,1.0,,96,96,,,,0.045308430989583336,-0.042521158854166664,0.12923177083333334,0.4895833333333333,30.927083333333332
hidden_lattice,hidden_target_logit_effect,primary,4,restore,top_hidden_delta,answer_mask,1.0,,96,96,,,,3.7397867838541665,3.0928955078125,4.381388346354167,0.90625,903.625
hidden_lattice,hidden_target_logit_effect,primary,4,restore,top_hidden_delta,shifted_mask,1.0,,96,96,,,,1.1708984375,0.7757161458333334,1.576171875,0.7083333333333334,39.427083333333336
hidden_lattice,hidden_target_logit_effect,primary,4,restore,top_hidden_delta,shuffled_mask,1.0,,96,96,,,,1.0569661458333333,0.6728515625,1.4716796875,0.6666666666666666,38.052083333333336
hidden_lattice,hidden_target_logit_effect,primary,4,restore,top_hidden_delta,union_mask,1.0,,96,96,,,,3.3929341634114585,2.768585205078125,4.044362386067708,0.9270833333333334,566.4895833333334
hidden_lattice,hidden_target_logit_effect,primary,4,restore,visual+answer,answer_mask,1.0,,96,96,,,,4.252156575520833,3.4957682291666665,4.998128255208333,0.8854166666666666,904.5416666666666
hidden_lattice,hidden_target_logit_effect,primary,4,restore,visual+answer,shifted_mask,1.0,,96,96,,,,1.6656901041666667,1.16015625,2.1995442708333335,0.65625,40.427083333333336
hidden_lattice,hidden_target_logit_effect,primary,4,restore,visual+answer,shuffled_mask,1.0,,96,96,,,,1.4957682291666667,0.9912109375,2.0266927083333335,0.6666666666666666,39.489583333333336
hidden_lattice,hidden_target_logit_effect,primary,4,restore,visual+answer,union_mask,1.0,,96,96,,,,3.9645487467447915,3.2158203125,4.671875,0.90625,567.8125
hidden_lattice,hidden_target_logit_effect,primary,4,restore,visual_span,answer_mask,1.0,,96,96,,,,4.240437825520833,3.4958902994791665,4.9805908203125,0.8854166666666666,904.3541666666666
hidden_lattice,hidden_target_logit_effect,primary,4,restore,visual_span,shifted_mask,1.0,,96,96,,,,1.6240234375,1.1009114583333333,2.1448567708333335,0.6666666666666666,40.447916666666664
hidden_lattice,hidden_target_logit_effect,primary,4,restore,visual_span,shuffled_mask,1.0,,96,96,,,,1.5498046875,1.0533854166666667,2.0696614583333335,0.6354166666666666,39.520833333333336
hidden_lattice,hidden_target_logit_effect,primary,4,restore,visual_span,union_mask,1.0,,96,96,,,,3.9944966634114585,3.278350830078125,4.699900309244792,0.9166666666666666,567.7916666666666
hidden_lattice,hidden_target_logit_effect,primary,5,corrupt,answer_adjacent,answer_mask,1.0,,96,96,,,,0.013020833333333334,-0.09440104166666667,0.11328125,0.4791666666666667,-0.010416666666666666
hidden_lattice,hidden_target_logit_effect,primary,5,corrupt,answer_adjacent,shifted_mask,1.0,,96,96,,,,0.033203125,-0.080078125,0.146484375,0.5104166666666666,0.052083333333333336
hidden_lattice,hidden_target_logit_effect,primary,5,corrupt,answer_adjacent,shuffled_mask,1.0,,96,96,,,,0.042317708333333336,-0.08072916666666667,0.16861979166666666,0.5,0.041666666666666664
hidden_lattice,hidden_target_logit_effect,primary,5,corrupt,answer_adjacent,union_mask,1.0,,96,96,,,,0.048828125,-0.06705729166666667,0.15559895833333334,0.53125,0.10416666666666667
hidden_lattice,hidden_target_logit_effect,primary,5,corrupt,top_hidden_delta,answer_mask,1.0,,96,96,,,,0.12760416666666666,-0.044270833333333336,0.3001302083333333,0.53125,0.8854166666666666
hidden_lattice,hidden_target_logit_effect,primary,5,corrupt,top_hidden_delta,shifted_mask,1.0,,96,96,,,,-0.024088541666666668,-0.14583333333333334,0.10221354166666667,0.4375,-0.041666666666666664
hidden_lattice,hidden_target_logit_effect,primary,5,corrupt,top_hidden_delta,shuffled_mask,1.0,,96,96,,,,0.006510416666666667,-0.130859375,0.14583333333333334,0.4479166666666667,-0.07291666666666667
hidden_lattice,hidden_target_logit_effect,primary,5,corrupt,top_hidden_delta,union_mask,1.0,,96,96,,,,-0.07096354166666667,-0.21028645833333334,0.06901041666666667,0.40625,0.08333333333333333
hidden_lattice,hidden_target_logit_effect,primary,5,corrupt,visual+answer,answer_mask,1.0,,96,96,,,,4.259847005208333,3.5547688802083335,4.956380208333333,0.9166666666666666,852.1458333333334
hidden_lattice,hidden_target_logit_effect,primary,5,corrupt,visual+answer,shifted_mask,1.0,,96,96,,,,1.595703125,1.1282552083333333,2.0794270833333335,0.6770833333333334,50.15625
hidden_lattice,hidden_target_logit_effect,primary,5,corrupt,visual+answer,shuffled_mask,1.0,,96,96,,,,1.5218098958333333,1.0406901041666667,2.0094401041666665,0.6875,40.739583333333336
hidden_lattice,hidden_target_logit_effect,primary,5,corrupt,visual+answer,union_mask,1.0,,96,96,,,,3.9267171223958335,3.25018310546875,4.611429850260417,0.9166666666666666,566.9166666666666
hidden_lattice,hidden_target_logit_effect,primary,5,corrupt,visual_span,answer_mask,1.0,,96,96,,,,4.196451822916667,3.4814453125,4.8974609375,0.9166666666666666,835.6770833333334
hidden_lattice,hidden_target_logit_effect,primary,5,corrupt,visual_span,shifted_mask,1.0,,96,96,,,,1.5091145833333333,1.0325520833333333,1.990234375,0.65625,49.229166666666664
hidden_lattice,hidden_target_logit_effect,primary,5,corrupt,visual_span,shuffled_mask,1.0,,96,96,,,,1.4723307291666667,0.9957682291666666,1.9609375,0.625,39.75
hidden_lattice,hidden_target_logit_effect,primary,5,corrupt,visual_span,union_mask,1.0,,96,96,,,,3.8707377115885415,3.1858723958333335,4.54779052734375,0.9166666666666666,490.0520833333333
hidden_lattice,hidden_target_logit_effect,primary,5,restore,answer_adjacent,answer_mask,1.0,,96,96,,,,0.08756510416666667,-0.010335286458333334,0.188232421875,0.5625,36.177083333333336
hidden_lattice,hidden_target_logit_effect,primary,5,restore,answer_adjacent,shifted_mask,1.0,,96,96,,,,0.06510416666666667,-0.027018229166666668,0.16080729166666666,0.5208333333333334,1.9270833333333333
hidden_lattice,hidden_target_logit_effect,primary,5,restore,answer_adjacent,shuffled_mask,1.0,,96,96,,,,0.034505208333333336,-0.051432291666666664,0.12109375,0.4895833333333333,0.7916666666666666
hidden_lattice,hidden_target_logit_effect,primary,5,restore,answer_adjacent,union_mask,1.0,,96,96,,,,0.10808308919270833,0.013671875,0.209808349609375,0.53125,54.697916666666664
hidden_lattice,hidden_target_logit_effect,primary,5,restore,top_hidden_delta,answer_mask,1.0,,96,96,,,,3.6642659505208335,3.0090738932291665,4.3359375,0.8958333333333334,903.2395833333334
hidden_lattice,hidden_target_logit_effect,primary,5,restore,top_hidden_delta,shifted_mask,1.0,,96,96,,,,1.0986328125,0.7229817708333334,1.5042317708333333,0.6666666666666666,39.145833333333336
hidden_lattice,hidden_target_logit_effect,primary,5,restore,top_hidden_delta,shuffled_mask,1.0,,96,96,,,,0.9417317708333334,0.5673828125,1.3583984375,0.5729166666666666,38.010416666666664
hidden_lattice,hidden_target_logit_effect,primary,5,restore,top_hidden_delta,union_mask,1.0,,96,96,,,,3.3258768717447915,2.6881510416666665,3.9661458333333335,0.9166666666666666,566.1770833333334
hidden_lattice,hidden_target_logit_effect,primary,5,restore,visual+answer,answer_mask,1.0,,96,96,,,,4.2879638671875,3.5348307291666665,5.047037760416667,0.8854166666666666,904.6041666666666
hidden_lattice,hidden_target_logit_effect,primary,5,restore,visual+answer,shifted_mask,1.0,,96,96,,,,1.7190755208333333,1.2080078125,2.2428385416666665,0.6770833333333334,40.427083333333336
hidden_lattice,hidden_target_logit_effect,primary,5,restore,visual+answer,shuffled_mask,1.0,,96,96,,,,1.5250651041666667,1.0143229166666667,2.05859375,0.625,39.53125
hidden_lattice,hidden_target_logit_effect,primary,5,restore,visual+answer,union_mask,1.0,,96,96,,,,4.025746663411458,3.296875,4.73828125,0.8958333333333334,567.8020833333334
hidden_lattice,hidden_target_logit_effect,primary,5,restore,visual_span,answer_mask,1.0,,96,96,,,,4.283406575520833,3.5305989583333335,5.0313720703125,0.875,904.3645833333334
hidden_lattice,hidden_target_logit_effect,primary,5,restore,visual_span,shifted_mask,1.0,,96,96,,,,1.6344401041666667,1.1468098958333333,2.1487630208333335,0.6875,40.239583333333336
hidden_lattice,hidden_target_logit_effect,primary,5,restore,visual_span,shuffled_mask,1.0,,96,96,,,,1.5439453125,1.044921875,2.0589192708333335,0.6666666666666666,39.40625
hidden_lattice,hidden_target_logit_effect,primary,5,restore,visual_span,union_mask,1.0,,96,96,,,,4.032257080078125,3.30865478515625,4.738698323567708,0.9166666666666666,567.65625
hidden_lattice,hidden_target_logit_effect,primary,6,corrupt,answer_adjacent,answer_mask,1.0,,96,96,,,,0.0,-0.10872395833333333,0.10221354166666667,0.4375,0.020833333333333332
hidden_lattice,hidden_target_logit_effect,primary,6,corrupt,answer_adjacent,shifted_mask,1.0,,96,96,,,,0.06510416666666667,-0.041666666666666664,0.16666666666666666,0.5104166666666666,0.041666666666666664
hidden_lattice,hidden_target_logit_effect,primary,6,corrupt,answer_adjacent,shuffled_mask,1.0,,96,96,,,,0.013020833333333334,-0.10026041666666667,0.11979166666666667,0.4375,-0.041666666666666664
hidden_lattice,hidden_target_logit_effect,primary,6,corrupt,answer_adjacent,union_mask,1.0,,96,96,,,,-0.007161458333333333,-0.123046875,0.09895833333333333,0.5104166666666666,0.03125
hidden_lattice,hidden_target_logit_effect,primary,6,corrupt,top_hidden_delta,answer_mask,1.0,,96,96,,,,0.0703125,-0.08723958333333333,0.23567708333333334,0.4583333333333333,0.6145833333333334
hidden_lattice,hidden_target_logit_effect,primary,6,corrupt,top_hidden_delta,shifted_mask,1.0,,96,96,,,,0.060546875,-0.064453125,0.19075520833333334,0.4791666666666667,-0.052083333333333336
hidden_lattice,hidden_target_logit_effect,primary,6,corrupt,top_hidden_delta,shuffled_mask,1.0,,96,96,,,,-0.022786458333333332,-0.169921875,0.13151041666666666,0.46875,-0.09375
hidden_lattice,hidden_target_logit_effect,primary,6,corrupt,top_hidden_delta,union_mask,1.0,,96,96,,,,-0.09309895833333333,-0.24348958333333334,0.059895833333333336,0.375,-0.08333333333333333
hidden_lattice,hidden_target_logit_effect,primary,6,corrupt,visual+answer,answer_mask,1.0,,96,96,,,,4.179890950520833,3.4454345703125,4.882771809895833,0.8854166666666666,847.125
hidden_lattice,hidden_target_logit_effect,primary,6,corrupt,visual+answer,shifted_mask,1.0,,96,96,,,,1.58984375,1.1354166666666667,2.0572916666666665,0.6666666666666666,47.645833333333336
hidden_lattice,hidden_target_logit_effect,primary,6,corrupt,visual+answer,shuffled_mask,1.0,,96,96,,,,1.4694010416666667,1.0104166666666667,1.9537760416666667,0.6875,36.166666666666664
hidden_lattice,hidden_target_logit_effect,primary,6,corrupt,visual+answer,union_mask,1.0,,96,96,,,,3.8966471354166665,3.2069091796875,4.5889892578125,0.8854166666666666,488.4791666666667
hidden_lattice,hidden_target_logit_effect,primary,6,corrupt,visual_span,answer_mask,1.0,,96,96,,,,4.155680338541667,3.4173990885416665,4.854248046875,0.8958333333333334,809.3125
hidden_lattice,hidden_target_logit_effect,primary,6,corrupt,visual_span,shifted_mask,1.0,,96,96,,,,1.6171875,1.1588541666666667,2.099609375,0.7083333333333334,45.65625
hidden_lattice,hidden_target_logit_effect,primary,6,corrupt,visual_span,shuffled_mask,1.0,,96,96,,,,1.3502604166666667,0.9016927083333334,1.8170572916666667,0.625,36.5625
hidden_lattice,hidden_target_logit_effect,primary,6,corrupt,visual_span,union_mask,1.0,,96,96,,,,3.8456217447916665,3.1554361979166665,4.544921875,0.8854166666666666,474.1458333333333
hidden_lattice,hidden_target_logit_effect,primary,6,restore,answer_adjacent,answer_mask,1.0,,96,96,,,,0.12652587890625,0.041259765625,0.21329752604166666,0.5520833333333334,68.86458333333333
hidden_lattice,hidden_target_logit_effect,primary,6,restore,answer_adjacent,shifted_mask,1.0,,96,96,,,,0.13411458333333334,0.0341796875,0.24088541666666666,0.53125,1.6979166666666667
hidden_lattice,hidden_target_logit_effect,primary,6,restore,answer_adjacent,shuffled_mask,1.0,,96,96,,,,0.0107421875,-0.06770833333333333,0.08854166666666667,0.46875,-1.28125
hidden_lattice,hidden_target_logit_effect,primary,6,restore,answer_adjacent,union_mask,1.0,,96,96,,,,0.11278279622395833,0.028340657552083332,0.20833333333333334,0.5520833333333334,23.75
hidden_lattice,hidden_target_logit_effect,primary,6,restore,top_hidden_delta,answer_mask,1.0,,96,96,,,,3.5819091796875,2.9104817708333335,4.225870768229167,0.8645833333333334,901.96875
hidden_lattice,hidden_target_logit_effect,primary,6,restore,top_hidden_delta,shifted_mask,1.0,,96,96,,,,1.0328776041666667,0.6507161458333334,1.4622395833333333,0.6875,34.364583333333336
hidden_lattice,hidden_target_logit_effect,primary,6,restore,top_hidden_delta,shuffled_mask,1.0,,96,96,,,,0.9166666666666666,0.5634765625,1.3138020833333333,0.6354166666666666,37.052083333333336
hidden_lattice,hidden_target_logit_effect,primary,6,restore,top_hidden_delta,union_mask,1.0,,96,96,,,,3.0648091634114585,2.4046223958333335,3.7145182291666665,0.8541666666666666,537.8333333333334
hidden_lattice,hidden_target_logit_effect,primary,6,restore,visual+answer,answer_mask,1.0,,96,96,,,,4.185099283854167,3.44482421875,4.926798502604167,0.8645833333333334,904.5625
hidden_lattice,hidden_target_logit_effect,primary,6,restore,visual+answer,shifted_mask,1.0,,96,96,,,,1.6344401041666667,1.1328125,2.1380208333333335,0.6770833333333334,40.354166666666664
hidden_lattice,hidden_target_logit_effect,primary,6,restore,visual+answer,shuffled_mask,1.0,,96,96,,,,1.5556640625,1.0462239583333333,2.0732421875,0.6666666666666666,39.520833333333336
hidden_lattice,hidden_target_logit_effect,primary,6,restore,visual+answer,union_mask,1.0,,96,96,,,,3.942413330078125,3.2340494791666665,4.633819580078125,0.8854166666666666,567.7395833333334
hidden_lattice,hidden_target_logit_effect,primary,6,restore,visual_span,answer_mask,1.0,,96,96,,,,4.2293701171875,3.4640299479166665,4.985392252604167,0.8854166666666666,904.6041666666666
hidden_lattice,hidden_target_logit_effect,primary,6,restore,visual_span,shifted_mask,1.0,,96,96,,,,1.6767578125,1.1539713541666667,2.19921875,0.6875,40.208333333333336
hidden_lattice,hidden_target_logit_effect,primary,6,restore,visual_span,shuffled_mask,1.0,,96,96,,,,1.5244140625,1.01953125,2.0406901041666665,0.6354166666666666,39.34375
hidden_lattice,hidden_target_logit_effect,primary,6,restore,visual_span,union_mask,1.0,,96,96,,,,3.9847310384114585,3.2614237467447915,4.679066975911458,0.8958333333333334,567.7708333333334
hidden_lattice,hidden_target_logit_effect,primary,7,corrupt,answer_adjacent,answer_mask,1.0,,96,96,,,,-0.3815104166666667,-0.5279947916666666,-0.24869791666666666,0.22916666666666666,-0.1875
hidden_lattice,hidden_target_logit_effect,primary,7,corrupt,answer_adjacent,shifted_mask,1.0,,96,96,,,,-0.39453125,-0.5598958333333334,-0.236328125,0.21875,-0.22916666666666666
hidden_lattice,hidden_target_logit_effect,primary,7,corrupt,answer_adjacent,shuffled_mask,1.0,,96,96,,,,-0.412109375,-0.5533854166666666,-0.2845052083333333,0.2604166666666667,-0.3125
hidden_lattice,hidden_target_logit_effect,primary,7,corrupt,answer_adjacent,union_mask,1.0,,96,96,,,,-0.427734375,-0.5911458333333334,-0.2766927083333333,0.28125,-0.3020833333333333
hidden_lattice,hidden_target_logit_effect,primary,7,corrupt,top_hidden_delta,answer_mask,1.0,,96,96,,,,0.15625,-0.0078125,0.3125,0.5104166666666666,0.7708333333333334
hidden_lattice,hidden_target_logit_effect,primary,7,corrupt,top_hidden_delta,shifted_mask,1.0,,96,96,,,,0.020833333333333332,-0.10026041666666667,0.14127604166666666,0.5104166666666666,-0.07291666666666667
hidden_lattice,hidden_target_logit_effect,primary,7,corrupt,top_hidden_delta,shuffled_mask,1.0,,96,96,,,,0.01953125,-0.11263020833333333,0.15690104166666666,0.5,-0.041666666666666664
hidden_lattice,hidden_target_logit_effect,primary,7,corrupt,top_hidden_delta,union_mask,1.0,,96,96,,,,0.010416666666666666,-0.11002604166666667,0.13151041666666666,0.4583333333333333,-0.03125
hidden_lattice,hidden_target_logit_effect,primary,7,corrupt,visual+answer,answer_mask,1.0,,96,96,,,,4.153767903645833,3.4036458333333335,4.860921223958333,0.90625,951.3645833333334
hidden_lattice,hidden_target_logit_effect,primary,7,corrupt,visual+answer,shifted_mask,1.0,,96,96,,,,1.39453125,0.9329427083333334,1.8671875,0.625,38.927083333333336
hidden_lattice,hidden_target_logit_effect,primary,7,corrupt,visual+answer,shuffled_mask,1.0,,96,96,,,,1.3570963541666667,0.8961588541666666,1.8190104166666667,0.65625,36.072916666666664
hidden_lattice,hidden_target_logit_effect,primary,7,corrupt,visual+answer,union_mask,1.0,,96,96,,,,3.82952880859375,3.1123046875,4.538065592447917,0.8645833333333334,654.34375
hidden_lattice,hidden_target_logit_effect,primary,7,corrupt,visual_span,answer_mask,1.0,,96,96,,,,4.424153645833333,3.7049967447916665,5.1357421875,0.9166666666666666,1009.3333333333334
hidden_lattice,hidden_target_logit_effect,primary,7,corrupt,visual_span,shifted_mask,1.0,,96,96,,,,1.8050130208333333,1.3453776041666667,2.2682291666666665,0.75,47.458333333333336
hidden_lattice,hidden_target_logit_effect,primary,7,corrupt,visual_span,shuffled_mask,1.0,,96,96,,,,1.654296875,1.1969401041666667,2.1064453125,0.71875,42.1875
hidden_lattice,hidden_target_logit_effect,primary,7,corrupt,visual_span,union_mask,1.0,,96,96,,,,4.089274088541667,3.3990885416666665,4.767293294270833,0.90625,714.9895833333334
hidden_lattice,hidden_target_logit_effect,primary,7,restore,answer_adjacent,answer_mask,1.0,,96,96,,,,-0.22029622395833334,-0.3418782552083333,-0.09659830729166667,0.3854166666666667,-60.5
hidden_lattice,hidden_target_logit_effect,primary,7,restore,answer_adjacent,shifted_mask,1.0,,96,96,,,,-0.349609375,-0.4807942708333333,-0.2197265625,0.22916666666666666,-8.46875
hidden_lattice,hidden_target_logit_effect,primary,7,restore,answer_adjacent,shuffled_mask,1.0,,96,96,,,,-0.3323567708333333,-0.4544270833333333,-0.20442708333333334,0.20833333333333334,-3.125
hidden_lattice,hidden_target_logit_effect,primary,7,restore,answer_adjacent,union_mask,1.0,,96,96,,,,-0.2839558919270833,-0.42608642578125,-0.14011637369791666,0.3125,-112.6875
hidden_lattice,hidden_target_logit_effect,primary,7,restore,top_hidden_delta,answer_mask,1.0,,96,96,,,,3.4852294921875,2.8622233072916665,4.107259114583333,0.8854166666666666,901.65625
hidden_lattice,hidden_target_logit_effect,primary,7,restore,top_hidden_delta,shifted_mask,1.0,,96,96,,,,1.0810546875,0.7158203125,1.4954427083333333,0.7291666666666666,37.739583333333336
hidden_lattice,hidden_target_logit_effect,primary,7,restore,top_hidden_delta,shuffled_mask,1.0,,96,96,,,,0.9124348958333334,0.5602213541666666,1.294921875,0.625,36.333333333333336
hidden_lattice,hidden_target_logit_effect,primary,7,restore,top_hidden_delta,union_mask,1.0,,96,96,,,,2.9069315592447915,2.28125,3.5426432291666665,0.8541666666666666,530.6666666666666
hidden_lattice,hidden_target_logit_effect,primary,7,restore,visual+answer,answer_mask,1.0,,96,96,,,,4.170125325520833,3.4379475911458335,4.911905924479167,0.8958333333333334,904.5
hidden_lattice,hidden_target_logit_effect,primary,7,restore,visual+answer,shifted_mask,1.0,,96,96,,,,1.6136067708333333,1.130859375,2.1028645833333335,0.6875,40.125
hidden_lattice,hidden_target_logit_effect,primary,7,restore,visual+answer,shuffled_mask,1.0,,96,96,,,,1.3772786458333333,0.9150390625,1.8694661458333333,0.6145833333333334,39.21875
hidden_lattice,hidden_target_logit_effect,primary,7,restore,visual+answer,union_mask,1.0,,96,96,,,,3.8441060384114585,3.1273701985677085,4.527669270833333,0.8958333333333334,567.46875
hidden_lattice,hidden_target_logit_effect,primary,7,restore,visual_span,answer_mask,1.0,,96,96,,,,4.538614908854167,3.80712890625,5.2491455078125,0.9270833333333334,904.5
hidden_lattice,hidden_target_logit_effect,primary,7,restore,visual_span,shifted_mask,1.0,,96,96,,,,1.9716796875,1.4977213541666667,2.4446614583333335,0.8020833333333334,40.28125
hidden_lattice,hidden_target_logit_effect,primary,7,restore,visual_span,shuffled_mask,1.0,,96,96,,,,1.8271484375,1.3603515625,2.3014322916666665,0.7395833333333334,39.520833333333336
hidden_lattice,hidden_target_logit_effect,primary,7,restore,visual_span,union_mask,1.0,,96,96,,,,4.286163330078125,3.56256103515625,4.955759684244792,0.9375,567.6666666666666
hidden_lattice,hidden_target_logit_effect,primary,8,corrupt,answer_adjacent,answer_mask,1.0,,96,96,,,,-0.3463541666666667,-0.48828125,-0.20182291666666666,0.28125,-0.1875
hidden_lattice,hidden_target_logit_effect,primary,8,corrupt,answer_adjacent,shifted_mask,1.0,,96,96,,,,-0.3854166666666667,-0.5384114583333334,-0.244140625,0.28125,-0.23958333333333334
hidden_lattice,hidden_target_logit_effect,primary,8,corrupt,answer_adjacent,shuffled_mask,1.0,,96,96,,,,-0.37890625,-0.5384114583333334,-0.22395833333333334,0.25,-0.2604166666666667
hidden_lattice,hidden_target_logit_effect,primary,8,corrupt,answer_adjacent,union_mask,1.0,,96,96,,,,-0.388671875,-0.5501302083333334,-0.22916666666666666,0.2604166666666667,-0.3333333333333333
hidden_lattice,hidden_target_logit_effect,primary,8,corrupt,top_hidden_delta,answer_mask,1.0,,96,96,,,,0.07421875,-0.072265625,0.21809895833333334,0.5,0.15625
hidden_lattice,hidden_target_logit_effect,primary,8,corrupt,top_hidden_delta,shifted_mask,1.0,,96,96,,,,0.015625,-0.10481770833333333,0.13151041666666666,0.4270833333333333,-0.09375
hidden_lattice,hidden_target_logit_effect,primary,8,corrupt,top_hidden_delta,shuffled_mask,1.0,,96,96,,,,-0.015625,-0.140625,0.111328125,0.4479166666666667,-0.11458333333333333
hidden_lattice,hidden_target_logit_effect,primary,8,corrupt,top_hidden_delta,union_mask,1.0,,96,96,,,,0.020833333333333332,-0.09440104166666667,0.13802083333333334,0.5104166666666666,0.03125
hidden_lattice,hidden_target_logit_effect,primary,8,corrupt,visual+answer,answer_mask,1.0,,96,96,,,,4.126749674479167,3.3861083984375,4.8465576171875,0.8958333333333334,1032.6041666666667
hidden_lattice,hidden_target_logit_effect,primary,8,corrupt,visual+answer,shifted_mask,1.0,,96,96,,,,1.5016276041666667,1.0162760416666667,1.9811197916666667,0.6354166666666666,38.84375
hidden_lattice,hidden_target_logit_effect,primary,8,corrupt,visual+answer,shuffled_mask,1.0,,96,96,,,,1.3948567708333333,0.9293619791666666,1.8668619791666667,0.6145833333333334,38.59375
hidden_lattice,hidden_target_logit_effect,primary,8,corrupt,visual+answer,union_mask,1.0,,96,96,,,,3.8558146158854165,3.1591796875,4.519307454427083,0.8958333333333334,754.5520833333334
hidden_lattice,hidden_target_logit_effect,primary,8,corrupt,visual_span,answer_mask,1.0,,96,96,,,,4.344523111979167,3.6310628255208335,5.05810546875,0.9166666666666666,1187.5833333333333
hidden_lattice,hidden_target_logit_effect,primary,8,corrupt,visual_span,shifted_mask,1.0,,96,96,,,,1.8235677083333333,1.37109375,2.2825520833333335,0.7291666666666666,46.59375
hidden_lattice,hidden_target_logit_effect,primary,8,corrupt,visual_span,shuffled_mask,1.0,,96,96,,,,1.7076822916666667,1.2473958333333333,2.1653645833333335,0.7291666666666666,40.125
hidden_lattice,hidden_target_logit_effect,primary,8,corrupt,visual_span,union_mask,1.0,,96,96,,,,4.079060872395833,3.3810221354166665,4.763346354166667,0.9166666666666666,879.0208333333334
hidden_lattice,hidden_target_logit_effect,primary,8,restore,answer_adjacent,answer_mask,1.0,,96,96,,,,-0.17826334635416666,-0.2921956380208333,-0.064208984375,0.3645833333333333,-43.145833333333336
hidden_lattice,hidden_target_logit_effect,primary,8,restore,answer_adjacent,shifted_mask,1.0,,96,96,,,,-0.3053385416666667,-0.4498697916666667,-0.16438802083333334,0.2604166666666667,-6.59375
hidden_lattice,hidden_target_logit_effect,primary,8,restore,answer_adjacent,shuffled_mask,1.0,,96,96,,,,-0.296875,-0.4443359375,-0.150390625,0.2708333333333333,-4.364583333333333
hidden_lattice,hidden_target_logit_effect,primary,8,restore,answer_adjacent,union_mask,1.0,,96,96,,,,-0.1918487548828125,-0.339263916015625,-0.046457926432291664,0.3229166666666667,-142.51041666666666
hidden_lattice,hidden_target_logit_effect,primary,8,restore,top_hidden_delta,answer_mask,1.0,,96,96,,,,3.2303466796875,2.5950520833333335,3.8697102864583335,0.8645833333333334,898.0833333333334
hidden_lattice,hidden_target_logit_effect,primary,8,restore,top_hidden_delta,shifted_mask,1.0,,96,96,,,,0.998046875,0.6276041666666666,1.4117838541666667,0.6354166666666666,31.135416666666668
hidden_lattice,hidden_target_logit_effect,primary,8,restore,top_hidden_delta,shuffled_mask,1.0,,96,96,,,,0.8509114583333334,0.5048828125,1.2333984375,0.625,28.520833333333332
hidden_lattice,hidden_target_logit_effect,primary,8,restore,top_hidden_delta,union_mask,1.0,,96,96,,,,2.731475830078125,2.1396484375,3.3180338541666665,0.8854166666666666,543.46875
hidden_lattice,hidden_target_logit_effect,primary,8,restore,visual+answer,answer_mask,1.0,,96,96,,,,4.138875325520833,3.41015625,4.876424153645833,0.90625,904.5104166666666
hidden_lattice,hidden_target_logit_effect,primary,8,restore,visual+answer,shifted_mask,1.0,,96,96,,,,1.5732421875,1.0960286458333333,2.0611979166666665,0.6875,40.21875
hidden_lattice,hidden_target_logit_effect,primary,8,restore,visual+answer,shuffled_mask,1.0,,96,96,,,,1.5133463541666667,1.0240885416666667,1.9983723958333333,0.6666666666666666,39.53125
hidden_lattice,hidden_target_logit_effect,primary,8,restore,visual+answer,union_mask,1.0,,96,96,,,,3.8636372884114585,3.1458638509114585,4.555369059244792,0.90625,567.5416666666666
hidden_lattice,hidden_target_logit_effect,primary,8,restore,visual_span,answer_mask,1.0,,96,96,,,,4.5360107421875,3.8104654947916665,5.256591796875,0.90625,904.5208333333334
hidden_lattice,hidden_target_logit_effect,primary,8,restore,visual_span,shifted_mask,1.0,,96,96,,,,2.0126953125,1.54296875,2.4889322916666665,0.7604166666666666,40.458333333333336
hidden_lattice,hidden_target_logit_effect,primary,8,restore,visual_span,shuffled_mask,1.0,,96,96,,,,1.7666015625,1.2958984375,2.2607421875,0.75,39.572916666666664
hidden_lattice,hidden_target_logit_effect,primary,8,restore,visual_span,union_mask,1.0,,96,96,,,,4.264678955078125,3.5494791666666665,4.944986979166667,0.9166666666666666,567.6979166666666
hidden_lattice,hidden_target_logit_effect,primary,9,corrupt,answer_adjacent,answer_mask,1.0,,96,96,,,,-0.3079427083333333,-0.4459635416666667,-0.177734375,0.2708333333333333,-0.19791666666666666
hidden_lattice,hidden_target_logit_effect,primary,9,corrupt,answer_adjacent,shifted_mask,1.0,,96,96,,,,-0.392578125,-0.55859375,-0.23307291666666666,0.2604166666666667,-0.25
hidden_lattice,hidden_target_logit_effect,primary,9,corrupt,answer_adjacent,shuffled_mask,1.0,,96,96,,,,-0.3274739583333333,-0.4576822916666667,-0.201171875,0.2604166666666667,-0.2604166666666667
hidden_lattice,hidden_target_logit_effect,primary,9,corrupt,answer_adjacent,union_mask,1.0,,96,96,,,,-0.4322916666666667,-0.5983072916666666,-0.2779947916666667,0.22916666666666666,-0.2708333333333333
hidden_lattice,hidden_target_logit_effect,primary,9,corrupt,top_hidden_delta,answer_mask,1.0,,96,96,,,,0.09765625,-0.03125,0.23177083333333334,0.53125,0.23958333333333334
hidden_lattice,hidden_target_logit_effect,primary,9,corrupt,top_hidden_delta,shifted_mask,1.0,,96,96,,,,0.05078125,-0.07356770833333333,0.17643229166666666,0.4791666666666667,-0.07291666666666667
hidden_lattice,hidden_target_logit_effect,primary,9,corrupt,top_hidden_delta,shuffled_mask,1.0,,96,96,,,,0.052734375,-0.059244791666666664,0.173828125,0.4895833333333333,-0.11458333333333333
hidden_lattice,hidden_target_logit_effect,primary,9,corrupt,top_hidden_delta,union_mask,1.0,,96,96,,,,0.09309895833333333,-0.014973958333333334,0.2109375,0.5,-0.041666666666666664
hidden_lattice,hidden_target_logit_effect,primary,9,corrupt,visual+answer,answer_mask,1.0,,96,96,,,,3.7015787760416665,2.9742838541666665,4.386149088541667,0.875,969.59375
hidden_lattice,hidden_target_logit_effect,primary,9,corrupt,visual+answer,shifted_mask,1.0,,96,96,,,,1.2916666666666667,0.8157552083333334,1.7805989583333333,0.5520833333333334,37.458333333333336
hidden_lattice,hidden_target_logit_effect,primary,9,corrupt,visual+answer,shuffled_mask,1.0,,96,96,,,,1.2962239583333333,0.8349609375,1.7740885416666667,0.625,27.729166666666668
hidden_lattice,hidden_target_logit_effect,primary,9,corrupt,visual+answer,union_mask,1.0,,96,96,,,,3.3398030598958335,2.6438802083333335,4.0142822265625,0.8645833333333334,622.3125
hidden_lattice,hidden_target_logit_effect,primary,9,corrupt,visual_span,answer_mask,1.0,,96,96,,,,3.891357421875,3.1852213541666665,4.588460286458333,0.8854166666666666,959.4791666666666
hidden_lattice,hidden_target_logit_effect,primary,9,corrupt,visual_span,shifted_mask,1.0,,96,96,,,,1.6487630208333333,1.1949869791666667,2.1354166666666665,0.71875,42.104166666666664
hidden_lattice,hidden_target_logit_effect,primary,9,corrupt,visual_span,shuffled_mask,1.0,,96,96,,,,1.5439453125,1.0927734375,2.0065104166666665,0.7083333333333334,31.864583333333332
hidden_lattice,hidden_target_logit_effect,primary,9,corrupt,visual_span,union_mask,1.0,,96,96,,,,3.6235249837239585,2.9367574055989585,4.290598551432292,0.8958333333333334,715.4479166666666
hidden_lattice,hidden_target_logit_effect,primary,9,restore,answer_adjacent,answer_mask,1.0,,96,96,,,,-0.14306640625,-0.2607421875,-0.01708984375,0.375,-62.385416666666664
hidden_lattice,hidden_target_logit_effect,primary,9,restore,answer_adjacent,shifted_mask,1.0,,96,96,,,,-0.2932942708333333,-0.4287109375,-0.15690104166666666,0.2916666666666667,-3.9166666666666665
hidden_lattice,hidden_target_logit_effect,primary,9,restore,answer_adjacent,shuffled_mask,1.0,,96,96,,,,-0.2581380208333333,-0.384765625,-0.14095052083333334,0.2708333333333333,-3.0416666666666665
hidden_lattice,hidden_target_logit_effect,primary,9,restore,answer_adjacent,union_mask,1.0,,96,96,,,,-0.216827392578125,-0.3634134928385417,-0.06659952799479167,0.3333333333333333,-140.80208333333334
hidden_lattice,hidden_target_logit_effect,primary,9,restore,top_hidden_delta,answer_mask,1.0,,96,96,,,,3.1359456380208335,2.49462890625,3.780029296875,0.8854166666666666,894.125
hidden_lattice,hidden_target_logit_effect,primary,9,restore,top_hidden_delta,shifted_mask,1.0,,96,96,,,,0.9833984375,0.6259765625,1.380859375,0.6354166666666666,36.760416666666664
hidden_lattice,hidden_target_logit_effect,primary,9,restore,top_hidden_delta,shuffled_mask,1.0,,96,96,,,,0.8121744791666666,0.4798177083333333,1.1845703125,0.6354166666666666,37.322916666666664
hidden_lattice,hidden_target_logit_effect,primary,9,restore,top_hidden_delta,union_mask,1.0,,96,96,,,,2.618194580078125,2.0404561360677085,3.191436767578125,0.875,531.5104166666666
hidden_lattice,hidden_target_logit_effect,primary,9,restore,visual+answer,answer_mask,1.0,,96,96,,,,3.9689534505208335,3.2388509114583335,4.698201497395833,0.875,903.9583333333334
hidden_lattice,hidden_target_logit_effect,primary,9,restore,visual+answer,shifted_mask,1.0,,96,96,,,,1.4521484375,0.9755859375,1.9449869791666667,0.6145833333333334,39.75
hidden_lattice,hidden_target_logit_effect,primary,9,restore,visual+answer,shuffled_mask,1.0,,96,96,,,,1.4020182291666667,0.9169921875,1.8896484375,0.65625,39.145833333333336
hidden_lattice,hidden_target_logit_effect,primary,9,restore,visual+answer,union_mask,1.0,,96,96,,,,3.6579081217447915,2.9534810384114585,4.342478434244792,0.84375,566.9895833333334
hidden_lattice,hidden_target_logit_effect,primary,9,restore,visual_span,answer_mask,1.0,,96,96,,,,4.253458658854167,3.5309244791666665,4.971598307291667,0.875,903.96875
hidden_lattice,hidden_target_logit_effect,primary,9,restore,visual_span,shifted_mask,1.0,,96,96,,,,1.8330078125,1.380859375,2.2835286458333335,0.7916666666666666,40.208333333333336
hidden_lattice,hidden_target_logit_effect,primary,9,restore,visual_span,shuffled_mask,1.0,,96,96,,,,1.7373046875,1.2841796875,2.1998697916666665,0.7395833333333334,39.364583333333336
hidden_lattice,hidden_target_logit_effect,primary,9,restore,visual_span,union_mask,1.0,,96,96,,,,4.029001871744792,3.320343017578125,4.716176350911458,0.90625,567.15625
hidden_lattice,hidden_target_logit_effect,strict,0,corrupt,answer_adjacent,answer_mask,1.0,,101,101,,,,-0.01051980198019802,-0.10767326732673267,0.10891089108910891,0.40594059405940597,-0.009900990099009901
hidden_lattice,hidden_target_logit_effect,strict,0,corrupt,answer_adjacent,shifted_mask,1.0,,101,101,,,,0.038366336633663366,-0.05198019801980198,0.13304455445544555,0.5148514851485149,0.0
hidden_lattice,hidden_target_logit_effect,strict,0,corrupt,answer_adjacent,shuffled_mask,1.0,,101,101,,,,-0.0006188118811881188,-0.09467821782178218,0.10086633663366337,0.44554455445544555,0.0297029702970297
hidden_lattice,hidden_target_logit_effect,strict,0,corrupt,answer_adjacent,union_mask,1.0,,101,101,,,,0.04146039603960396,-0.06621287128712872,0.16336633663366337,0.46534653465346537,0.04950495049504951
hidden_lattice,hidden_target_logit_effect,strict,0,corrupt,top_hidden_delta,answer_mask,1.0,,101,101,,,,0.10334158415841584,-0.03712871287128713,0.2530940594059406,0.48514851485148514,1.2871287128712872
hidden_lattice,hidden_target_logit_effect,strict,0,corrupt,top_hidden_delta,shifted_mask,1.0,,101,101,,,,-0.07425742574257425,-0.1943069306930693,0.06002475247524752,0.38613861386138615,-0.04950495049504951
hidden_lattice,hidden_target_logit_effect,strict,0,corrupt,top_hidden_delta,shuffled_mask,1.0,,101,101,,,,-0.03094059405940594,-0.14727722772277227,0.08601485148514851,0.43564356435643564,0.0
hidden_lattice,hidden_target_logit_effect,strict,0,corrupt,top_hidden_delta,union_mask,1.0,,101,101,,,,-0.01547029702970297,-0.14108910891089108,0.11757425742574257,0.44554455445544555,0.297029702970297
hidden_lattice,hidden_target_logit_effect,strict,0,corrupt,visual+answer,answer_mask,1.0,,101,101,,,,4.228999071782178,3.551670792079208,4.865679146039604,0.9108910891089109,816.5544554455446
hidden_lattice,hidden_target_logit_effect,strict,0,corrupt,visual+answer,shifted_mask,1.0,,101,101,,,,1.7419554455445545,1.2571163366336633,2.2465965346534653,0.6732673267326733,39.31683168316832
hidden_lattice,hidden_target_logit_effect,strict,0,corrupt,visual+answer,shuffled_mask,1.0,,101,101,,,,1.58384900990099,1.083539603960396,2.082611386138614,0.7029702970297029,36.23762376237624
hidden_lattice,hidden_target_logit_effect,strict,0,corrupt,visual+answer,union_mask,1.0,,101,101,,,,4.043655244430693,3.38880724009901,4.6671082147277225,0.9306930693069307,500.96039603960395
hidden_lattice,hidden_target_logit_effect,strict,0,corrupt,visual_span,answer_mask,1.0,,101,101,,,,4.231706373762377,3.557858910891089,4.8620049504950495,0.9108910891089109,813.8415841584158
hidden_lattice,hidden_target_logit_effect,strict,0,corrupt,visual_span,shifted_mask,1.0,,101,101,,,,1.7317450495049505,1.2722772277227723,2.196163366336634,0.693069306930693,37.524752475247524
hidden_lattice,hidden_target_logit_effect,strict,0,corrupt,visual_span,shuffled_mask,1.0,,101,101,,,,1.5510519801980198,1.0476485148514851,2.0597153465346536,0.6732673267326733,35.45544554455446
hidden_lattice,hidden_target_logit_effect,strict,0,corrupt,visual_span,union_mask,1.0,,101,101,,,,4.031327351485149,3.37863551980198,4.657216893564357,0.9108910891089109,470.3762376237624
hidden_lattice,hidden_target_logit_effect,strict,0,restore,answer_adjacent,answer_mask,1.0,,101,101,,,,0.0406095297029703,-0.04439975247524752,0.12004950495049505,0.49504950495049505,-5.594059405940594
hidden_lattice,hidden_target_logit_effect,strict,0,restore,answer_adjacent,shifted_mask,1.0,,101,101,,,,0.04672029702970297,-0.03310643564356436,0.12438118811881188,0.48514851485148514,1.891089108910891
hidden_lattice,hidden_target_logit_effect,strict,0,restore,answer_adjacent,shuffled_mask,1.0,,101,101,,,,-0.02568069306930693,-0.11169554455445545,0.05754950495049505,0.4158415841584158,-0.12871287128712872
hidden_lattice,hidden_target_logit_effect,strict,0,restore,answer_adjacent,union_mask,1.0,,101,101,,,,-0.001140934405940594,-0.07332920792079207,0.07178217821782178,0.43564356435643564,-17.0
hidden_lattice,hidden_target_logit_effect,strict,0,restore,top_hidden_delta,answer_mask,1.0,,101,101,,,,3.695119121287129,3.055461014851485,4.314704517326732,0.9108910891089109,861.8811881188119
hidden_lattice,hidden_target_logit_effect,strict,0,restore,top_hidden_delta,shifted_mask,1.0,,101,101,,,,1.2063737623762376,0.8103341584158416,1.662438118811881,0.6831683168316832,37.118811881188115
hidden_lattice,hidden_target_logit_effect,strict,0,restore,top_hidden_delta,shuffled_mask,1.0,,101,101,,,,1.2354579207920793,0.8650990099009901,1.656868811881188,0.7326732673267327,36.68316831683168
hidden_lattice,hidden_target_logit_effect,strict,0,restore,top_hidden_delta,union_mask,1.0,,101,101,,,,3.3360438582920793,2.708539603960396,3.9542079207920793,0.900990099009901,545.9207920792079
hidden_lattice,hidden_target_logit_effect,strict,0,restore,visual+answer,answer_mask,1.0,,101,101,,,,4.292891398514851,3.5782023514851486,4.964650371287129,0.9207920792079208,863.1980198019802
hidden_lattice,hidden_target_logit_effect,strict,0,restore,visual+answer,shifted_mask,1.0,,101,101,,,,1.714418316831683,1.2091584158415842,2.2168935643564356,0.6732673267326733,38.504950495049506
hidden_lattice,hidden_target_logit_effect,strict,0,restore,visual+answer,shuffled_mask,1.0,,101,101,,,,1.6123143564356435,1.0891089108910892,2.125309405940594,0.6534653465346535,37.75247524752475
hidden_lattice,hidden_target_logit_effect,strict,0,restore,visual+answer,union_mask,1.0,,101,101,,,,4.018593363242574,3.348391089108911,4.648012066831683,0.9207920792079208,548.2574257425742
hidden_lattice,hidden_target_logit_effect,strict,0,restore,visual_span,answer_mask,1.0,,101,101,,,,4.320119121287129,3.594214108910891,5.004641089108911,0.9108910891089109,863.2772277227723
hidden_lattice,hidden_target_logit_effect,strict,0,restore,visual_span,shifted_mask,1.0,,101,101,,,,1.6952351485148516,1.1958539603960396,2.1902846534653464,0.7029702970297029,38.504950495049506
hidden_lattice,hidden_target_logit_effect,strict,0,restore,visual_span,shuffled_mask,1.0,,101,101,,,,1.5813737623762376,1.052289603960396,2.104579207920792,0.6336633663366337,37.65346534653465
hidden_lattice,hidden_target_logit_effect,strict,0,restore,visual_span,union_mask,1.0,,101,101,,,,4.074905244430693,3.407487623762376,4.716584158415841,0.9207920792079208,548.2178217821782
hidden_lattice,hidden_target_logit_effect,strict,1,corrupt,answer_adjacent,answer_mask,1.0,,101,101,,,,0.03217821782178218,-0.05693069306930693,0.1150990099009901,0.49504950495049505,0.0594059405940594
hidden_lattice,hidden_target_logit_effect,strict,1,corrupt,answer_adjacent,shifted_mask,1.0,,101,101,,,,0.009900990099009901,-0.07982673267326733,0.10952970297029703,0.4158415841584158,-0.07920792079207921
hidden_lattice,hidden_target_logit_effect,strict,1,corrupt,answer_adjacent,shuffled_mask,1.0,,101,101,,,,0.01608910891089109,-0.07920792079207921,0.11262376237623763,0.5148514851485149,-0.009900990099009901
hidden_lattice,hidden_target_logit_effect,strict,1,corrupt,answer_adjacent,union_mask,1.0,,101,101,,,,-0.0024752475247524753,-0.0952970297029703,0.08849009900990099,0.45544554455445546,0.009900990099009901
hidden_lattice,hidden_target_logit_effect,strict,1,corrupt,top_hidden_delta,answer_mask,1.0,,101,101,,,,0.011757425742574257,-0.14232673267326731,0.17883663366336633,0.48514851485148514,1.1683168316831682
hidden_lattice,hidden_target_logit_effect,strict,1,corrupt,top_hidden_delta,shifted_mask,1.0,,101,101,,,,-0.1280940594059406,-0.2233910891089109,-0.027227722772277228,0.33663366336633666,-0.04950495049504951
hidden_lattice,hidden_target_logit_effect,strict,1,corrupt,top_hidden_delta,shuffled_mask,1.0,,101,101,,,,-0.06373762376237624,-0.18873762376237624,0.0655940594059406,0.46534653465346537,0.12871287128712872
hidden_lattice,hidden_target_logit_effect,strict,1,corrupt,top_hidden_delta,union_mask,1.0,,101,101,,,,-0.06930693069306931,-0.20668316831683167,0.07116336633663366,0.43564356435643564,0.22772277227722773
hidden_lattice,hidden_target_logit_effect,strict,1,corrupt,visual+answer,answer_mask,1.0,,101,101,,,,4.180693069306931,3.503596844059406,4.818185334158416,0.900990099009901,792.3861386138614
hidden_lattice,hidden_target_logit_effect,strict,1,corrupt,visual+answer,shifted_mask,1.0,,101,101,,,,1.7190594059405941,1.2351485148514851,2.2094678217821784,0.6831683168316832,40.48514851485149
hidden_lattice,hidden_target_logit_effect,strict,1,corrupt,visual+answer,shuffled_mask,1.0,,101,101,,,,1.6024133663366336,1.109839108910891,2.0795173267326734,0.7227722772277227,36.28712871287129
hidden_lattice,hidden_target_logit_effect,strict,1,corrupt,visual+answer,union_mask,1.0,,101,101,,,,4.034160349628713,3.375251392326733,4.644956683168317,0.9108910891089109,513.2178217821782
hidden_lattice,hidden_target_logit_effect,strict,1,corrupt,visual_span,answer_mask,1.0,,101,101,,,,4.241317295792079,3.5824373452970297,4.873897741336633,0.9207920792079208,763.5148514851485
hidden_lattice,hidden_target_logit_effect,strict,1,corrupt,visual_span,shifted_mask,1.0,,101,101,,,,1.7060643564356435,1.229269801980198,2.1939975247524752,0.6732673267326733,38.148514851485146
hidden_lattice,hidden_target_logit_effect,strict,1,corrupt,visual_span,shuffled_mask,1.0,,101,101,,,,1.5807549504950495,1.0903465346534653,2.0860148514851486,0.693069306930693,36.56435643564357
hidden_lattice,hidden_target_logit_effect,strict,1,corrupt,visual_span,union_mask,1.0,,101,101,,,,4.024133663366337,3.375889542079208,4.641688582920792,0.9405940594059405,517.3168316831683
hidden_lattice,hidden_target_logit_effect,strict,1,restore,answer_adjacent,answer_mask,1.0,,101,101,,,,0.07124071782178218,-0.009900990099009901,0.15439356435643564,0.504950495049505,40.46534653465346
hidden_lattice,hidden_target_logit_effect,strict,1,restore,answer_adjacent,shifted_mask,1.0,,101,101,,,,0.09344059405940594,0.025061881188118813,0.1630569306930693,0.5148514851485149,0.801980198019802
hidden_lattice,hidden_target_logit_effect,strict,1,restore,answer_adjacent,shuffled_mask,1.0,,101,101,,,,0.01701732673267327,-0.05631188118811881,0.09313118811881188,0.48514851485148514,-1.7227722772277227
hidden_lattice,hidden_target_logit_effect,strict,1,restore,answer_adjacent,union_mask,1.0,,101,101,,,,0.035185256806930694,-0.05674698329207921,0.12019453898514851,0.48514851485148514,49.960396039603964
hidden_lattice,hidden_target_logit_effect,strict,1,restore,top_hidden_delta,answer_mask,1.0,,101,101,,,,3.665416150990099,3.016785272277228,4.280785891089109,0.9207920792079208,861.7821782178218
hidden_lattice,hidden_target_logit_effect,strict,1,restore,top_hidden_delta,shifted_mask,1.0,,101,101,,,,1.1110767326732673,0.7348391089108911,1.5495049504950495,0.7128712871287128,36.95049504950495
hidden_lattice,hidden_target_logit_effect,strict,1,restore,top_hidden_delta,shuffled_mask,1.0,,101,101,,,,1.1284034653465347,0.7521658415841584,1.5535272277227723,0.6732673267326733,36.84158415841584
hidden_lattice,hidden_target_logit_effect,strict,1,restore,top_hidden_delta,union_mask,1.0,,101,101,,,,3.3481106899752477,2.7444306930693068,3.953057317450495,0.9504950495049505,546.1881188118812
hidden_lattice,hidden_target_logit_effect,strict,1,restore,visual+answer,answer_mask,1.0,,101,101,,,,4.276183477722772,3.5595993193069306,4.962561881188119,0.8910891089108911,863.3168316831683
hidden_lattice,hidden_target_logit_effect,strict,1,restore,visual+answer,shifted_mask,1.0,,101,101,,,,1.7199876237623761,1.2147277227722773,2.2103960396039604,0.6831683168316832,38.772277227722775
hidden_lattice,hidden_target_logit_effect,strict,1,restore,visual+answer,shuffled_mask,1.0,,101,101,,,,1.5720915841584158,1.047029702970297,2.089727722772277,0.693069306930693,37.79207920792079
hidden_lattice,hidden_target_logit_effect,strict,1,restore,visual+answer,union_mask,1.0,,101,101,,,,4.116984452351486,3.43443494740099,4.7629950495049505,0.9108910891089109,548.3663366336634
hidden_lattice,hidden_target_logit_effect,strict,1,restore,visual_span,answer_mask,1.0,,101,101,,,,4.307742883663367,3.604269801980198,4.986966274752476,0.9108910891089109,863.5148514851485
hidden_lattice,hidden_target_logit_effect,strict,1,restore,visual_span,shifted_mask,1.0,,101,101,,,,1.723700495049505,1.22865099009901,2.2069925742574257,0.7128712871287128,38.78217821782178
hidden_lattice,hidden_target_logit_effect,strict,1,restore,visual_span,shuffled_mask,1.0,,101,101,,,,1.537438118811881,1.0024752475247525,2.0680693069306932,0.6336633663366337,37.76237623762376
hidden_lattice,hidden_target_logit_effect,strict,1,restore,visual_span,union_mask,1.0,,101,101,,,,4.105227026608911,3.4158415841584158,4.752842667079208,0.9108910891089109,548.5148514851485
hidden_lattice,hidden_target_logit_effect,strict,10,corrupt,answer_adjacent,answer_mask,1.0,,101,101,,,,-0.3100247524752475,-0.43626237623762376,-0.1745049504950495,0.26732673267326734,-0.15841584158415842
hidden_lattice,hidden_target_logit_effect,strict,10,corrupt,answer_adjacent,shifted_mask,1.0,,101,101,,,,-0.44492574257425743,-0.5742574257425742,-0.31745049504950495,0.19801980198019803,-0.25742574257425743
hidden_lattice,hidden_target_logit_effect,strict,10,corrupt,answer_adjacent,shuffled_mask,1.0,,101,101,,,,-0.36324257425742573,-0.4962871287128713,-0.22462871287128713,0.22772277227722773,-0.26732673267326734
hidden_lattice,hidden_target_logit_effect,strict,10,corrupt,answer_adjacent,union_mask,1.0,,101,101,,,,-0.4084158415841584,-0.5408415841584159,-0.2636138613861386,0.24752475247524752,-0.2376237623762376
hidden_lattice,hidden_target_logit_effect,strict,10,corrupt,top_hidden_delta,answer_mask,1.0,,101,101,,,,0.12871287128712872,-0.022896039603960396,0.3032178217821782,0.48514851485148514,0.18811881188118812
hidden_lattice,hidden_target_logit_effect,strict,10,corrupt,top_hidden_delta,shifted_mask,1.0,,101,101,,,,0.07178217821782178,-0.03032178217821782,0.1844059405940594,0.5544554455445545,-0.1188118811881188
hidden_lattice,hidden_target_logit_effect,strict,10,corrupt,top_hidden_delta,shuffled_mask,1.0,,101,101,,,,-0.01485148514851485,-0.12438118811881188,0.10272277227722772,0.45544554455445546,-0.04950495049504951
hidden_lattice,hidden_target_logit_effect,strict,10,corrupt,top_hidden_delta,union_mask,1.0,,101,101,,,,0.07735148514851485,-0.03217821782178218,0.19616336633663367,0.5445544554455446,0.04950495049504951
hidden_lattice,hidden_target_logit_effect,strict,10,corrupt,visual+answer,answer_mask,1.0,,101,101,,,,3.6288675742574257,2.9956683168316833,4.268100247524752,0.8910891089108911,869.3564356435644
hidden_lattice,hidden_target_logit_effect,strict,10,corrupt,visual+answer,shifted_mask,1.0,,101,101,,,,1.379950495049505,0.9040841584158416,1.8737623762376239,0.6237623762376238,39.86138613861386
hidden_lattice,hidden_target_logit_effect,strict,10,corrupt,visual+answer,shuffled_mask,1.0,,101,101,,,,1.4047029702970297,0.9461633663366337,1.869740099009901,0.6534653465346535,25.03960396039604
hidden_lattice,hidden_target_logit_effect,strict,10,corrupt,visual+answer,union_mask,1.0,,101,101,,,,3.4356919090346536,2.8209216429455446,4.063718285891089,0.8811881188118812,580.7821782178218
hidden_lattice,hidden_target_logit_effect,strict,10,corrupt,visual_span,answer_mask,1.0,,101,101,,,,3.952660891089109,3.3106435643564356,4.591584158415841,0.9108910891089109,970.4257425742575
hidden_lattice,hidden_target_logit_effect,strict,10,corrupt,visual_span,shifted_mask,1.0,,101,101,,,,1.745668316831683,1.2892945544554455,2.224938118811881,0.7128712871287128,43.198019801980195
hidden_lattice,hidden_target_logit_effect,strict,10,corrupt,visual_span,shuffled_mask,1.0,,101,101,,,,1.7054455445544554,1.244430693069307,2.160272277227723,0.7524752475247525,28.06930693069307
hidden_lattice,hidden_target_logit_effect,strict,10,corrupt,visual_span,union_mask,1.0,,101,101,,,,3.793162128712871,3.1548576732673266,4.4107363861386135,0.9207920792079208,691.7326732673267
hidden_lattice,hidden_target_logit_effect,strict,10,restore,answer_adjacent,answer_mask,1.0,,101,101,,,,-0.15346534653465346,-0.27421101485148514,-0.027537128712871287,0.36633663366336633,-25.623762376237625
hidden_lattice,hidden_target_logit_effect,strict,10,restore,answer_adjacent,shifted_mask,1.0,,101,101,,,,-0.2877475247524752,-0.40284653465346537,-0.17264851485148514,0.2871287128712871,-2.108910891089109
hidden_lattice,hidden_target_logit_effect,strict,10,restore,answer_adjacent,shuffled_mask,1.0,,101,101,,,,-0.28125,-0.3997524752475248,-0.15996287128712872,0.2079207920792079,-2.98019801980198
hidden_lattice,hidden_target_logit_effect,strict,10,restore,answer_adjacent,union_mask,1.0,,101,101,,,,-0.2999932317450495,-0.4504950495049505,-0.15688331528465346,0.297029702970297,-109.63366336633663
hidden_lattice,hidden_target_logit_effect,strict,10,restore,top_hidden_delta,answer_mask,1.0,,101,101,,,,3.149636448019802,2.55286974009901,3.755259900990099,0.8712871287128713,856.0891089108911
hidden_lattice,hidden_target_logit_effect,strict,10,restore,top_hidden_delta,shifted_mask,1.0,,101,101,,,,0.864480198019802,0.5009282178217822,1.2503094059405941,0.6039603960396039,24.831683168316832
hidden_lattice,hidden_target_logit_effect,strict,10,restore,top_hidden_delta,shuffled_mask,1.0,,101,101,,,,0.9214108910891089,0.5643564356435643,1.3462252475247525,0.6336633663366337,35.31683168316832
hidden_lattice,hidden_target_logit_effect,strict,10,restore,top_hidden_delta,union_mask,1.0,,101,101,,,,2.5448928681930694,1.9996905940594059,3.1241297957920793,0.8613861386138614,499.65346534653463
hidden_lattice,hidden_target_logit_effect,strict,10,restore,visual+answer,answer_mask,1.0,,101,101,,,,4.041653774752476,3.3627784653465347,4.7142636138613865,0.8910891089108911,862.950495049505
hidden_lattice,hidden_target_logit_effect,strict,10,restore,visual+answer,shifted_mask,1.0,,101,101,,,,1.583230198019802,1.1154084158415842,2.0600247524752477,0.6633663366336634,38.46534653465346
hidden_lattice,hidden_target_logit_effect,strict,10,restore,visual+answer,shuffled_mask,1.0,,101,101,,,,1.557240099009901,1.0702351485148516,2.057240099009901,0.693069306930693,37.366336633663366
hidden_lattice,hidden_target_logit_effect,strict,10,restore,visual+answer,union_mask,1.0,,101,101,,,,3.8360438582920793,3.148234452351485,4.4755859375,0.9108910891089109,547.7821782178218
hidden_lattice,hidden_target_logit_effect,strict,10,restore,visual_span,answer_mask,1.0,,101,101,,,,4.344252784653466,3.6527691831683167,4.980430074257426,0.900990099009901,862.940594059406
hidden_lattice,hidden_target_logit_effect,strict,10,restore,visual_span,shifted_mask,1.0,,101,101,,,,1.9489480198019802,1.5018564356435644,2.4043935643564356,0.7821782178217822,38.445544554455445
hidden_lattice,hidden_target_logit_effect,strict,10,restore,visual_span,shuffled_mask,1.0,,101,101,,,,1.8573638613861385,1.3669554455445545,2.339108910891089,0.7524752475247525,37.51485148514851
hidden_lattice,hidden_target_logit_effect,strict,10,restore,visual_span,union_mask,1.0,,101,101,,,,4.209187422648514,3.5742574257425743,4.842850788985149,0.9207920792079208,547.9108910891089
hidden_lattice,hidden_target_logit_effect,strict,11,corrupt,answer_adjacent,answer_mask,1.0,,101,101,,,,-0.2926980198019802,-0.4443069306930693,-0.12685643564356436,0.27722772277227725,-0.15841584158415842
hidden_lattice,hidden_target_logit_effect,strict,11,corrupt,answer_adjacent,shifted_mask,1.0,,101,101,,,,-0.39913366336633666,-0.5389851485148515,-0.24504950495049505,0.22772277227722773,-0.10891089108910891
hidden_lattice,hidden_target_logit_effect,strict,11,corrupt,answer_adjacent,shuffled_mask,1.0,,101,101,,,,-0.3626237623762376,-0.5092821782178217,-0.20358910891089108,0.27722772277227725,-0.22772277227722773
hidden_lattice,hidden_target_logit_effect,strict,11,corrupt,answer_adjacent,union_mask,1.0,,101,101,,,,-0.38304455445544555,-0.5352722772277227,-0.20606435643564355,0.2376237623762376,-0.21782178217821782
hidden_lattice,hidden_target_logit_effect,strict,11,corrupt,top_hidden_delta,answer_mask,1.0,,101,101,,,,0.20111386138613863,0.053836633663366336,0.3811881188118812,0.5445544554455446,0.25742574257425743
hidden_lattice,hidden_target_logit_effect,strict,11,corrupt,top_hidden_delta,shifted_mask,1.0,,101,101,,,,0.022277227722772276,-0.08044554455445545,0.13675742574257427,0.40594059405940597,-0.0594059405940594
hidden_lattice,hidden_target_logit_effect,strict,11,corrupt,top_hidden_delta,shuffled_mask,1.0,,101,101,,,,-0.03217821782178218,-0.13551980198019803,0.06745049504950495,0.4158415841584158,0.0
hidden_lattice,hidden_target_logit_effect,strict,11,corrupt,top_hidden_delta,union_mask,1.0,,101,101,,,,0.0724009900990099,-0.04517326732673267,0.1905940594059406,0.5148514851485149,0.0891089108910891
hidden_lattice,hidden_target_logit_effect,strict,11,corrupt,visual+answer,answer_mask,1.0,,101,101,,,,3.4743193069306932,2.8451616646039604,4.112623762376238,0.8811881188118812,736.019801980198
hidden_lattice,hidden_target_logit_effect,strict,11,corrupt,visual+answer,shifted_mask,1.0,,101,101,,,,1.3171410891089108,0.8595297029702971,1.7930074257425743,0.6138613861386139,33.75247524752475
hidden_lattice,hidden_target_logit_effect,strict,11,corrupt,visual+answer,shuffled_mask,1.0,,101,101,,,,1.339418316831683,0.8731435643564357,1.7905321782178218,0.6633663366336634,23.702970297029704
hidden_lattice,hidden_target_logit_effect,strict,11,corrupt,visual+answer,union_mask,1.0,,101,101,,,,3.2339012221534653,2.618183400371287,3.872050974628713,0.8910891089108911,539.6534653465346
hidden_lattice,hidden_target_logit_effect,strict,11,corrupt,visual_span,answer_mask,1.0,,101,101,,,,3.7508121905940595,3.1032255569306932,4.407874381188119,0.9207920792079208,742.8811881188119
hidden_lattice,hidden_target_logit_effect,strict,11,corrupt,visual_span,shifted_mask,1.0,,101,101,,,,1.6989480198019802,1.2469059405940595,2.167079207920792,0.7326732673267327,40.23762376237624
hidden_lattice,hidden_target_logit_effect,strict,11,corrupt,visual_span,shuffled_mask,1.0,,101,101,,,,1.682549504950495,1.2264851485148516,2.1318069306930694,0.7920792079207921,29.198019801980198
hidden_lattice,hidden_target_logit_effect,strict,11,corrupt,visual_span,union_mask,1.0,,101,101,,,,3.583873182240099,2.962871287128713,4.189665841584159,0.9108910891089109,566.4950495049505
hidden_lattice,hidden_target_logit_effect,strict,11,restore,answer_adjacent,answer_mask,1.0,,101,101,,,,-0.16098777846534654,-0.27469446163366334,-0.043007425742574254,0.36633663366336633,-20.02970297029703
hidden_lattice,hidden_target_logit_effect,strict,11,restore,answer_adjacent,shifted_mask,1.0,,101,101,,,,-0.2957920792079208,-0.40470297029702973,-0.18038366336633663,0.31683168316831684,-2.8613861386138613
hidden_lattice,hidden_target_logit_effect,strict,11,restore,answer_adjacent,shuffled_mask,1.0,,101,101,,,,-0.23205445544554457,-0.35705445544554454,-0.10643564356435643,0.26732673267326734,-3.128712871287129
hidden_lattice,hidden_target_logit_effect,strict,11,restore,answer_adjacent,union_mask,1.0,,101,101,,,,-0.31490273050742573,-0.45173267326732675,-0.17682549504950495,0.297029702970297,-125.89108910891089
hidden_lattice,hidden_target_logit_effect,strict,11,restore,top_hidden_delta,answer_mask,1.0,,101,101,,,,2.946666150990099,2.350711633663366,3.5572787747524752,0.8613861386138614,849.7524752475248
hidden_lattice,hidden_target_logit_effect,strict,11,restore,top_hidden_delta,shifted_mask,1.0,,101,101,,,,0.8607673267326733,0.5074257425742574,1.2416460396039604,0.6633663366336634,24.0
hidden_lattice,hidden_target_logit_effect,strict,11,restore,top_hidden_delta,shuffled_mask,1.0,,101,101,,,,0.7506188118811881,0.40284653465346537,1.1537747524752475,0.5742574257425742,35.40594059405941
hidden_lattice,hidden_target_logit_effect,strict,11,restore,top_hidden_delta,union_mask,1.0,,101,101,,,,2.4366007889851486,1.9192450495049505,2.957050587871287,0.8514851485148515,522.8712871287129
hidden_lattice,hidden_target_logit_effect,strict,11,restore,visual+answer,answer_mask,1.0,,101,101,,,,3.9445003094059405,3.2489170792079207,4.622524752475248,0.8910891089108911,862.4752475247525
hidden_lattice,hidden_target_logit_effect,strict,11,restore,visual+answer,shifted_mask,1.0,,101,101,,,,1.5405321782178218,1.0529084158415842,2.030940594059406,0.6633663366336634,38.495049504950494
hidden_lattice,hidden_target_logit_effect,strict,11,restore,visual+answer,shuffled_mask,1.0,,101,101,,,,1.4879331683168318,0.9836014851485149,1.9928836633663367,0.6633663366336634,37.48514851485149
hidden_lattice,hidden_target_logit_effect,strict,11,restore,visual+answer,union_mask,1.0,,101,101,,,,3.6949547493811883,3.015557317450495,4.332359993811881,0.8811881188118812,547.4752475247525
hidden_lattice,hidden_target_logit_effect,strict,11,restore,visual_span,answer_mask,1.0,,101,101,,,,4.281752784653466,3.609684405940594,4.926438737623762,0.9108910891089109,862.6138613861386
hidden_lattice,hidden_target_logit_effect,strict,11,restore,visual_span,shifted_mask,1.0,,101,101,,,,1.9607054455445545,1.5064975247524752,2.4257425742574257,0.7821782178217822,38.48514851485149
hidden_lattice,hidden_target_logit_effect,strict,11,restore,visual_span,shuffled_mask,1.0,,101,101,,,,1.843131188118812,1.3573638613861385,2.333230198019802,0.7524752475247525,37.524752475247524
hidden_lattice,hidden_target_logit_effect,strict,11,restore,visual_span,union_mask,1.0,,101,101,,,,4.0724299969059405,3.4270382116336635,4.70268989789604,0.9306930693069307,547.6732673267327
hidden_lattice,hidden_target_logit_effect,strict,12,corrupt,answer_adjacent,answer_mask,1.0,,101,101,,,,-0.3533415841584158,-0.48576732673267325,-0.19925742574257427,0.2376237623762376,-0.18811881188118812
hidden_lattice,hidden_target_logit_effect,strict,12,corrupt,answer_adjacent,shifted_mask,1.0,,101,101,,,,-0.40284653465346537,-0.5327970297029703,-0.2592821782178218,0.2376237623762376,-0.15841584158415842
hidden_lattice,hidden_target_logit_effect,strict,12,corrupt,answer_adjacent,shuffled_mask,1.0,,101,101,,,,-0.35086633663366334,-0.4993811881188119,-0.18564356435643564,0.24752475247524752,-0.2376237623762376
hidden_lattice,hidden_target_logit_effect,strict,12,corrupt,answer_adjacent,union_mask,1.0,,101,101,,,,-0.3842821782178218,-0.5278465346534653,-0.21905940594059406,0.24752475247524752,-0.16831683168316833
hidden_lattice,hidden_target_logit_effect,strict,12,corrupt,top_hidden_delta,answer_mask,1.0,,101,101,,,,0.12128712871287128,-0.04084158415841584,0.3100247524752475,0.42574257425742573,0.18811881188118812
hidden_lattice,hidden_target_logit_effect,strict,12,corrupt,top_hidden_delta,shifted_mask,1.0,,101,101,,,,0.0049504950495049506,-0.10643564356435643,0.1188118811881188,0.44554455445544555,0.009900990099009901
hidden_lattice,hidden_target_logit_effect,strict,12,corrupt,top_hidden_delta,shuffled_mask,1.0,,101,101,,,,0.024752475247524754,-0.07797029702970297,0.1454207920792079,0.45544554455445546,-0.06930693069306931
hidden_lattice,hidden_target_logit_effect,strict,12,corrupt,top_hidden_delta,union_mask,1.0,,101,101,,,,0.07301980198019802,-0.04764851485148515,0.20668316831683167,0.4752475247524752,0.039603960396039604
hidden_lattice,hidden_target_logit_effect,strict,12,corrupt,visual+answer,answer_mask,1.0,,101,101,,,,3.296962020420792,2.6595857827970297,3.9399365717821784,0.8712871287128713,434.41584158415844
hidden_lattice,hidden_target_logit_effect,strict,12,corrupt,visual+answer,shifted_mask,1.0,,101,101,,,,1.2936262376237624,0.8666460396039604,1.756188118811881,0.6336633663366337,30.782178217821784
hidden_lattice,hidden_target_logit_effect,strict,12,corrupt,visual+answer,shuffled_mask,1.0,,101,101,,,,1.2574257425742574,0.8211633663366337,1.6865717821782178,0.6732673267326733,24.356435643564357
hidden_lattice,hidden_target_logit_effect,strict,12,corrupt,visual+answer,union_mask,1.0,,101,101,,,,3.0843227877475248,2.477722772277228,3.711246905940594,0.8514851485148515,326.73267326732673
hidden_lattice,hidden_target_logit_effect,strict,12,corrupt,visual_span,answer_mask,1.0,,101,101,,,,3.563660272277228,2.932839573019802,4.2081721844059405,0.9207920792079208,482.0495049504951
hidden_lattice,hidden_target_logit_effect,strict,12,corrupt,visual_span,shifted_mask,1.0,,101,101,,,,1.6219059405940595,1.198019801980198,2.0816831683168315,0.7227722772277227,32.78217821782178
hidden_lattice,hidden_target_logit_effect,strict,12,corrupt,visual_span,shuffled_mask,1.0,,101,101,,,,1.5092821782178218,1.057240099009901,1.9461633663366336,0.7326732673267327,26.485148514851485
hidden_lattice,hidden_target_logit_effect,strict,12,corrupt,visual_span,union_mask,1.0,,101,101,,,,3.3559183555074257,2.7374690594059405,3.979197284962871,0.9207920792079208,400.8712871287129
hidden_lattice,hidden_target_logit_effect,strict,12,restore,answer_adjacent,answer_mask,1.0,,101,101,,,,-0.12987314356435645,-0.24590037128712872,-0.011370668316831683,0.40594059405940597,-94.02970297029702
hidden_lattice,hidden_target_logit_effect,strict,12,restore,answer_adjacent,shifted_mask,1.0,,101,101,,,,-0.2667079207920792,-0.3756188118811881,-0.15655940594059406,0.25742574257425743,-2.1485148514851486
hidden_lattice,hidden_target_logit_effect,strict,12,restore,answer_adjacent,shuffled_mask,1.0,,101,101,,,,-0.22586633663366337,-0.3347772277227723,-0.11231435643564357,0.31683168316831684,-0.07920792079207921
hidden_lattice,hidden_target_logit_effect,strict,12,restore,answer_adjacent,union_mask,1.0,,101,101,,,,-0.23005056853341585,-0.3508034885519802,-0.10891089108910891,0.3564356435643564,-128.44554455445544
hidden_lattice,hidden_target_logit_effect,strict,12,restore,top_hidden_delta,answer_mask,1.0,,101,101,,,,2.712136448019802,2.130066522277228,3.2986540841584158,0.8712871287128713,843.0990099009902
hidden_lattice,hidden_target_logit_effect,strict,12,restore,top_hidden_delta,shifted_mask,1.0,,101,101,,,,0.9043935643564357,0.5337252475247525,1.327660891089109,0.5544554455445545,35.73267326732673
hidden_lattice,hidden_target_logit_effect,strict,12,restore,top_hidden_delta,shuffled_mask,1.0,,101,101,,,,0.7472153465346535,0.4003712871287129,1.1491336633663367,0.6039603960396039,34.9009900990099
hidden_lattice,hidden_target_logit_effect,strict,12,restore,top_hidden_delta,union_mask,1.0,,101,101,,,,2.2651898978960396,1.7509282178217822,2.8141050433168315,0.8514851485148515,525.6138613861386
hidden_lattice,hidden_target_logit_effect,strict,12,restore,visual+answer,answer_mask,1.0,,101,101,,,,3.8182626856435644,3.1420173267326734,4.4622137995049505,0.900990099009901,861.7029702970297
hidden_lattice,hidden_target_logit_effect,strict,12,restore,visual+answer,shifted_mask,1.0,,101,101,,,,1.4767945544554455,1.0163985148514851,1.9489480198019802,0.6534653465346535,38.46534653465346
hidden_lattice,hidden_target_logit_effect,strict,12,restore,visual+answer,shuffled_mask,1.0,,101,101,,,,1.4396658415841583,0.9443069306930693,1.933168316831683,0.6831683168316832,37.43564356435643
hidden_lattice,hidden_target_logit_effect,strict,12,restore,visual+answer,union_mask,1.0,,101,101,,,,3.513024056311881,2.8413037592821784,4.142355739480198,0.8811881188118812,546.4158415841584
hidden_lattice,hidden_target_logit_effect,strict,12,restore,visual_span,answer_mask,1.0,,101,101,,,,4.019067141089109,3.348391089108911,4.63335396039604,0.9108910891089109,861.6039603960396
hidden_lattice,hidden_target_logit_effect,strict,12,restore,visual_span,shifted_mask,1.0,,101,101,,,,1.791769801980198,1.3771658415841583,2.2305074257425743,0.7623762376237624,38.366336633663366
hidden_lattice,hidden_target_logit_effect,strict,12,restore,visual_span,shuffled_mask,1.0,,101,101,,,,1.64634900990099,1.1748143564356435,2.1215965346534653,0.7227722772277227,37.336633663366335
hidden_lattice,hidden_target_logit_effect,strict,12,restore,visual_span,union_mask,1.0,,101,101,,,,3.8379002939356437,3.2057549504950495,4.465742961014851,0.9108910891089109,546.7227722772277
hidden_lattice,hidden_target_logit_effect,strict,13,corrupt,answer_adjacent,answer_mask,1.0,,101,101,,,,-0.22153465346534654,-0.3613861386138614,-0.05012376237623763,0.2871287128712871,0.04950495049504951
hidden_lattice,hidden_target_logit_effect,strict,13,corrupt,answer_adjacent,shifted_mask,1.0,,101,101,,,,-0.31683168316831684,-0.4542079207920792,-0.16522277227722773,0.21782178217821782,-0.19801980198019803
hidden_lattice,hidden_target_logit_effect,strict,13,corrupt,answer_adjacent,shuffled_mask,1.0,,101,101,,,,-0.27103960396039606,-0.4176980198019802,-0.10581683168316831,0.27722772277227725,-0.0594059405940594
hidden_lattice,hidden_target_logit_effect,strict,13,corrupt,answer_adjacent,union_mask,1.0,,101,101,,,,-0.27351485148514854,-0.43007425742574257,-0.10396039603960396,0.2871287128712871,0.0297029702970297
hidden_lattice,hidden_target_logit_effect,strict,13,corrupt,top_hidden_delta,answer_mask,1.0,,101,101,,,,0.13675742574257427,-0.008663366336633664,0.30754950495049505,0.46534653465346537,0.1188118811881188
hidden_lattice,hidden_target_logit_effect,strict,13,corrupt,top_hidden_delta,shifted_mask,1.0,,101,101,,,,-0.011138613861386138,-0.125,0.1051980198019802,0.42574257425742573,-0.04950495049504951
hidden_lattice,hidden_target_logit_effect,strict,13,corrupt,top_hidden_delta,shuffled_mask,1.0,,101,101,,,,0.0006188118811881188,-0.10024752475247525,0.1150990099009901,0.42574257425742573,0.019801980198019802
hidden_lattice,hidden_target_logit_effect,strict,13,corrupt,top_hidden_delta,union_mask,1.0,,101,101,,,,0.03217821782178218,-0.08168316831683169,0.1608910891089109,0.4158415841584158,0.1188118811881188
hidden_lattice,hidden_target_logit_effect,strict,13,corrupt,visual+answer,answer_mask,1.0,,101,101,,,,2.983910891089109,2.422029702970297,3.5560024752475248,0.8316831683168316,102.66336633663366
hidden_lattice,hidden_target_logit_effect,strict,13,corrupt,visual+answer,shifted_mask,1.0,,101,101,,,,1.255569306930693,0.8409653465346535,1.6943069306930694,0.6336633663366337,33.08910891089109
hidden_lattice,hidden_target_logit_effect,strict,13,corrupt,visual+answer,shuffled_mask,1.0,,101,101,,,,1.208230198019802,0.7954826732673267,1.6129331683168318,0.6237623762376238,30.02970297029703
hidden_lattice,hidden_target_logit_effect,strict,13,corrupt,visual+answer,union_mask,1.0,,101,101,,,,2.781714108910891,2.2469059405940595,3.2991955445544554,0.8613861386138614,89.60396039603961
hidden_lattice,hidden_target_logit_effect,strict,13,corrupt,visual_span,answer_mask,1.0,,101,101,,,,3.1653774752475248,2.598236386138614,3.7379331683168315,0.8811881188118812,102.5940594059406
hidden_lattice,hidden_target_logit_effect,strict,13,corrupt,visual_span,shifted_mask,1.0,,101,101,,,,1.4554455445544554,1.0587871287128714,1.864789603960396,0.7227722772277227,28.504950495049506
hidden_lattice,hidden_target_logit_effect,strict,13,corrupt,visual_span,shuffled_mask,1.0,,101,101,,,,1.4003712871287128,1.0034034653465347,1.7905321782178218,0.7326732673267327,30.08910891089109
hidden_lattice,hidden_target_logit_effect,strict,13,corrupt,visual_span,union_mask,1.0,,101,101,,,,2.9203279702970297,2.379950495049505,3.431311881188119,0.900990099009901,95.05940594059406
hidden_lattice,hidden_target_logit_effect,strict,13,restore,answer_adjacent,answer_mask,1.0,,101,101,,,,-0.02628016707920792,-0.1577196782178218,0.10088567450495049,0.45544554455445546,-15.653465346534654
hidden_lattice,hidden_target_logit_effect,strict,13,restore,answer_adjacent,shifted_mask,1.0,,101,101,,,,-0.19492574257425743,-0.3125,-0.0823019801980198,0.32673267326732675,2.1584158415841586
hidden_lattice,hidden_target_logit_effect,strict,13,restore,answer_adjacent,shuffled_mask,1.0,,101,101,,,,-0.12283415841584158,-0.22772277227722773,-0.01670792079207921,0.3564356435643564,1.7524752475247525
hidden_lattice,hidden_target_logit_effect,strict,13,restore,answer_adjacent,union_mask,1.0,,101,101,,,,-0.1254351021039604,-0.27892945544554454,0.019801980198019802,0.40594059405940597,-78.7128712871287
hidden_lattice,hidden_target_logit_effect,strict,13,restore,top_hidden_delta,answer_mask,1.0,,101,101,,,,2.461517636138614,1.9165377475247525,3.040570853960396,0.8712871287128713,834.6237623762377
hidden_lattice,hidden_target_logit_effect,strict,13,restore,top_hidden_delta,shifted_mask,1.0,,101,101,,,,0.838799504950495,0.5163985148514851,1.2008044554455446,0.6435643564356436,36.05940594059406
hidden_lattice,hidden_target_logit_effect,strict,13,restore,top_hidden_delta,shuffled_mask,1.0,,101,101,,,,0.6488242574257426,0.32332920792079206,1.0117574257425743,0.5742574257425742,34.46534653465346
hidden_lattice,hidden_target_logit_effect,strict,13,restore,top_hidden_delta,union_mask,1.0,,101,101,,,,1.9632096998762376,1.4638285117574257,2.498201577970297,0.8613861386138614,518.940594059406
hidden_lattice,hidden_target_logit_effect,strict,13,restore,visual+answer,answer_mask,1.0,,101,101,,,,3.7322478341584158,3.062654702970297,4.3760442450495045,0.8811881188118812,861.5049504950495
hidden_lattice,hidden_target_logit_effect,strict,13,restore,visual+answer,shifted_mask,1.0,,101,101,,,,1.5232054455445545,1.047029702970297,2.004022277227723,0.6831683168316832,38.495049504950494
hidden_lattice,hidden_target_logit_effect,strict,13,restore,visual+answer,shuffled_mask,1.0,,101,101,,,,1.337561881188119,0.8811881188118812,1.8010519801980198,0.6633663366336634,37.37623762376238
hidden_lattice,hidden_target_logit_effect,strict,13,restore,visual+answer,union_mask,1.0,,101,101,,,,3.431959699876238,2.7630530631188117,4.074595838490099,0.8910891089108911,545.3762376237623
hidden_lattice,hidden_target_logit_effect,strict,13,restore,visual_span,answer_mask,1.0,,101,101,,,,3.9506884282178216,3.267906868811881,4.564124381188119,0.9108910891089109,861.1188118811881
hidden_lattice,hidden_target_logit_effect,strict,13,restore,visual_span,shifted_mask,1.0,,101,101,,,,1.770730198019802,1.3409653465346534,2.2212252475247523,0.7425742574257426,38.45544554455446
hidden_lattice,hidden_target_logit_effect,strict,13,restore,visual_span,shuffled_mask,1.0,,101,101,,,,1.594368811881188,1.1550123762376239,2.0454826732673266,0.7326732673267327,37.2970297029703
hidden_lattice,hidden_target_logit_effect,strict,13,restore,visual_span,union_mask,1.0,,101,101,,,,3.705474551361386,3.0758044554455446,4.306427908415841,0.9207920792079208,545.5049504950495
hidden_lattice,hidden_target_logit_effect,strict,14,corrupt,answer_adjacent,answer_mask,1.0,,101,101,,,,-0.375,-0.5377475247524752,-0.19554455445544555,0.25742574257425743,0.04950495049504951
hidden_lattice,hidden_target_logit_effect,strict,14,corrupt,answer_adjacent,shifted_mask,1.0,,101,101,,,,-0.4090346534653465,-0.5612623762376238,-0.2295792079207921,0.22772277227722773,0.09900990099009901
hidden_lattice,hidden_target_logit_effect,strict,14,corrupt,answer_adjacent,shuffled_mask,1.0,,101,101,,,,-0.390470297029703,-0.5513613861386139,-0.20853960396039603,0.2079207920792079,-0.0297029702970297
hidden_lattice,hidden_target_logit_effect,strict,14,corrupt,answer_adjacent,union_mask,1.0,,101,101,,,,-0.4350247524752475,-0.6051980198019802,-0.25185643564356436,0.25742574257425743,-0.009900990099009901
hidden_lattice,hidden_target_logit_effect,strict,14,corrupt,top_hidden_delta,answer_mask,1.0,,101,101,,,,0.11386138613861387,-0.02042079207920792,0.26485148514851486,0.48514851485148514,0.07920792079207921
hidden_lattice,hidden_target_logit_effect,strict,14,corrupt,top_hidden_delta,shifted_mask,1.0,,101,101,,,,-0.006188118811881188,-0.10334158415841584,0.08477722772277228,0.4158415841584158,0.13861386138613863
hidden_lattice,hidden_target_logit_effect,strict,14,corrupt,top_hidden_delta,shuffled_mask,1.0,,101,101,,,,-0.009900990099009901,-0.1150990099009901,0.09467821782178218,0.45544554455445546,-0.019801980198019802
hidden_lattice,hidden_target_logit_effect,strict,14,corrupt,top_hidden_delta,union_mask,1.0,,101,101,,,,0.06126237623762376,-0.05198019801980198,0.1943069306930693,0.45544554455445546,0.2079207920792079
hidden_lattice,hidden_target_logit_effect,strict,14,corrupt,visual+answer,answer_mask,1.0,,101,101,,,,2.3825804455445545,1.8267326732673268,2.9509591584158414,0.7623762376237624,78.84158415841584
hidden_lattice,hidden_target_logit_effect,strict,14,corrupt,visual+answer,shifted_mask,1.0,,101,101,,,,1.0170173267326732,0.6494430693069307,1.4155321782178218,0.5742574257425742,39.475247524752476
hidden_lattice,hidden_target_logit_effect,strict,14,corrupt,visual+answer,shuffled_mask,1.0,,101,101,,,,0.8842821782178217,0.5024752475247525,1.2580445544554455,0.6336633663366337,17.247524752475247
hidden_lattice,hidden_target_logit_effect,strict,14,corrupt,visual+answer,union_mask,1.0,,101,101,,,,2.067914603960396,1.5708539603960396,2.5569306930693068,0.7722772277227723,56.851485148514854
hidden_lattice,hidden_target_logit_effect,strict,14,corrupt,visual_span,answer_mask,1.0,,101,101,,,,2.640315594059406,2.101949257425743,3.171410891089109,0.8613861386138614,65.7128712871287
hidden_lattice,hidden_target_logit_effect,strict,14,corrupt,visual_span,shifted_mask,1.0,,101,101,,,,1.3248762376237624,0.9758663366336634,1.7079207920792079,0.801980198019802,39.0
hidden_lattice,hidden_target_logit_effect,strict,14,corrupt,visual_span,shuffled_mask,1.0,,101,101,,,,1.1265470297029703,0.7877475247524752,1.4594678217821782,0.693069306930693,20.623762376237625
hidden_lattice,hidden_target_logit_effect,strict,14,corrupt,visual_span,union_mask,1.0,,101,101,,,,2.4082611386138613,1.9277537128712872,2.883663366336634,0.8811881188118812,49.10891089108911
hidden_lattice,hidden_target_logit_effect,strict,14,restore,answer_adjacent,answer_mask,1.0,,101,101,,,,-0.12325959158415842,-0.2752552599009901,0.02610612623762376,0.45544554455445546,87.31683168316832
hidden_lattice,hidden_target_logit_effect,strict,14,restore,answer_adjacent,shifted_mask,1.0,,101,101,,,,-0.18811881188118812,-0.30785891089108913,-0.06435643564356436,0.3465346534653465,-5.702970297029703
hidden_lattice,hidden_target_logit_effect,strict,14,restore,answer_adjacent,shuffled_mask,1.0,,101,101,,,,-0.21844059405940594,-0.34777227722772275,-0.08477722772277228,0.3564356435643564,-3.257425742574257
hidden_lattice,hidden_target_logit_effect,strict,14,restore,answer_adjacent,union_mask,1.0,,101,101,,,,-0.12880956064356436,-0.28875309405940597,0.02283802599009901,0.4158415841584158,-1.801980198019802
hidden_lattice,hidden_target_logit_effect,strict,14,restore,top_hidden_delta,answer_mask,1.0,,101,101,,,,1.7242032797029703,1.2614480198019802,2.202815594059406,0.801980198019802,766.5346534653465
hidden_lattice,hidden_target_logit_effect,strict,14,restore,top_hidden_delta,shifted_mask,1.0,,101,101,,,,0.6098391089108911,0.35117574257425743,0.9084158415841584,0.6732673267326733,34.603960396039604
hidden_lattice,hidden_target_logit_effect,strict,14,restore,top_hidden_delta,shuffled_mask,1.0,,101,101,,,,0.5058787128712872,0.26113861386138615,0.7797029702970297,0.6336633663366337,33.54455445544554
hidden_lattice,hidden_target_logit_effect,strict,14,restore,top_hidden_delta,union_mask,1.0,,101,101,,,,1.4412418780940595,1.0312790068069306,1.8978960396039604,0.7920792079207921,479.34653465346537
hidden_lattice,hidden_target_logit_effect,strict,14,restore,visual+answer,answer_mask,1.0,,101,101,,,,3.0970374381188117,2.45103650990099,3.716081373762376,0.8613861386138614,856.1584158415842
hidden_lattice,hidden_target_logit_effect,strict,14,restore,visual+answer,shifted_mask,1.0,,101,101,,,,1.1939975247524752,0.7818688118811881,1.6268564356435644,0.6534653465346535,38.118811881188115
hidden_lattice,hidden_target_logit_effect,strict,14,restore,visual+answer,shuffled_mask,1.0,,101,101,,,,1.0553836633663367,0.6386138613861386,1.495668316831683,0.6435643564356436,36.613861386138616
hidden_lattice,hidden_target_logit_effect,strict,14,restore,visual+answer,union_mask,1.0,,101,101,,,,2.8846205909653464,2.2701403929455446,3.4997196008663365,0.8712871287128713,542.1287128712871
hidden_lattice,hidden_target_logit_effect,strict,14,restore,visual_span,answer_mask,1.0,,101,101,,,,3.1883121905940595,2.563737623762376,3.771155631188119,0.8910891089108911,854.1287128712871
hidden_lattice,hidden_target_logit_effect,strict,14,restore,visual_span,shifted_mask,1.0,,101,101,,,,1.4712252475247525,1.1021039603960396,1.8777846534653466,0.7623762376237624,38.17821782178218
hidden_lattice,hidden_target_logit_effect,strict,14,restore,visual_span,shuffled_mask,1.0,,101,101,,,,1.3090965346534653,0.9344059405940595,1.714418316831683,0.693069306930693,37.18811881188119
hidden_lattice,hidden_target_logit_effect,strict,14,restore,visual_span,union_mask,1.0,,101,101,,,,3.148234452351485,2.556311881188119,3.7645420792079207,0.900990099009901,541.4554455445544
hidden_lattice,hidden_target_logit_effect,strict,15,corrupt,answer_adjacent,answer_mask,1.0,,101,101,,,,-0.3125,-0.47586633663366334,-0.13551980198019803,0.31683168316831684,-0.019801980198019802
hidden_lattice,hidden_target_logit_effect,strict,15,corrupt,answer_adjacent,shifted_mask,1.0,,101,101,,,,-0.400990099009901,-0.5655940594059405,-0.2376237623762376,0.2871287128712871,0.15841584158415842
hidden_lattice,hidden_target_logit_effect,strict,15,corrupt,answer_adjacent,shuffled_mask,1.0,,101,101,,,,-0.3347772277227723,-0.5037128712871287,-0.15965346534653466,0.297029702970297,0.0594059405940594
hidden_lattice,hidden_target_logit_effect,strict,15,corrupt,answer_adjacent,union_mask,1.0,,101,101,,,,-0.3353960396039604,-0.49876237623762376,-0.1577970297029703,0.297029702970297,0.009900990099009901
hidden_lattice,hidden_target_logit_effect,strict,15,corrupt,top_hidden_delta,answer_mask,1.0,,101,101,,,,0.08477722772277228,-0.0327970297029703,0.20235148514851486,0.5247524752475248,0.0
hidden_lattice,hidden_target_logit_effect,strict,15,corrupt,top_hidden_delta,shifted_mask,1.0,,101,101,,,,0.04950495049504951,-0.04764851485148515,0.14975247524752475,0.48514851485148514,0.1188118811881188
hidden_lattice,hidden_target_logit_effect,strict,15,corrupt,top_hidden_delta,shuffled_mask,1.0,,101,101,,,,-0.043316831683168314,-0.1448019801980198,0.05631188118811881,0.4158415841584158,0.07920792079207921
hidden_lattice,hidden_target_logit_effect,strict,15,corrupt,top_hidden_delta,union_mask,1.0,,101,101,,,,-0.0012376237623762376,-0.11138613861386139,0.11262376237623763,0.49504950495049505,0.019801980198019802
hidden_lattice,hidden_target_logit_effect,strict,15,corrupt,visual+answer,answer_mask,1.0,,101,101,,,,2.3883044554455446,1.7945544554455446,2.9743193069306932,0.7524752475247525,84.98019801980197
hidden_lattice,hidden_target_logit_effect,strict,15,corrupt,visual+answer,shifted_mask,1.0,,101,101,,,,1.020111386138614,0.6064356435643564,1.458230198019802,0.5544554455445545,43.386138613861384
hidden_lattice,hidden_target_logit_effect,strict,15,corrupt,visual+answer,shuffled_mask,1.0,,101,101,,,,0.8589108910891089,0.4808168316831683,1.2274133663366336,0.6039603960396039,18.653465346534652
hidden_lattice,hidden_target_logit_effect,strict,15,corrupt,visual+answer,union_mask,1.0,,101,101,,,,2.088954207920792,1.568069306930693,2.6149443069306932,0.7524752475247525,63.95049504950495
hidden_lattice,hidden_target_logit_effect,strict,15,corrupt,visual_span,answer_mask,1.0,,101,101,,,,2.572246287128713,2.01144801980198,3.119121287128713,0.8415841584158416,65.21782178217822
hidden_lattice,hidden_target_logit_effect,strict,15,corrupt,visual_span,shifted_mask,1.0,,101,101,,,,1.3288985148514851,0.979269801980198,1.7113242574257426,0.7920792079207921,40.79207920792079
hidden_lattice,hidden_target_logit_effect,strict,15,corrupt,visual_span,shuffled_mask,1.0,,101,101,,,,1.0702351485148516,0.749690594059406,1.3867574257425743,0.7128712871287128,19.00990099009901
hidden_lattice,hidden_target_logit_effect,strict,15,corrupt,visual_span,union_mask,1.0,,101,101,,,,2.3324566831683167,1.8301361386138615,2.818688118811881,0.8514851485148515,57.08910891089109
hidden_lattice,hidden_target_logit_effect,strict,15,restore,answer_adjacent,answer_mask,1.0,,101,101,,,,-0.01848700495049505,-0.15501237623762376,0.12043626237623763,0.49504950495049505,42.495049504950494
hidden_lattice,hidden_target_logit_effect,strict,15,restore,answer_adjacent,shifted_mask,1.0,,101,101,,,,-0.16367574257425743,-0.286509900990099,-0.040222772277227724,0.3465346534653465,-3.237623762376238
hidden_lattice,hidden_target_logit_effect,strict,15,restore,answer_adjacent,shuffled_mask,1.0,,101,101,,,,-0.1998762376237624,-0.3323019801980198,-0.06590346534653466,0.39603960396039606,-0.15841584158415842
hidden_lattice,hidden_target_logit_effect,strict,15,restore,answer_adjacent,union_mask,1.0,,101,101,,,,-0.10294636641398515,-0.23808787128712872,0.028783212793935642,0.4752475247524752,-70.05940594059406
hidden_lattice,hidden_target_logit_effect,strict,15,restore,top_hidden_delta,answer_mask,1.0,,101,101,,,,1.2160040222772277,0.7954826732673267,1.6702892945544554,0.7920792079207921,688.5445544554456
hidden_lattice,hidden_target_logit_effect,strict,15,restore,top_hidden_delta,shifted_mask,1.0,,101,101,,,,0.4412128712871287,0.20266089108910892,0.7085396039603961,0.504950495049505,27.396039603960396
hidden_lattice,hidden_target_logit_effect,strict,15,restore,top_hidden_delta,shuffled_mask,1.0,,101,101,,,,0.3712871287128713,0.14603960396039603,0.6296410891089109,0.594059405940594,21.980198019801982
hidden_lattice,hidden_target_logit_effect,strict,15,restore,top_hidden_delta,union_mask,1.0,,101,101,,,,1.001576036509901,0.6241007889851485,1.418345838490099,0.7227722772277227,421.86138613861385
hidden_lattice,hidden_target_logit_effect,strict,15,restore,visual+answer,answer_mask,1.0,,101,101,,,,2.884784962871287,2.2469059405940595,3.50390625,0.8514851485148515,775.3960396039604
hidden_lattice,hidden_target_logit_effect,strict,15,restore,visual+answer,shifted_mask,1.0,,101,101,,,,1.1123143564356435,0.7094678217821783,1.5550742574257426,0.6336633663366337,38.0
hidden_lattice,hidden_target_logit_effect,strict,15,restore,visual+answer,shuffled_mask,1.0,,101,101,,,,1.0343440594059405,0.6132425742574258,1.479269801980198,0.6633663366336634,36.396039603960396
hidden_lattice,hidden_target_logit_effect,strict,15,restore,visual+answer,union_mask,1.0,,101,101,,,,2.7274423731435644,2.1219059405940595,3.3521909808168315,0.8415841584158416,520.4158415841584
hidden_lattice,hidden_target_logit_effect,strict,15,restore,visual_span,answer_mask,1.0,,101,101,,,,3.016282487623762,2.3794090346534653,3.650990099009901,0.8910891089108911,784.9009900990098
hidden_lattice,hidden_target_logit_effect,strict,15,restore,visual_span,shifted_mask,1.0,,101,101,,,,1.400061881188119,1.020111386138614,1.8199257425742574,0.7821782178217822,38.02970297029703
hidden_lattice,hidden_target_logit_effect,strict,15,restore,visual_span,shuffled_mask,1.0,,101,101,,,,1.2781559405940595,0.8944925742574258,1.686881188118812,0.7524752475247525,36.851485148514854
hidden_lattice,hidden_target_logit_effect,strict,15,restore,visual_span,union_mask,1.0,,101,101,,,,2.9724918780940595,2.371287128712871,3.5677889077970297,0.900990099009901,523.4752475247525
hidden_lattice,hidden_target_logit_effect,strict,16,corrupt,answer_adjacent,answer_mask,1.0,,101,101,,,,-0.3125,-0.48267326732673266,-0.13923267326732675,0.32673267326732675,0.0297029702970297
hidden_lattice,hidden_target_logit_effect,strict,16,corrupt,answer_adjacent,shifted_mask,1.0,,101,101,,,,-0.3521039603960396,-0.49814356435643564,-0.18502475247524752,0.26732673267326734,-0.0594059405940594
hidden_lattice,hidden_target_logit_effect,strict,16,corrupt,answer_adjacent,shuffled_mask,1.0,,101,101,,,,-0.3527227722772277,-0.4993811881188119,-0.20544554455445543,0.2871287128712871,0.0297029702970297
hidden_lattice,hidden_target_logit_effect,strict,16,corrupt,answer_adjacent,union_mask,1.0,,101,101,,,,-0.3849009900990099,-0.5625,-0.20173267326732675,0.33663366336633666,-0.04950495049504951
hidden_lattice,hidden_target_logit_effect,strict,16,corrupt,top_hidden_delta,answer_mask,1.0,,101,101,,,,0.0,-0.11448019801980198,0.11819306930693069,0.504950495049505,0.0297029702970297
hidden_lattice,hidden_target_logit_effect,strict,16,corrupt,top_hidden_delta,shifted_mask,1.0,,101,101,,,,0.03403465346534654,-0.06311881188118812,0.1478960396039604,0.48514851485148514,0.019801980198019802
hidden_lattice,hidden_target_logit_effect,strict,16,corrupt,top_hidden_delta,shuffled_mask,1.0,,101,101,,,,0.028465346534653466,-0.07673267326732673,0.14418316831683167,0.48514851485148514,0.039603960396039604
hidden_lattice,hidden_target_logit_effect,strict,16,corrupt,top_hidden_delta,union_mask,1.0,,101,101,,,,-0.02103960396039604,-0.13366336633663367,0.08725247524752475,0.5148514851485149,0.0297029702970297
hidden_lattice,hidden_target_logit_effect,strict,16,corrupt,visual+answer,answer_mask,1.0,,101,101,,,,2.0594059405940595,1.5222772277227723,2.586324257425743,0.7326732673267327,49.05940594059406
hidden_lattice,hidden_target_logit_effect,strict,16,corrupt,visual+answer,shifted_mask,1.0,,101,101,,,,0.8978960396039604,0.5009282178217822,1.34375,0.5742574257425742,38.336633663366335
hidden_lattice,hidden_target_logit_effect,strict,16,corrupt,visual+answer,shuffled_mask,1.0,,101,101,,,,0.6831683168316832,0.3183787128712871,1.0448638613861385,0.5346534653465347,20.00990099009901
hidden_lattice,hidden_target_logit_effect,strict,16,corrupt,visual+answer,union_mask,1.0,,101,101,,,,1.7942450495049505,1.2880569306930694,2.2883663366336635,0.7128712871287128,37.960396039603964
hidden_lattice,hidden_target_logit_effect,strict,16,corrupt,visual_span,answer_mask,1.0,,101,101,,,,2.1902846534653464,1.6680074257425743,2.6946163366336635,0.7722772277227723,40.45544554455446
hidden_lattice,hidden_target_logit_effect,strict,16,corrupt,visual_span,shifted_mask,1.0,,101,101,,,,1.1064356435643565,0.7487623762376238,1.4996905940594059,0.693069306930693,35.82178217821782
hidden_lattice,hidden_target_logit_effect,strict,16,corrupt,visual_span,shuffled_mask,1.0,,101,101,,,,0.8400371287128713,0.5327970297029703,1.1547029702970297,0.693069306930693,19.07920792079208
hidden_lattice,hidden_target_logit_effect,strict,16,corrupt,visual_span,union_mask,1.0,,101,101,,,,2.0269183168316833,1.563118811881188,2.4823638613861387,0.7821782178217822,31.97029702970297
hidden_lattice,hidden_target_logit_effect,strict,16,restore,answer_adjacent,answer_mask,1.0,,101,101,,,,0.0181485922029703,-0.14310024752475248,0.17129486386138615,0.4752475247524752,172.04950495049505
hidden_lattice,hidden_target_logit_effect,strict,16,restore,answer_adjacent,shifted_mask,1.0,,101,101,,,,-0.21596534653465346,-0.33879950495049505,-0.09498762376237624,0.3465346534653465,-1.683168316831683
hidden_lattice,hidden_target_logit_effect,strict,16,restore,answer_adjacent,shuffled_mask,1.0,,101,101,,,,-0.24474009900990099,-0.3582920792079208,-0.1333539603960396,0.32673267326732675,-0.693069306930693
hidden_lattice,hidden_target_logit_effect,strict,16,restore,answer_adjacent,union_mask,1.0,,101,101,,,,-0.08666508740717822,-0.24628712871287128,0.07178217821782178,0.42574257425742573,51.08910891089109
hidden_lattice,hidden_target_logit_effect,strict,16,restore,top_hidden_delta,answer_mask,1.0,,101,101,,,,1.1582998143564356,0.7749071782178217,1.5827274133663367,0.7920792079207921,673.5445544554456
hidden_lattice,hidden_target_logit_effect,strict,16,restore,top_hidden_delta,shifted_mask,1.0,,101,101,,,,0.48824257425742573,0.25123762376237624,0.755569306930693,0.5643564356435643,31.801980198019802
hidden_lattice,hidden_target_logit_effect,strict,16,restore,top_hidden_delta,shuffled_mask,1.0,,101,101,,,,0.307240099009901,0.0875618811881188,0.5464108910891089,0.5445544554455446,22.356435643564357
hidden_lattice,hidden_target_logit_effect,strict,16,restore,top_hidden_delta,union_mask,1.0,,101,101,,,,0.9780611850247525,0.6209777227722773,1.3942701887376239,0.7623762376237624,432.16831683168317
hidden_lattice,hidden_target_logit_effect,strict,16,restore,visual+answer,answer_mask,1.0,,101,101,,,,2.7701500618811883,2.1484375,3.389696782178218,0.8415841584158416,771.1386138613861
hidden_lattice,hidden_target_logit_effect,strict,16,restore,visual+answer,shifted_mask,1.0,,101,101,,,,1.0114480198019802,0.6172648514851485,1.4461633663366336,0.5643564356435643,37.613861386138616
hidden_lattice,hidden_target_logit_effect,strict,16,restore,visual+answer,shuffled_mask,1.0,,101,101,,,,0.8740717821782178,0.4907178217821782,1.286819306930693,0.6237623762376238,36.04950495049505
hidden_lattice,hidden_target_logit_effect,strict,16,restore,visual+answer,union_mask,1.0,,101,101,,,,2.5860438582920793,1.9820544554455446,3.1840965346534653,0.8118811881188119,505.9504950495049
hidden_lattice,hidden_target_logit_effect,strict,16,restore,visual_span,answer_mask,1.0,,101,101,,,,2.7582379331683167,2.143177599009901,3.3345451732673266,0.8712871287128713,764.2871287128713
hidden_lattice,hidden_target_logit_effect,strict,16,restore,visual_span,shifted_mask,1.0,,101,101,,,,1.2391707920792079,0.8895420792079208,1.6274752475247525,0.7623762376237624,37.633663366336634
hidden_lattice,hidden_target_logit_effect,strict,16,restore,visual_span,shuffled_mask,1.0,,101,101,,,,1.0454826732673268,0.6704826732673267,1.4409034653465347,0.6435643564356436,36.26732673267327
hidden_lattice,hidden_target_logit_effect,strict,16,restore,visual_span,union_mask,1.0,,101,101,,,,2.6958829672029703,2.1021039603960396,3.27357286509901,0.8712871287128713,518.0891089108911
hidden_lattice,hidden_target_logit_effect,strict,17,corrupt,answer_adjacent,answer_mask,1.0,,101,101,,,,-0.17202970297029702,-0.3465346534653465,-0.004331683168316832,0.40594059405940597,0.009900990099009901
hidden_lattice,hidden_target_logit_effect,strict,17,corrupt,answer_adjacent,shifted_mask,1.0,,101,101,,,,-0.3712871287128713,-0.5253712871287128,-0.20915841584158415,0.21782178217821782,-0.1188118811881188
hidden_lattice,hidden_target_logit_effect,strict,17,corrupt,answer_adjacent,shuffled_mask,1.0,,101,101,,,,-0.275990099009901,-0.4344059405940594,-0.11200495049504951,0.297029702970297,-0.039603960396039604
hidden_lattice,hidden_target_logit_effect,strict,17,corrupt,answer_adjacent,union_mask,1.0,,101,101,,,,-0.24566831683168316,-0.43935643564356436,-0.05816831683168317,0.33663366336633666,0.019801980198019802
hidden_lattice,hidden_target_logit_effect,strict,17,corrupt,top_hidden_delta,answer_mask,1.0,,101,101,,,,-0.018564356435643563,-0.14975247524752475,0.12561881188118812,0.43564356435643564,-0.06930693069306931
hidden_lattice,hidden_target_logit_effect,strict,17,corrupt,top_hidden_delta,shifted_mask,1.0,,101,101,,,,-0.0297029702970297,-0.13242574257425743,0.07549504950495049,0.40594059405940597,0.019801980198019802
hidden_lattice,hidden_target_logit_effect,strict,17,corrupt,top_hidden_delta,shuffled_mask,1.0,,101,101,,,,-0.004331683168316832,-0.0891089108910891,0.08044554455445545,0.504950495049505,0.04950495049504951
hidden_lattice,hidden_target_logit_effect,strict,17,corrupt,top_hidden_delta,union_mask,1.0,,101,101,,,,-0.04393564356435643,-0.15346534653465346,0.08353960396039604,0.38613861386138615,-0.0297029702970297
hidden_lattice,hidden_target_logit_effect,strict,17,corrupt,visual+answer,answer_mask,1.0,,101,101,,,,1.9941212871287128,1.4523514851485149,2.5287747524752477,0.7326732673267327,49.01980198019802
hidden_lattice,hidden_target_logit_effect,strict,17,corrupt,visual+answer,shifted_mask,1.0,,101,101,,,,0.8118811881188119,0.41429455445544555,1.2509282178217822,0.49504950495049505,35.742574257425744
hidden_lattice,hidden_target_logit_effect,strict,17,corrupt,visual+answer,shuffled_mask,1.0,,101,101,,,,0.6717202970297029,0.3276608910891089,1.025680693069307,0.6336633663366337,20.475247524752476
hidden_lattice,hidden_target_logit_effect,strict,17,corrupt,visual+answer,union_mask,1.0,,101,101,,,,1.7626856435643565,1.2537128712871286,2.2642326732673266,0.7029702970297029,33.277227722772274
hidden_lattice,hidden_target_logit_effect,strict,17,corrupt,visual_span,answer_mask,1.0,,101,101,,,,2.1477413366336635,1.635674504950495,2.645730198019802,0.7920792079207921,38.17821782178218
hidden_lattice,hidden_target_logit_effect,strict,17,corrupt,visual_span,shifted_mask,1.0,,101,101,,,,1.1126237623762376,0.7676361386138614,1.505569306930693,0.6732673267326733,31.900990099009903
hidden_lattice,hidden_target_logit_effect,strict,17,corrupt,visual_span,shuffled_mask,1.0,,101,101,,,,0.8849009900990099,0.5931311881188119,1.1946163366336633,0.7227722772277227,19.89108910891089
hidden_lattice,hidden_target_logit_effect,strict,17,corrupt,visual_span,union_mask,1.0,,101,101,,,,1.9713799504950495,1.5,2.442141089108911,0.7623762376237624,26.613861386138613
hidden_lattice,hidden_target_logit_effect,strict,17,restore,answer_adjacent,answer_mask,1.0,,101,101,,,,0.13219368811881188,-0.050974628712871284,0.31342821782178215,0.5445544554455446,194.66336633663366
hidden_lattice,hidden_target_logit_effect,strict,17,restore,answer_adjacent,shifted_mask,1.0,,101,101,,,,-0.2020420792079208,-0.34498762376237624,-0.0640470297029703,0.36633663366336633,-1.7425742574257426
hidden_lattice,hidden_target_logit_effect,strict,17,restore,answer_adjacent,shuffled_mask,1.0,,101,101,,,,-0.1593440594059406,-0.2911509900990099,-0.0297029702970297,0.38613861386138615,-0.8217821782178217
hidden_lattice,hidden_target_logit_effect,strict,17,restore,answer_adjacent,union_mask,1.0,,101,101,,,,0.041798808787128716,-0.15463528774752475,0.23457804764851486,0.49504950495049505,61.92079207920792
hidden_lattice,hidden_target_logit_effect,strict,17,restore,top_hidden_delta,answer_mask,1.0,,101,101,,,,1.0159730816831682,0.6584158415841584,1.4156482054455446,0.7623762376237624,700.6732673267327
hidden_lattice,hidden_target_logit_effect,strict,17,restore,top_hidden_delta,shifted_mask,1.0,,101,101,,,,0.4248143564356436,0.21349009900990099,0.6701732673267327,0.5247524752475248,19.91089108910891
hidden_lattice,hidden_target_logit_effect,strict,17,restore,top_hidden_delta,shuffled_mask,1.0,,101,101,,,,0.2626856435643564,0.0823019801980198,0.45235148514851486,0.6039603960396039,21.554455445544555
hidden_lattice,hidden_target_logit_effect,strict,17,restore,top_hidden_delta,union_mask,1.0,,101,101,,,,0.907980739480198,0.5801651454207921,1.3014484065594059,0.7524752475247525,417.58415841584156
hidden_lattice,hidden_target_logit_effect,strict,17,restore,visual+answer,answer_mask,1.0,,101,101,,,,2.816715655940594,2.2144183168316833,3.4170018564356437,0.8613861386138614,776.049504950495
hidden_lattice,hidden_target_logit_effect,strict,17,restore,visual+answer,shifted_mask,1.0,,101,101,,,,1.0430074257425743,0.6494430693069307,1.468131188118812,0.6336633663366337,37.64356435643565
hidden_lattice,hidden_target_logit_effect,strict,17,restore,visual+answer,shuffled_mask,1.0,,101,101,,,,0.916769801980198,0.5167079207920792,1.3307549504950495,0.6534653465346535,36.07920792079208
hidden_lattice,hidden_target_logit_effect,strict,17,restore,visual+answer,union_mask,1.0,,101,101,,,,2.67453395730198,2.0770420792079207,3.269859993811881,0.8217821782178217,517.1188118811881
hidden_lattice,hidden_target_logit_effect,strict,17,restore,visual_span,answer_mask,1.0,,101,101,,,,2.5995126856435644,2.0043316831683167,3.1609684405940595,0.8712871287128713,758.1386138613861
hidden_lattice,hidden_target_logit_effect,strict,17,restore,visual_span,shifted_mask,1.0,,101,101,,,,1.1543935643564356,0.7988861386138614,1.5380569306930694,0.7326732673267327,37.524752475247524
hidden_lattice,hidden_target_logit_effect,strict,17,restore,visual_span,shuffled_mask,1.0,,101,101,,,,0.9990717821782178,0.6639851485148515,1.3604579207920793,0.7326732673267327,35.91089108910891
hidden_lattice,hidden_target_logit_effect,strict,17,restore,visual_span,union_mask,1.0,,101,101,,,,2.505598313737624,1.9303836633663367,3.0677889077970297,0.8514851485148515,493.2970297029703
hidden_lattice,hidden_target_logit_effect,strict,18,corrupt,answer_adjacent,answer_mask,1.0,,101,101,,,,0.30754950495049505,0.0853960396039604,0.5284653465346535,0.5742574257425742,0.9504950495049505
hidden_lattice,hidden_target_logit_effect,strict,18,corrupt,answer_adjacent,shifted_mask,1.0,,101,101,,,,-0.04579207920792079,-0.24628712871287128,0.14665841584158415,0.37623762376237624,0.039603960396039604
hidden_lattice,hidden_target_logit_effect,strict,18,corrupt,answer_adjacent,shuffled_mask,1.0,,101,101,,,,-0.026608910891089108,-0.2141089108910891,0.15841584158415842,0.4752475247524752,0.19801980198019803
hidden_lattice,hidden_target_logit_effect,strict,18,corrupt,answer_adjacent,union_mask,1.0,,101,101,,,,0.25495049504950495,0.038366336633663366,0.47215346534653463,0.5841584158415841,0.594059405940594
hidden_lattice,hidden_target_logit_effect,strict,18,corrupt,top_hidden_delta,answer_mask,1.0,,101,101,,,,-0.022896039603960396,-0.14047029702970298,0.1051980198019802,0.4752475247524752,0.019801980198019802
hidden_lattice,hidden_target_logit_effect,strict,18,corrupt,top_hidden_delta,shifted_mask,1.0,,101,101,,,,-0.038366336633663366,-0.13242574257425743,0.05816831683168317,0.37623762376237624,-0.0594059405940594
hidden_lattice,hidden_target_logit_effect,strict,18,corrupt,top_hidden_delta,shuffled_mask,1.0,,101,101,,,,-0.04888613861386139,-0.1478960396039604,0.0426980198019802,0.40594059405940597,0.04950495049504951
hidden_lattice,hidden_target_logit_effect,strict,18,corrupt,top_hidden_delta,union_mask,1.0,,101,101,,,,-0.003094059405940594,-0.10086633663366337,0.10334158415841584,0.45544554455445546,-0.039603960396039604
hidden_lattice,hidden_target_logit_effect,strict,18,corrupt,visual+answer,answer_mask,1.0,,101,101,,,,2.2998143564356437,1.807549504950495,2.7948638613861387,0.8118811881188119,48.35643564356435
hidden_lattice,hidden_target_logit_effect,strict,18,corrupt,visual+answer,shifted_mask,1.0,,101,101,,,,0.9916460396039604,0.6073638613861386,1.4034653465346534,0.5445544554455446,34.87128712871287
hidden_lattice,hidden_target_logit_effect,strict,18,corrupt,visual+answer,shuffled_mask,1.0,,101,101,,,,0.750309405940594,0.3879950495049505,1.0996287128712872,0.594059405940594,19.93069306930693
hidden_lattice,hidden_target_logit_effect,strict,18,corrupt,visual+answer,union_mask,1.0,,101,101,,,,2.057549504950495,1.5795173267326732,2.534962871287129,0.7623762376237624,35.20792079207921
hidden_lattice,hidden_target_logit_effect,strict,18,corrupt,visual_span,answer_mask,1.0,,101,101,,,,1.9310024752475248,1.4458539603960396,2.4245049504950495,0.7128712871287128,32.26732673267327
hidden_lattice,hidden_target_logit_effect,strict,18,corrupt,visual_span,shifted_mask,1.0,,101,101,,,,0.9733910891089109,0.6584158415841584,1.318688118811881,0.6534653465346535,28.980198019801982
hidden_lattice,hidden_target_logit_effect,strict,18,corrupt,visual_span,shuffled_mask,1.0,,101,101,,,,0.6887376237623762,0.40965346534653463,0.9870049504950495,0.6633663366336634,15.326732673267326
hidden_lattice,hidden_target_logit_effect,strict,18,corrupt,visual_span,union_mask,1.0,,101,101,,,,1.7852722772277227,1.3211633663366336,2.241336633663366,0.7425742574257426,18.89108910891089
hidden_lattice,hidden_target_logit_effect,strict,18,restore,answer_adjacent,answer_mask,1.0,,101,101,,,,0.5102490717821783,0.26067450495049505,0.7724319306930693,0.6633663366336634,387.990099009901
hidden_lattice,hidden_target_logit_effect,strict,18,restore,answer_adjacent,shifted_mask,1.0,,101,101,,,,-0.01051980198019802,-0.18997524752475248,0.15903465346534654,0.40594059405940597,2.702970297029703
hidden_lattice,hidden_target_logit_effect,strict,18,restore,answer_adjacent,shuffled_mask,1.0,,101,101,,,,0.038366336633663366,-0.1448019801980198,0.21844059405940594,0.40594059405940597,4.336633663366337
hidden_lattice,hidden_target_logit_effect,strict,18,restore,answer_adjacent,union_mask,1.0,,101,101,,,,0.32854076423267325,0.08632425742574257,0.5741800742574258,0.5841584158415841,261.64356435643566
hidden_lattice,hidden_target_logit_effect,strict,18,restore,top_hidden_delta,answer_mask,1.0,,101,101,,,,0.8259978341584159,0.4871209777227723,1.1976330445544554,0.6732673267326733,684.4257425742575
hidden_lattice,hidden_target_logit_effect,strict,18,restore,top_hidden_delta,shifted_mask,1.0,,101,101,,,,0.2849628712871287,0.0999381188118812,0.4885519801980198,0.49504950495049505,20.15841584158416
hidden_lattice,hidden_target_logit_effect,strict,18,restore,top_hidden_delta,shuffled_mask,1.0,,101,101,,,,0.1745049504950495,0.012685643564356437,0.35241336633663367,0.4752475247524752,20.554455445544555
hidden_lattice,hidden_target_logit_effect,strict,18,restore,top_hidden_delta,union_mask,1.0,,101,101,,,,0.7583829672029703,0.44096147896039606,1.1231725711633664,0.6831683168316832,415.16831683168317
hidden_lattice,hidden_target_logit_effect,strict,18,restore,visual+answer,answer_mask,1.0,,101,101,,,,3.1255027846534653,2.523128094059406,3.696163366336634,0.8811881188118812,839.3762376237623
hidden_lattice,hidden_target_logit_effect,strict,18,restore,visual+answer,shifted_mask,1.0,,101,101,,,,1.1370668316831682,0.7283415841584159,1.5823019801980198,0.594059405940594,38.00990099009901
hidden_lattice,hidden_target_logit_effect,strict,18,restore,visual+answer,shuffled_mask,1.0,,101,101,,,,1.025061881188119,0.6154084158415841,1.457611386138614,0.6138613861386139,36.801980198019805
hidden_lattice,hidden_target_logit_effect,strict,18,restore,visual+answer,union_mask,1.0,,101,101,,,,2.798296333539604,2.22865099009901,3.3392249381188117,0.8712871287128713,543.6039603960396
hidden_lattice,hidden_target_logit_effect,strict,18,restore,visual_span,answer_mask,1.0,,101,101,,,,2.2409112004950495,1.6815439356435644,2.781559405940594,0.801980198019802,756.7425742574258
hidden_lattice,hidden_target_logit_effect,strict,18,restore,visual_span,shifted_mask,1.0,,101,101,,,,1.0009282178217822,0.681930693069307,1.3496287128712872,0.7029702970297029,37.40594059405941
hidden_lattice,hidden_target_logit_effect,strict,18,restore,visual_span,shuffled_mask,1.0,,101,101,,,,0.8530321782178217,0.530940594059406,1.1949257425742574,0.6831683168316832,35.86138613861386
hidden_lattice,hidden_target_logit_effect,strict,18,restore,visual_span,union_mask,1.0,,101,101,,,,2.2113532642326734,1.6794554455445545,2.7296372215346536,0.8217821782178217,510.6039603960396
hidden_lattice,hidden_target_logit_effect,strict,19,corrupt,answer_adjacent,answer_mask,1.0,,101,101,,,,0.6404702970297029,0.40779702970297027,0.8960396039603961,0.7425742574257426,1.702970297029703
hidden_lattice,hidden_target_logit_effect,strict,19,corrupt,answer_adjacent,shifted_mask,1.0,,101,101,,,,0.22524752475247525,-0.014232673267326733,0.4665841584158416,0.5148514851485149,0.5742574257425742
hidden_lattice,hidden_target_logit_effect,strict,19,corrupt,answer_adjacent,shuffled_mask,1.0,,101,101,,,,0.25866336633663367,0.025371287128712873,0.48886138613861385,0.5148514851485149,0.7425742574257426
hidden_lattice,hidden_target_logit_effect,strict,19,corrupt,answer_adjacent,union_mask,1.0,,101,101,,,,0.5538366336633663,0.3100247524752475,0.8007425742574258,0.6732673267326733,1.8415841584158417
hidden_lattice,hidden_target_logit_effect,strict,19,corrupt,top_hidden_delta,answer_mask,1.0,,101,101,,,,-0.04826732673267327,-0.16522277227722773,0.08849009900990099,0.36633663366336633,-0.019801980198019802
hidden_lattice,hidden_target_logit_effect,strict,19,corrupt,top_hidden_delta,shifted_mask,1.0,,101,101,,,,0.025371287128712873,-0.08601485148514851,0.1417079207920792,0.45544554455445546,0.04950495049504951
hidden_lattice,hidden_target_logit_effect,strict,19,corrupt,top_hidden_delta,shuffled_mask,1.0,,101,101,,,,-0.07549504950495049,-0.16274752475247525,0.011138613861386138,0.38613861386138615,0.0297029702970297
hidden_lattice,hidden_target_logit_effect,strict,19,corrupt,top_hidden_delta,union_mask,1.0,,101,101,,,,0.01547029702970297,-0.08663366336633663,0.13861386138613863,0.44554455445544555,-0.0297029702970297
hidden_lattice,hidden_target_logit_effect,strict,19,corrupt,visual+answer,answer_mask,1.0,,101,101,,,,2.2456683168316833,1.801361386138614,2.7042079207920793,0.8217821782178217,37.76237623762376
hidden_lattice,hidden_target_logit_effect,strict,19,corrupt,visual+answer,shifted_mask,1.0,,101,101,,,,0.9922648514851485,0.6389232673267327,1.3722153465346534,0.5841584158415841,30.08910891089109
hidden_lattice,hidden_target_logit_effect,strict,19,corrupt,visual+answer,shuffled_mask,1.0,,101,101,,,,0.8155940594059405,0.46689356435643564,1.1646039603960396,0.693069306930693,25.08910891089109
hidden_lattice,hidden_target_logit_effect,strict,19,corrupt,visual+answer,union_mask,1.0,,101,101,,,,2.0331064356435644,1.6181930693069306,2.4730816831683167,0.7920792079207921,25.168316831683168
hidden_lattice,hidden_target_logit_effect,strict,19,corrupt,visual_span,answer_mask,1.0,,101,101,,,,1.442450495049505,1.051361386138614,1.8066212871287128,0.7029702970297029,23.198019801980198
hidden_lattice,hidden_target_logit_effect,strict,19,corrupt,visual_span,shifted_mask,1.0,,101,101,,,,0.7905321782178217,0.5198019801980198,1.0804455445544554,0.6831683168316832,26.623762376237625
hidden_lattice,hidden_target_logit_effect,strict,19,corrupt,visual_span,shuffled_mask,1.0,,101,101,,,,0.5702351485148515,0.31961633663366334,0.8159034653465347,0.6831683168316832,22.564356435643564
hidden_lattice,hidden_target_logit_effect,strict,19,corrupt,visual_span,union_mask,1.0,,101,101,,,,1.3898514851485149,1.0309405940594059,1.7484529702970297,0.7227722772277227,10.03960396039604
hidden_lattice,hidden_target_logit_effect,strict,19,restore,answer_adjacent,answer_mask,1.0,,101,101,,,,0.958384900990099,0.657603650990099,1.2703821163366336,0.7722772277227723,680.8118811881188
hidden_lattice,hidden_target_logit_effect,strict,19,restore,answer_adjacent,shifted_mask,1.0,,101,101,,,,0.30538366336633666,0.06311881188118812,0.556930693069307,0.5742574257425742,7.702970297029703
hidden_lattice,hidden_target_logit_effect,strict,19,restore,answer_adjacent,shuffled_mask,1.0,,101,101,,,,0.26175742574257427,0.02568069306930693,0.5095915841584159,0.48514851485148514,9.603960396039604
hidden_lattice,hidden_target_logit_effect,strict,19,restore,answer_adjacent,union_mask,1.0,,101,101,,,,0.7502610612623762,0.46509514232673266,1.0289584622524752,0.7623762376237624,413.1287128712871
hidden_lattice,hidden_target_logit_effect,strict,19,restore,top_hidden_delta,answer_mask,1.0,,101,101,,,,0.777653155940594,0.48886138613861385,1.1031482054455446,0.7425742574257426,619.9306930693069
hidden_lattice,hidden_target_logit_effect,strict,19,restore,top_hidden_delta,shifted_mask,1.0,,101,101,,,,0.3474628712871287,0.15253712871287128,0.5625,0.5346534653465347,33.2970297029703
hidden_lattice,hidden_target_logit_effect,strict,19,restore,top_hidden_delta,shuffled_mask,1.0,,101,101,,,,0.21318069306930693,0.07332920792079207,0.36169554455445546,0.48514851485148514,18.673267326732674
hidden_lattice,hidden_target_logit_effect,strict,19,restore,top_hidden_delta,union_mask,1.0,,101,101,,,,0.8060314820544554,0.5077351485148515,1.1399094987623761,0.7425742574257426,382.2277227722772
hidden_lattice,hidden_target_logit_effect,strict,19,restore,visual+answer,answer_mask,1.0,,101,101,,,,3.2718517945544554,2.6888149752475248,3.834699876237624,0.8514851485148515,859.1683168316831
hidden_lattice,hidden_target_logit_effect,strict,19,restore,visual+answer,shifted_mask,1.0,,101,101,,,,1.2558787128712872,0.8273514851485149,1.7122524752475248,0.6336633663366337,38.524752475247524
hidden_lattice,hidden_target_logit_effect,strict,19,restore,visual+answer,shuffled_mask,1.0,,101,101,,,,1.1729579207920793,0.7465965346534653,1.609529702970297,0.6831683168316832,37.23762376237624
hidden_lattice,hidden_target_logit_effect,strict,19,restore,visual+answer,union_mask,1.0,,101,101,,,,3.037776531559406,2.484558709777228,3.568098313737624,0.8811881188118812,546.1881188118812
hidden_lattice,hidden_target_logit_effect,strict,19,restore,visual_span,answer_mask,1.0,,101,101,,,,1.9844136757425743,1.4960550742574257,2.4771813118811883,0.7821782178217822,758.3465346534654
hidden_lattice,hidden_target_logit_effect,strict,19,restore,visual_span,shifted_mask,1.0,,101,101,,,,0.9074876237623762,0.5968440594059405,1.2379331683168318,0.7425742574257426,36.9009900990099
hidden_lattice,hidden_target_logit_effect,strict,19,restore,visual_span,shuffled_mask,1.0,,101,101,,,,0.6939975247524752,0.3994430693069307,1.0114480198019802,0.6831683168316832,35.40594059405941
hidden_lattice,hidden_target_logit_effect,strict,19,restore,visual_span,union_mask,1.0,,101,101,,,,1.906897818688119,1.44740099009901,2.3753384127475248,0.8118811881188119,498.8811881188119
hidden_lattice,hidden_target_logit_effect,strict,2,corrupt,answer_adjacent,answer_mask,1.0,,101,101,,,,-0.028465346534653466,-0.13551980198019803,0.07735148514851485,0.45544554455445546,0.07920792079207921
hidden_lattice,hidden_target_logit_effect,strict,2,corrupt,answer_adjacent,shifted_mask,1.0,,101,101,,,,-0.029084158415841586,-0.12376237623762376,0.06683168316831684,0.4158415841584158,-0.019801980198019802
hidden_lattice,hidden_target_logit_effect,strict,2,corrupt,answer_adjacent,shuffled_mask,1.0,,101,101,,,,-0.04888613861386139,-0.13613861386138615,0.03712871287128713,0.3564356435643564,-0.1782178217821782
hidden_lattice,hidden_target_logit_effect,strict,2,corrupt,answer_adjacent,union_mask,1.0,,101,101,,,,0.03589108910891089,-0.06435643564356436,0.14232673267326731,0.49504950495049505,0.0297029702970297
hidden_lattice,hidden_target_logit_effect,strict,2,corrupt,top_hidden_delta,answer_mask,1.0,,101,101,,,,0.05631188118811881,-0.09405940594059406,0.21905940594059406,0.48514851485148514,0.7029702970297029
hidden_lattice,hidden_target_logit_effect,strict,2,corrupt,top_hidden_delta,shifted_mask,1.0,,101,101,,,,-0.11076732673267327,-0.23452970297029702,0.01547029702970297,0.38613861386138615,-0.09900990099009901
hidden_lattice,hidden_target_logit_effect,strict,2,corrupt,top_hidden_delta,shuffled_mask,1.0,,101,101,,,,-0.06126237623762376,-0.1751237623762376,0.06002475247524752,0.43564356435643564,0.0594059405940594
hidden_lattice,hidden_target_logit_effect,strict,2,corrupt,top_hidden_delta,union_mask,1.0,,101,101,,,,-0.008663366336633664,-0.1417079207920792,0.12933168316831684,0.46534653465346537,0.2376237623762376
hidden_lattice,hidden_target_logit_effect,strict,2,corrupt,visual+answer,answer_mask,1.0,,101,101,,,,4.255105198019802,3.5688428217821784,4.890470297029703,0.9207920792079208,839.9108910891089
hidden_lattice,hidden_target_logit_effect,strict,2,corrupt,visual+answer,shifted_mask,1.0,,101,101,,,,1.7469059405940595,1.2676361386138615,2.2255569306930694,0.6732673267326733,42.504950495049506
hidden_lattice,hidden_target_logit_effect,strict,2,corrupt,visual+answer,shuffled_mask,1.0,,101,101,,,,1.6107673267326732,1.1116955445544554,2.108910891089109,0.7227722772277227,38.04950495049505
hidden_lattice,hidden_target_logit_effect,strict,2,corrupt,visual+answer,union_mask,1.0,,101,101,,,,4.056157178217822,3.4043935643564356,4.6758972772277225,0.9207920792079208,515.2772277227723
hidden_lattice,hidden_target_logit_effect,strict,2,corrupt,visual_span,answer_mask,1.0,,101,101,,,,4.256458849009901,3.5674118193069306,4.902807858910891,0.9306930693069307,856.039603960396
hidden_lattice,hidden_target_logit_effect,strict,2,corrupt,visual_span,shifted_mask,1.0,,101,101,,,,1.775990099009901,1.3115717821782178,2.250928217821782,0.7128712871287128,42.07920792079208
hidden_lattice,hidden_target_logit_effect,strict,2,corrupt,visual_span,shuffled_mask,1.0,,101,101,,,,1.5872524752475248,1.0878712871287128,2.0754950495049505,0.7128712871287128,38.79207920792079
hidden_lattice,hidden_target_logit_effect,strict,2,corrupt,visual_span,union_mask,1.0,,101,101,,,,4.036741955445544,3.389696782178218,4.664487933168317,0.9207920792079208,498.5049504950495
hidden_lattice,hidden_target_logit_effect,strict,2,restore,answer_adjacent,answer_mask,1.0,,101,101,,,,0.0721302599009901,-0.010403774752475248,0.15938273514851486,0.5148514851485149,45.960396039603964
hidden_lattice,hidden_target_logit_effect,strict,2,restore,answer_adjacent,shifted_mask,1.0,,101,101,,,,0.034653465346534656,-0.03372524752475248,0.10736386138613861,0.504950495049505,1.7326732673267327
hidden_lattice,hidden_target_logit_effect,strict,2,restore,answer_adjacent,shuffled_mask,1.0,,101,101,,,,0.02073019801980198,-0.05012376237623763,0.09282178217821782,0.5445544554455446,-1.3564356435643565
hidden_lattice,hidden_target_logit_effect,strict,2,restore,answer_adjacent,union_mask,1.0,,101,101,,,,0.003677821395420792,-0.08697811919863861,0.08688505569306931,0.46534653465346537,-2.6534653465346536
hidden_lattice,hidden_target_logit_effect,strict,2,restore,top_hidden_delta,answer_mask,1.0,,101,101,,,,3.6994508044554455,3.0579749381188117,4.31694771039604,0.9108910891089109,862.049504950495
hidden_lattice,hidden_target_logit_effect,strict,2,restore,top_hidden_delta,shifted_mask,1.0,,101,101,,,,1.2379331683168318,0.8428217821782178,1.6587252475247525,0.6831683168316832,37.40594059405941
hidden_lattice,hidden_target_logit_effect,strict,2,restore,top_hidden_delta,shuffled_mask,1.0,,101,101,,,,1.0869430693069306,0.7091584158415841,1.5040222772277227,0.693069306930693,36.53465346534654
hidden_lattice,hidden_target_logit_effect,strict,2,restore,top_hidden_delta,union_mask,1.0,,101,101,,,,3.277256729579208,2.65625,3.8960686107673266,0.9108910891089109,546.1188118811881
hidden_lattice,hidden_target_logit_effect,strict,2,restore,visual+answer,answer_mask,1.0,,101,101,,,,4.274327042079208,3.5583616955445545,4.950611076732673,0.8910891089108911,863.2376237623762
hidden_lattice,hidden_target_logit_effect,strict,2,restore,visual+answer,shifted_mask,1.0,,101,101,,,,1.7564975247524752,1.2419554455445545,2.260519801980198,0.7128712871287128,38.79207920792079
hidden_lattice,hidden_target_logit_effect,strict,2,restore,visual+answer,shuffled_mask,1.0,,101,101,,,,1.6599628712871286,1.1426361386138615,2.176361386138614,0.7029702970297029,37.693069306930695
hidden_lattice,hidden_target_logit_effect,strict,2,restore,visual+answer,union_mask,1.0,,101,101,,,,4.120078511757426,3.443098313737624,4.768593363242574,0.9108910891089109,548.5049504950495
hidden_lattice,hidden_target_logit_effect,strict,2,restore,visual_span,answer_mask,1.0,,101,101,,,,4.308361695544554,3.610573948019802,4.9684019183168315,0.900990099009901,863.2970297029703
hidden_lattice,hidden_target_logit_effect,strict,2,restore,visual_span,shifted_mask,1.0,,101,101,,,,1.7156559405940595,1.2094678217821782,2.2202970297029703,0.6831683168316832,38.81188118811881
hidden_lattice,hidden_target_logit_effect,strict,2,restore,visual_span,shuffled_mask,1.0,,101,101,,,,1.6116955445544554,1.1017945544554455,2.116027227722772,0.6732673267326733,37.65346534653465
hidden_lattice,hidden_target_logit_effect,strict,2,restore,visual_span,union_mask,1.0,,101,101,,,,4.1206973236386135,3.430074257425743,4.7587213799504955,0.9207920792079208,548.4752475247525
hidden_lattice,hidden_target_logit_effect,strict,20,corrupt,answer_adjacent,answer_mask,1.0,,101,101,,,,1.5946782178217822,1.2311262376237624,1.964418316831683,0.8415841584158416,49.495049504950494
hidden_lattice,hidden_target_logit_effect,strict,20,corrupt,answer_adjacent,shifted_mask,1.0,,101,101,,,,0.6577970297029703,0.3657178217821782,0.9702970297029703,0.6039603960396039,1.6237623762376239
hidden_lattice,hidden_target_logit_effect,strict,20,corrupt,answer_adjacent,shuffled_mask,1.0,,101,101,,,,0.6893564356435643,0.3910891089108911,0.9975247524752475,0.6138613861386139,1.801980198019802
hidden_lattice,hidden_target_logit_effect,strict,20,corrupt,answer_adjacent,union_mask,1.0,,101,101,,,,1.4811262376237624,1.1333539603960396,1.8267326732673268,0.8415841584158416,17.316831683168317
hidden_lattice,hidden_target_logit_effect,strict,20,corrupt,top_hidden_delta,answer_mask,1.0,,101,101,,,,0.0724009900990099,-0.04146039603960396,0.1905940594059406,0.5643564356435643,0.0891089108910891
hidden_lattice,hidden_target_logit_effect,strict,20,corrupt,top_hidden_delta,shifted_mask,1.0,,101,101,,,,-0.017326732673267328,-0.12438118811881188,0.10829207920792079,0.42574257425742573,-0.07920792079207921
hidden_lattice,hidden_target_logit_effect,strict,20,corrupt,top_hidden_delta,shuffled_mask,1.0,,101,101,,,,0.008663366336633664,-0.08725247524752475,0.11262376237623763,0.48514851485148514,0.09900990099009901
hidden_lattice,hidden_target_logit_effect,strict,20,corrupt,top_hidden_delta,union_mask,1.0,,101,101,,,,0.10581683168316831,0.012376237623762377,0.21782178217821782,0.504950495049505,-0.0297029702970297
hidden_lattice,hidden_target_logit_effect,strict,20,corrupt,visual+answer,answer_mask,1.0,,101,101,,,,3.0841584158415842,2.577970297029703,3.5792079207920793,0.8712871287128713,115.38613861386139
hidden_lattice,hidden_target_logit_effect,strict,20,corrupt,visual+answer,shifted_mask,1.0,,101,101,,,,1.306311881188119,0.8969678217821783,1.734220297029703,0.6237623762376238,30.73267326732673
hidden_lattice,hidden_target_logit_effect,strict,20,corrupt,visual+answer,shuffled_mask,1.0,,101,101,,,,1.186881188118812,0.7753712871287128,1.588490099009901,0.6534653465346535,24.831683168316832
hidden_lattice,hidden_target_logit_effect,strict,20,corrupt,visual+answer,union_mask,1.0,,101,101,,,,2.776299504950495,2.3205445544554455,3.2332920792079207,0.8811881188118812,65.72277227722772
hidden_lattice,hidden_target_logit_effect,strict,20,corrupt,visual_span,answer_mask,1.0,,101,101,,,,1.4706064356435644,1.0792079207920793,1.8446782178217822,0.7326732673267327,24.88118811881188
hidden_lattice,hidden_target_logit_effect,strict,20,corrupt,visual_span,shifted_mask,1.0,,101,101,,,,0.6720297029702971,0.39542079207920794,0.9597772277227723,0.6336633663366337,27.08910891089109
hidden_lattice,hidden_target_logit_effect,strict,20,corrupt,visual_span,shuffled_mask,1.0,,101,101,,,,0.4938118811881188,0.27784653465346537,0.7258663366336634,0.6831683168316832,16.861386138613863
hidden_lattice,hidden_target_logit_effect,strict,20,corrupt,visual_span,union_mask,1.0,,101,101,,,,1.3920173267326732,1.030631188118812,1.7564975247524752,0.7128712871287128,12.237623762376238
hidden_lattice,hidden_target_logit_effect,strict,20,restore,answer_adjacent,answer_mask,1.0,,101,101,,,,1.5241723391089108,1.0936726485148516,1.9593517945544554,0.7821782178217822,783.3366336633663
hidden_lattice,hidden_target_logit_effect,strict,20,restore,answer_adjacent,shifted_mask,1.0,,101,101,,,,0.7011138613861386,0.37035891089108913,1.0482673267326732,0.6039603960396039,13.297029702970297
hidden_lattice,hidden_target_logit_effect,strict,20,restore,answer_adjacent,shuffled_mask,1.0,,101,101,,,,0.6215965346534653,0.2781559405940594,0.9696782178217822,0.5643564356435643,14.633663366336634
hidden_lattice,hidden_target_logit_effect,strict,20,restore,answer_adjacent,union_mask,1.0,,101,101,,,,1.3530611850247525,0.9667678681930693,1.7472443533415842,0.8316831683168316,477.16831683168317
hidden_lattice,hidden_target_logit_effect,strict,20,restore,top_hidden_delta,answer_mask,1.0,,101,101,,,,0.8362855816831684,0.5293548886138614,1.1671952351485149,0.6732673267326733,643.3465346534654
hidden_lattice,hidden_target_logit_effect,strict,20,restore,top_hidden_delta,shifted_mask,1.0,,101,101,,,,0.3728341584158416,0.1751237623762376,0.5956064356435643,0.5643564356435643,34.148514851485146
hidden_lattice,hidden_target_logit_effect,strict,20,restore,top_hidden_delta,shuffled_mask,1.0,,101,101,,,,0.18688118811881188,0.024752475247524754,0.3536509900990099,0.48514851485148514,18.524752475247524
hidden_lattice,hidden_target_logit_effect,strict,20,restore,top_hidden_delta,union_mask,1.0,,101,101,,,,0.9038037592821783,0.6225247524752475,1.229424504950495,0.7524752475247525,394.51485148514854
hidden_lattice,hidden_target_logit_effect,strict,20,restore,visual+answer,answer_mask,1.0,,101,101,,,,3.8492032797029703,3.187654702970297,4.468982054455446,0.900990099009901,862.7821782178218
hidden_lattice,hidden_target_logit_effect,strict,20,restore,visual+answer,shifted_mask,1.0,,101,101,,,,1.588799504950495,1.1030321782178218,2.0655940594059405,0.6732673267326733,38.76237623762376
hidden_lattice,hidden_target_logit_effect,strict,20,restore,visual+answer,shuffled_mask,1.0,,101,101,,,,1.410581683168317,0.9034653465346535,1.8941831683168318,0.6534653465346535,37.603960396039604
hidden_lattice,hidden_target_logit_effect,strict,20,restore,visual+answer,union_mask,1.0,,101,101,,,,3.594707224628713,2.9762047493811883,4.187838412747524,0.9108910891089109,547.8712871287129
hidden_lattice,hidden_target_logit_effect,strict,20,restore,visual_span,answer_mask,1.0,,101,101,,,,1.8665300123762376,1.3986695544554455,2.3622756806930694,0.801980198019802,771.5049504950495
hidden_lattice,hidden_target_logit_effect,strict,20,restore,visual_span,shifted_mask,1.0,,101,101,,,,0.770730198019802,0.4551361386138614,1.1021039603960396,0.594059405940594,36.7029702970297
hidden_lattice,hidden_target_logit_effect,strict,20,restore,visual_span,shuffled_mask,1.0,,101,101,,,,0.5980816831683168,0.31373762376237624,0.8966584158415841,0.594059405940594,35.13861386138614
hidden_lattice,hidden_target_logit_effect,strict,20,restore,visual_span,union_mask,1.0,,101,101,,,,1.740746828589109,1.3063408879950495,2.1902846534653464,0.801980198019802,497.54455445544556
hidden_lattice,hidden_target_logit_effect,strict,21,corrupt,answer_adjacent,answer_mask,1.0,,101,101,,,,1.9783415841584158,1.5841584158415842,2.370049504950495,0.8910891089108911,87.07920792079207
hidden_lattice,hidden_target_logit_effect,strict,21,corrupt,answer_adjacent,shifted_mask,1.0,,101,101,,,,0.781559405940594,0.4777227722772277,1.0952970297029703,0.6138613861386139,1.9504950495049505
hidden_lattice,hidden_target_logit_effect,strict,21,corrupt,answer_adjacent,shuffled_mask,1.0,,101,101,,,,0.7784653465346535,0.45173267326732675,1.109529702970297,0.6237623762376238,2.0594059405940595
hidden_lattice,hidden_target_logit_effect,strict,21,corrupt,answer_adjacent,union_mask,1.0,,101,101,,,,1.849938118811881,1.4706064356435644,2.227722772277228,0.8514851485148515,32.584158415841586
hidden_lattice,hidden_target_logit_effect,strict,21,corrupt,top_hidden_delta,answer_mask,1.0,,101,101,,,,0.008044554455445545,-0.09405940594059406,0.11138613861386139,0.504950495049505,-0.04950495049504951
hidden_lattice,hidden_target_logit_effect,strict,21,corrupt,top_hidden_delta,shifted_mask,1.0,,101,101,,,,0.013613861386138614,-0.09715346534653466,0.12438118811881188,0.45544554455445546,0.0297029702970297
hidden_lattice,hidden_target_logit_effect,strict,21,corrupt,top_hidden_delta,shuffled_mask,1.0,,101,101,,,,0.006188118811881188,-0.08168316831683169,0.10457920792079207,0.46534653465346537,0.0891089108910891
hidden_lattice,hidden_target_logit_effect,strict,21,corrupt,top_hidden_delta,union_mask,1.0,,101,101,,,,0.008663366336633664,-0.07920792079207921,0.10643564356435643,0.48514851485148514,-0.06930693069306931
hidden_lattice,hidden_target_logit_effect,strict,21,corrupt,visual+answer,answer_mask,1.0,,101,101,,,,2.8480816831683167,2.3886138613861387,3.28125,0.8910891089108911,99.56435643564356
hidden_lattice,hidden_target_logit_effect,strict,21,corrupt,visual+answer,shifted_mask,1.0,,101,101,,,,1.2694925742574257,0.9047029702970297,1.65625,0.6336633663366337,17.861386138613863
hidden_lattice,hidden_target_logit_effect,strict,21,corrupt,visual+answer,shuffled_mask,1.0,,101,101,,,,1.156868811881188,0.7623762376237624,1.5541460396039604,0.6732673267326733,8.564356435643564
hidden_lattice,hidden_target_logit_effect,strict,21,corrupt,visual+answer,union_mask,1.0,,101,101,,,,2.606126237623762,2.168626237623762,3.041460396039604,0.8712871287128713,48.415841584158414
hidden_lattice,hidden_target_logit_effect,strict,21,corrupt,visual_span,answer_mask,1.0,,101,101,,,,0.6086014851485149,0.380259900990099,0.8480816831683168,0.6633663366336634,3.108910891089109
hidden_lattice,hidden_target_logit_effect,strict,21,corrupt,visual_span,shifted_mask,1.0,,101,101,,,,0.3849009900990099,0.18626237623762376,0.6070544554455446,0.6039603960396039,3.237623762376238
hidden_lattice,hidden_target_logit_effect,strict,21,corrupt,visual_span,shuffled_mask,1.0,,101,101,,,,0.34405940594059403,0.14913366336633663,0.5538366336633663,0.6336633663366337,1.504950495049505
hidden_lattice,hidden_target_logit_effect,strict,21,corrupt,visual_span,union_mask,1.0,,101,101,,,,0.5587871287128713,0.3307549504950495,0.8063118811881188,0.6831683168316832,1.4158415841584158
hidden_lattice,hidden_target_logit_effect,strict,21,restore,answer_adjacent,answer_mask,1.0,,101,101,,,,2.8553913985148514,2.281404702970297,3.3871441831683167,0.8811881188118812,853.9702970297029
hidden_lattice,hidden_target_logit_effect,strict,21,restore,answer_adjacent,shifted_mask,1.0,,101,101,,,,1.10365099009901,0.6890470297029703,1.5426980198019802,0.693069306930693,31.821782178217823
hidden_lattice,hidden_target_logit_effect,strict,21,restore,answer_adjacent,shuffled_mask,1.0,,101,101,,,,1.0293935643564356,0.5835396039603961,1.474319306930693,0.594059405940594,32.53465346534654
hidden_lattice,hidden_target_logit_effect,strict,21,restore,answer_adjacent,union_mask,1.0,,101,101,,,,2.642046333539604,2.107673267326733,3.138362469059406,0.8910891089108911,540.990099009901
hidden_lattice,hidden_target_logit_effect,strict,21,restore,top_hidden_delta,answer_mask,1.0,,101,101,,,,0.7408821936881188,0.5021658415841584,1.015160891089109,0.7524752475247525,325.83168316831683
hidden_lattice,hidden_target_logit_effect,strict,21,restore,top_hidden_delta,shifted_mask,1.0,,101,101,,,,0.2840346534653465,0.11293316831683169,0.4591584158415842,0.46534653465346537,32.386138613861384
hidden_lattice,hidden_target_logit_effect,strict,21,restore,top_hidden_delta,shuffled_mask,1.0,,101,101,,,,0.21472772277227722,0.08013613861386139,0.36107673267326734,0.5445544554455446,29.178217821782177
hidden_lattice,hidden_target_logit_effect,strict,21,restore,top_hidden_delta,union_mask,1.0,,101,101,,,,0.7318514077970297,0.4707127939356436,1.025787051361386,0.6633663366336634,246.01980198019803
hidden_lattice,hidden_target_logit_effect,strict,21,restore,visual+answer,answer_mask,1.0,,101,101,,,,3.906133972772277,3.244121287128713,4.533183787128713,0.8712871287128713,862.6831683168317
hidden_lattice,hidden_target_logit_effect,strict,21,restore,visual+answer,shifted_mask,1.0,,101,101,,,,1.6413985148514851,1.1649133663366336,2.125928217821782,0.693069306930693,38.67326732673267
hidden_lattice,hidden_target_logit_effect,strict,21,restore,visual+answer,shuffled_mask,1.0,,101,101,,,,1.4198638613861385,0.9232673267326733,1.9050123762376239,0.6435643564356436,37.78217821782178
hidden_lattice,hidden_target_logit_effect,strict,21,restore,visual+answer,union_mask,1.0,,101,101,,,,3.739509204826733,3.100672957920792,4.3465636602722775,0.900990099009901,548.0
hidden_lattice,hidden_target_logit_effect,strict,21,restore,visual_span,answer_mask,1.0,,101,101,,,,1.539487933168317,1.162399443069307,1.9617496905940595,0.8316831683168316,645.5049504950495
hidden_lattice,hidden_target_logit_effect,strict,21,restore,visual_span,shifted_mask,1.0,,101,101,,,,0.692759900990099,0.4306930693069307,0.9585396039603961,0.6435643564356436,36.06930693069307
hidden_lattice,hidden_target_logit_effect,strict,21,restore,visual_span,shuffled_mask,1.0,,101,101,,,,0.5473391089108911,0.29176980198019803,0.8211633663366337,0.6435643564356436,34.73267326732673
hidden_lattice,hidden_target_logit_effect,strict,21,restore,visual_span,union_mask,1.0,,101,101,,,,1.433816135519802,1.0542040532178218,1.8391089108910892,0.8217821782178217,438.9009900990099
hidden_lattice,hidden_target_logit_effect,strict,22,corrupt,answer_adjacent,answer_mask,1.0,,101,101,,,,2.281095297029703,1.8746905940594059,2.6913675742574257,0.9108910891089109,160.43564356435644
hidden_lattice,hidden_target_logit_effect,strict,22,corrupt,answer_adjacent,shifted_mask,1.0,,101,101,,,,0.8960396039603961,0.5866336633663366,1.2159653465346534,0.6732673267326733,2.1584158415841586
hidden_lattice,hidden_target_logit_effect,strict,22,corrupt,answer_adjacent,shuffled_mask,1.0,,101,101,,,,0.875,0.5167079207920792,1.2431930693069306,0.6732673267326733,2.128712871287129
hidden_lattice,hidden_target_logit_effect,strict,22,corrupt,answer_adjacent,union_mask,1.0,,101,101,,,,2.083230198019802,1.661819306930693,2.5043316831683167,0.8811881188118812,54.78217821782178
hidden_lattice,hidden_target_logit_effect,strict,22,corrupt,top_hidden_delta,answer_mask,1.0,,101,101,,,,0.006188118811881188,-0.10457920792079207,0.11571782178217822,0.48514851485148514,-0.0297029702970297
hidden_lattice,hidden_target_logit_effect,strict,22,corrupt,top_hidden_delta,shifted_mask,1.0,,101,101,,,,0.02042079207920792,-0.09653465346534654,0.12623762376237624,0.46534653465346537,0.07920792079207921
hidden_lattice,hidden_target_logit_effect,strict,22,corrupt,top_hidden_delta,shuffled_mask,1.0,,101,101,,,,-0.024752475247524754,-0.10024752475247525,0.054455445544554455,0.40594059405940597,-0.0594059405940594
hidden_lattice,hidden_target_logit_effect,strict,22,corrupt,top_hidden_delta,union_mask,1.0,,101,101,,,,-0.0049504950495049506,-0.09715346534653466,0.09777227722772278,0.39603960396039606,0.09900990099009901
hidden_lattice,hidden_target_logit_effect,strict,22,corrupt,visual+answer,answer_mask,1.0,,101,101,,,,3.13490099009901,2.6618193069306932,3.604269801980198,0.8910891089108911,204.62376237623764
hidden_lattice,hidden_target_logit_effect,strict,22,corrupt,visual+answer,shifted_mask,1.0,,101,101,,,,1.364789603960396,0.9811262376237624,1.775061881188119,0.6831683168316832,18.376237623762375
hidden_lattice,hidden_target_logit_effect,strict,22,corrupt,visual+answer,shuffled_mask,1.0,,101,101,,,,1.2852722772277227,0.8589108910891089,1.7066831683168318,0.6831683168316832,10.722772277227723
hidden_lattice,hidden_target_logit_effect,strict,22,corrupt,visual+answer,union_mask,1.0,,101,101,,,,2.860612623762376,2.4037747524752477,3.313737623762376,0.8910891089108911,86.62376237623762
hidden_lattice,hidden_target_logit_effect,strict,22,corrupt,visual_span,answer_mask,1.0,,101,101,,,,0.5074257425742574,0.3056930693069307,0.7258663366336634,0.6435643564356436,2.00990099009901
hidden_lattice,hidden_target_logit_effect,strict,22,corrupt,visual_span,shifted_mask,1.0,,101,101,,,,0.3285891089108911,0.16212871287128713,0.5179455445544554,0.5643564356435643,1.6732673267326732
hidden_lattice,hidden_target_logit_effect,strict,22,corrupt,visual_span,shuffled_mask,1.0,,101,101,,,,0.3323019801980198,0.16955445544554457,0.5173267326732673,0.594059405940594,1.3465346534653466
hidden_lattice,hidden_target_logit_effect,strict,22,corrupt,visual_span,union_mask,1.0,,101,101,,,,0.5402227722772277,0.3465346534653465,0.7332920792079208,0.6633663366336634,1.5247524752475248
hidden_lattice,hidden_target_logit_effect,strict,22,restore,answer_adjacent,answer_mask,1.0,,101,101,,,,3.210280012376238,2.6381110767326734,3.7552985767326734,0.9108910891089109,858.7623762376238
hidden_lattice,hidden_target_logit_effect,strict,22,restore,answer_adjacent,shifted_mask,1.0,,101,101,,,,1.1946163366336633,0.7521658415841584,1.6528465346534653,0.6435643564356436,35.366336633663366
hidden_lattice,hidden_target_logit_effect,strict,22,restore,answer_adjacent,shuffled_mask,1.0,,101,101,,,,1.1120049504950495,0.6383044554455446,1.5745668316831682,0.6534653465346535,35.06930693069307
hidden_lattice,hidden_target_logit_effect,strict,22,restore,answer_adjacent,union_mask,1.0,,101,101,,,,3.0046700959158414,2.4405940594059405,3.537496132425743,0.9207920792079208,544.2178217821782
hidden_lattice,hidden_target_logit_effect,strict,22,restore,top_hidden_delta,answer_mask,1.0,,101,101,,,,0.6166943842821783,0.38228070853960394,0.890557317450495,0.7029702970297029,338.5940594059406
hidden_lattice,hidden_target_logit_effect,strict,22,restore,top_hidden_delta,shifted_mask,1.0,,101,101,,,,0.24504950495049505,0.10581683168316831,0.3910891089108911,0.5445544554455446,30.653465346534652
hidden_lattice,hidden_target_logit_effect,strict,22,restore,top_hidden_delta,shuffled_mask,1.0,,101,101,,,,0.14913366336633663,0.027537128712871287,0.2806311881188119,0.5643564356435643,26.554455445544555
hidden_lattice,hidden_target_logit_effect,strict,22,restore,top_hidden_delta,union_mask,1.0,,101,101,,,,0.6771639077970297,0.4495668316831683,0.9446066676980198,0.6534653465346535,234.14851485148515
hidden_lattice,hidden_target_logit_effect,strict,22,restore,visual+answer,answer_mask,1.0,,101,101,,,,3.9655399133663365,3.3164449257425743,4.590733292079208,0.8910891089108911,862.950495049505
hidden_lattice,hidden_target_logit_effect,strict,22,restore,visual+answer,shifted_mask,1.0,,101,101,,,,1.619740099009901,1.1383044554455446,2.106126237623762,0.693069306930693,38.78217821782178
hidden_lattice,hidden_target_logit_effect,strict,22,restore,visual+answer,shuffled_mask,1.0,,101,101,,,,1.4514232673267327,0.9316212871287128,1.95884900990099,0.6732673267326733,37.78217821782178
hidden_lattice,hidden_target_logit_effect,strict,22,restore,visual+answer,union_mask,1.0,,101,101,,,,3.7060933632425743,3.066212871287129,4.3233582147277225,0.9108910891089109,548.0990099009902
hidden_lattice,hidden_target_logit_effect,strict,22,restore,visual_span,answer_mask,1.0,,101,101,,,,1.3154006806930694,0.9719600866336634,1.7027769183168318,0.7821782178217822,585.2772277227723
hidden_lattice,hidden_target_logit_effect,strict,22,restore,visual_span,shifted_mask,1.0,,101,101,,,,0.6178836633663366,0.37592821782178215,0.8790222772277227,0.6039603960396039,36.04950495049505
hidden_lattice,hidden_target_logit_effect,strict,22,restore,visual_span,shuffled_mask,1.0,,101,101,,,,0.46132425742574257,0.22462871287128713,0.7196782178217822,0.5742574257425742,34.7029702970297
hidden_lattice,hidden_target_logit_effect,strict,22,restore,visual_span,union_mask,1.0,,101,101,,,,1.2520401454207921,0.9185295482673267,1.623201577970297,0.801980198019802,419.33663366336634
hidden_lattice,hidden_target_logit_effect,strict,23,corrupt,answer_adjacent,answer_mask,1.0,,101,101,,,,2.79269801980198,2.3304455445544554,3.2506188118811883,0.9108910891089109,144.53465346534654
hidden_lattice,hidden_target_logit_effect,strict,23,corrupt,answer_adjacent,shifted_mask,1.0,,101,101,,,,1.2332920792079207,0.885519801980198,1.5860148514851484,0.693069306930693,4.782178217821782
hidden_lattice,hidden_target_logit_effect,strict,23,corrupt,answer_adjacent,shuffled_mask,1.0,,101,101,,,,1.057549504950495,0.6794554455445545,1.4282178217821782,0.7029702970297029,3.8415841584158414
hidden_lattice,hidden_target_logit_effect,strict,23,corrupt,answer_adjacent,union_mask,1.0,,101,101,,,,2.588799504950495,2.1420173267326734,3.023824257425743,0.9108910891089109,65.70297029702971
hidden_lattice,hidden_target_logit_effect,strict,23,corrupt,top_hidden_delta,answer_mask,1.0,,101,101,,,,-0.07920792079207921,-0.21905940594059406,0.04764851485148515,0.4158415841584158,0.0297029702970297
hidden_lattice,hidden_target_logit_effect,strict,23,corrupt,top_hidden_delta,shifted_mask,1.0,,101,101,,,,0.04950495049504951,-0.050742574257425746,0.1608910891089109,0.46534653465346537,0.13861386138613863
hidden_lattice,hidden_target_logit_effect,strict,23,corrupt,top_hidden_delta,shuffled_mask,1.0,,101,101,,,,0.05198019801980198,-0.0426980198019802,0.15655940594059406,0.42574257425742573,0.06930693069306931
hidden_lattice,hidden_target_logit_effect,strict,23,corrupt,top_hidden_delta,union_mask,1.0,,101,101,,,,-0.0049504950495049506,-0.15346534653465346,0.1311881188118812,0.48514851485148514,0.22772277227722773
hidden_lattice,hidden_target_logit_effect,strict,23,corrupt,visual+answer,answer_mask,1.0,,101,101,,,,3.453125,2.9344059405940595,3.9574566831683167,0.9207920792079208,190.88118811881188
hidden_lattice,hidden_target_logit_effect,strict,23,corrupt,visual+answer,shifted_mask,1.0,,101,101,,,,1.4969059405940595,1.0974628712871286,1.9195544554455446,0.6831683168316832,24.138613861386137
hidden_lattice,hidden_target_logit_effect,strict,23,corrupt,visual+answer,shuffled_mask,1.0,,101,101,,,,1.3978960396039604,0.9483292079207921,1.8304455445544554,0.693069306930693,23.900990099009903
hidden_lattice,hidden_target_logit_effect,strict,23,corrupt,visual+answer,union_mask,1.0,,101,101,,,,3.258972772277228,2.7465965346534653,3.7506188118811883,0.900990099009901,100.20792079207921
hidden_lattice,hidden_target_logit_effect,strict,23,corrupt,visual_span,answer_mask,1.0,,101,101,,,,0.3496287128712871,0.2073019801980198,0.5068069306930693,0.6534653465346535,0.5247524752475248
hidden_lattice,hidden_target_logit_effect,strict,23,corrupt,visual_span,shifted_mask,1.0,,101,101,,,,0.17017326732673269,0.05631188118811881,0.2939356435643564,0.48514851485148514,0.31683168316831684
hidden_lattice,hidden_target_logit_effect,strict,23,corrupt,visual_span,shuffled_mask,1.0,,101,101,,,,0.1813118811881188,0.04950495049504951,0.33353960396039606,0.49504950495049505,0.38613861386138615
hidden_lattice,hidden_target_logit_effect,strict,23,corrupt,visual_span,union_mask,1.0,,101,101,,,,0.4003712871287129,0.25804455445544555,0.5507425742574258,0.6831683168316832,0.5841584158415841
hidden_lattice,hidden_target_logit_effect,strict,23,restore,answer_adjacent,answer_mask,1.0,,101,101,,,,3.659228032178218,3.015315594059406,4.275371287128713,0.9207920792079208,861.990099009901
hidden_lattice,hidden_target_logit_effect,strict,23,restore,answer_adjacent,shifted_mask,1.0,,101,101,,,,1.462561881188119,0.9882425742574258,1.953279702970297,0.7029702970297029,38.20792079207921
hidden_lattice,hidden_target_logit_effect,strict,23,restore,answer_adjacent,shuffled_mask,1.0,,101,101,,,,1.1983292079207921,0.7051361386138614,1.6748143564356435,0.6534653465346535,37.16831683168317
hidden_lattice,hidden_target_logit_effect,strict,23,restore,answer_adjacent,union_mask,1.0,,101,101,,,,3.3478012840346536,2.7416460396039604,3.9168278155940595,0.9207920792079208,547.019801980198
hidden_lattice,hidden_target_logit_effect,strict,23,restore,top_hidden_delta,answer_mask,1.0,,101,101,,,,0.45991259282178215,0.2409112004950495,0.7059483292079208,0.7326732673267327,138.22772277227722
hidden_lattice,hidden_target_logit_effect,strict,23,restore,top_hidden_delta,shifted_mask,1.0,,101,101,,,,0.23576732673267325,0.11602722772277228,0.36633663366336633,0.5346534653465347,26.91089108910891
hidden_lattice,hidden_target_logit_effect,strict,23,restore,top_hidden_delta,shuffled_mask,1.0,,101,101,,,,0.11386138613861387,-0.01639851485148515,0.25154702970297027,0.42574257425742573,27.237623762376238
hidden_lattice,hidden_target_logit_effect,strict,23,restore,top_hidden_delta,union_mask,1.0,,101,101,,,,0.43115234375,0.1897528620049505,0.6897286896658416,0.6039603960396039,135.8118811881188
hidden_lattice,hidden_target_logit_effect,strict,23,restore,visual+answer,answer_mask,1.0,,101,101,,,,4.0070003094059405,3.332920792079208,4.651570235148514,0.900990099009901,862.940594059406
hidden_lattice,hidden_target_logit_effect,strict,23,restore,visual+answer,shifted_mask,1.0,,101,101,,,,1.6327351485148516,1.1327351485148516,2.1284034653465347,0.693069306930693,38.82178217821782
hidden_lattice,hidden_target_logit_effect,strict,23,restore,visual+answer,shuffled_mask,1.0,,101,101,,,,1.4953589108910892,0.9709158415841584,2.004950495049505,0.6633663366336634,37.76237623762376
hidden_lattice,hidden_target_logit_effect,strict,23,restore,visual+answer,union_mask,1.0,,101,101,,,,3.7958210860148514,3.164913366336634,4.406559405940594,0.9108910891089109,548.1683168316831
hidden_lattice,hidden_target_logit_effect,strict,23,restore,visual_span,answer_mask,1.0,,101,101,,,,0.9086478960396039,0.6477413366336634,1.2203357054455446,0.7722772277227723,360.81188118811883
hidden_lattice,hidden_target_logit_effect,strict,23,restore,visual_span,shifted_mask,1.0,,101,101,,,,0.4003712871287129,0.2416460396039604,0.5659034653465347,0.5841584158415841,31.722772277227723
hidden_lattice,hidden_target_logit_effect,strict,23,restore,visual_span,shuffled_mask,1.0,,101,101,,,,0.3344678217821782,0.15439356435643564,0.5290841584158416,0.5346534653465347,32.504950495049506
hidden_lattice,hidden_target_logit_effect,strict,23,restore,visual_span,union_mask,1.0,,101,101,,,,0.905582843440594,0.6376856435643564,1.2195235148514851,0.7524752475247525,261.8910891089109
hidden_lattice,hidden_target_logit_effect,strict,24,corrupt,answer_adjacent,answer_mask,1.0,,101,101,,,,3.265625,2.7499226485148514,3.7592821782178216,0.8910891089108911,335.9306930693069
hidden_lattice,hidden_target_logit_effect,strict,24,corrupt,answer_adjacent,shifted_mask,1.0,,101,101,,,,1.3449876237623761,0.9573019801980198,1.7419554455445545,0.6831683168316832,6.732673267326732
hidden_lattice,hidden_target_logit_effect,strict,24,corrupt,answer_adjacent,shuffled_mask,1.0,,101,101,,,,1.1658415841584158,0.7462871287128713,1.5637376237623761,0.6732673267326733,5.267326732673268
hidden_lattice,hidden_target_logit_effect,strict,24,corrupt,answer_adjacent,union_mask,1.0,,101,101,,,,2.9957456683168315,2.520730198019802,3.4921875,0.900990099009901,172.16831683168317
hidden_lattice,hidden_target_logit_effect,strict,24,corrupt,top_hidden_delta,answer_mask,1.0,,101,101,,,,-0.07178217821782178,-0.20544554455445543,0.040222772277227724,0.4752475247524752,0.24752475247524752
hidden_lattice,hidden_target_logit_effect,strict,24,corrupt,top_hidden_delta,shifted_mask,1.0,,101,101,,,,0.07301980198019802,-0.03650990099009901,0.1967821782178218,0.49504950495049505,0.12871287128712872
hidden_lattice,hidden_target_logit_effect,strict,24,corrupt,top_hidden_delta,shuffled_mask,1.0,,101,101,,,,0.043316831683168314,-0.043316831683168314,0.1318069306930693,0.42574257425742573,0.06930693069306931
hidden_lattice,hidden_target_logit_effect,strict,24,corrupt,top_hidden_delta,union_mask,1.0,,101,101,,,,-0.0525990099009901,-0.1943069306930693,0.07301980198019802,0.43564356435643564,0.1188118811881188
hidden_lattice,hidden_target_logit_effect,strict,24,corrupt,visual+answer,answer_mask,1.0,,101,101,,,,3.793904219523515,3.1958539603960396,4.379887646967822,0.900990099009901,466.9207920792079
hidden_lattice,hidden_target_logit_effect,strict,24,corrupt,visual+answer,shifted_mask,1.0,,101,101,,,,1.5216584158415842,1.0711633663366336,1.9811262376237624,0.6831683168316832,26.653465346534652
hidden_lattice,hidden_target_logit_effect,strict,24,corrupt,visual+answer,shuffled_mask,1.0,,101,101,,,,1.4248143564356435,0.9495668316831684,1.901918316831683,0.7029702970297029,24.861386138613863
hidden_lattice,hidden_target_logit_effect,strict,24,corrupt,visual+answer,union_mask,1.0,,101,101,,,,3.6034189356435644,3.031095297029703,4.151918316831683,0.900990099009901,244.44554455445544
hidden_lattice,hidden_target_logit_effect,strict,24,corrupt,visual_span,answer_mask,1.0,,101,101,,,,0.22462871287128713,0.1318069306930693,0.3292079207920792,0.6138613861386139,0.31683168316831684
hidden_lattice,hidden_target_logit_effect,strict,24,corrupt,visual_span,shifted_mask,1.0,,101,101,,,,0.12438118811881188,0.03217821782178218,0.2301980198019802,0.5148514851485149,0.13861386138613863
hidden_lattice,hidden_target_logit_effect,strict,24,corrupt,visual_span,shuffled_mask,1.0,,101,101,,,,0.09715346534653466,-0.006806930693069307,0.21349009900990099,0.4752475247524752,0.1188118811881188
hidden_lattice,hidden_target_logit_effect,strict,24,corrupt,visual_span,union_mask,1.0,,101,101,,,,0.2431930693069307,0.14047029702970298,0.35148514851485146,0.6138613861386139,0.25742574257425743
hidden_lattice,hidden_target_logit_effect,strict,24,restore,answer_adjacent,answer_mask,1.0,,101,101,,,,3.7396735767326734,3.0514000618811883,4.381922957920792,0.900990099009901,862.7821782178218
hidden_lattice,hidden_target_logit_effect,strict,24,restore,answer_adjacent,shifted_mask,1.0,,101,101,,,,1.4959777227722773,1.0179455445544554,1.9709158415841583,0.7326732673267327,38.42574257425743
hidden_lattice,hidden_target_logit_effect,strict,24,restore,answer_adjacent,shuffled_mask,1.0,,101,101,,,,1.2899133663366336,0.7930074257425742,1.770730198019802,0.6435643564356436,37.56435643564357
hidden_lattice,hidden_target_logit_effect,strict,24,restore,answer_adjacent,union_mask,1.0,,101,101,,,,3.5136428681930694,2.8969678217821784,4.107083462252476,0.900990099009901,547.9108910891089
hidden_lattice,hidden_target_logit_effect,strict,24,restore,top_hidden_delta,answer_mask,1.0,,101,101,,,,0.35778929455445546,0.16270884900990099,0.586981745049505,0.594059405940594,98.96039603960396
hidden_lattice,hidden_target_logit_effect,strict,24,restore,top_hidden_delta,shifted_mask,1.0,,101,101,,,,0.16367574257425743,0.05785891089108911,0.2744430693069307,0.49504950495049505,24.73267326732673
hidden_lattice,hidden_target_logit_effect,strict,24,restore,top_hidden_delta,shuffled_mask,1.0,,101,101,,,,0.12995049504950495,0.007425742574257425,0.2589727722772277,0.48514851485148514,26.92079207920792
hidden_lattice,hidden_target_logit_effect,strict,24,restore,top_hidden_delta,union_mask,1.0,,101,101,,,,0.3398775912747525,0.12347230816831684,0.5839070235148515,0.6138613861386139,81.63366336633663
hidden_lattice,hidden_target_logit_effect,strict,24,restore,visual+answer,answer_mask,1.0,,101,101,,,,4.0070003094059405,3.335280012376238,4.6370668316831685,0.900990099009901,863.2475247524752
hidden_lattice,hidden_target_logit_effect,strict,24,restore,visual+answer,shifted_mask,1.0,,101,101,,,,1.6779084158415842,1.1803836633663367,2.1745049504950495,0.7029702970297029,38.76237623762376
hidden_lattice,hidden_target_logit_effect,strict,24,restore,visual+answer,shuffled_mask,1.0,,101,101,,,,1.4415222772277227,0.9195544554455446,1.948638613861386,0.6534653465346535,37.851485148514854
hidden_lattice,hidden_target_logit_effect,strict,24,restore,visual+answer,union_mask,1.0,,101,101,,,,3.76673692759901,3.118811881188119,4.375029006806931,0.9108910891089109,548.2376237623762
hidden_lattice,hidden_target_logit_effect,strict,24,restore,visual_span,answer_mask,1.0,,101,101,,,,0.6752011138613861,0.447865099009901,0.9419863861386139,0.7623762376237624,277.26732673267327
hidden_lattice,hidden_target_logit_effect,strict,24,restore,visual_span,shifted_mask,1.0,,101,101,,,,0.3347772277227723,0.19121287128712872,0.4814356435643564,0.5544554455445545,30.316831683168317
hidden_lattice,hidden_target_logit_effect,strict,24,restore,visual_span,shuffled_mask,1.0,,101,101,,,,0.2849628712871287,0.12747524752475248,0.44925742574257427,0.5742574257425742,31.485148514851485
hidden_lattice,hidden_target_logit_effect,strict,24,restore,visual_span,union_mask,1.0,,101,101,,,,0.7345490408415841,0.500377088490099,1.0015470297029703,0.7128712871287128,184.86138613861385
hidden_lattice,hidden_target_logit_effect,strict,25,corrupt,answer_adjacent,answer_mask,1.0,,101,101,,,,3.30286974009901,2.779896349009901,3.7873220915841586,0.9108910891089109,370.1188118811881
hidden_lattice,hidden_target_logit_effect,strict,25,corrupt,answer_adjacent,shifted_mask,1.0,,101,101,,,,1.386138613861386,1.000618811881188,1.7852722772277227,0.7029702970297029,5.534653465346534
hidden_lattice,hidden_target_logit_effect,strict,25,corrupt,answer_adjacent,shuffled_mask,1.0,,101,101,,,,1.2202970297029703,0.8056930693069307,1.6268564356435644,0.6831683168316832,4.3861386138613865
hidden_lattice,hidden_target_logit_effect,strict,25,corrupt,answer_adjacent,union_mask,1.0,,101,101,,,,3.018951113861386,2.536200495049505,3.5053372524752477,0.9306930693069307,163.990099009901
hidden_lattice,hidden_target_logit_effect,strict,25,corrupt,top_hidden_delta,answer_mask,1.0,,101,101,,,,0.07920792079207921,-0.07363861386138613,0.26175742574257427,0.45544554455445546,25.06930693069307
hidden_lattice,hidden_target_logit_effect,strict,25,corrupt,top_hidden_delta,shifted_mask,1.0,,101,101,,,,0.10891089108910891,0.023514851485148515,0.21472772277227722,0.45544554455445546,0.09900990099009901
hidden_lattice,hidden_target_logit_effect,strict,25,corrupt,top_hidden_delta,shuffled_mask,1.0,,101,101,,,,0.09282178217821782,-0.0012376237623762376,0.21658415841584158,0.44554455445544555,0.0594059405940594
hidden_lattice,hidden_target_logit_effect,strict,25,corrupt,top_hidden_delta,union_mask,1.0,,101,101,,,,0.07178217821782178,-0.0922029702970297,0.26423267326732675,0.4752475247524752,20.306930693069308
hidden_lattice,hidden_target_logit_effect,strict,25,corrupt,visual+answer,answer_mask,1.0,,101,101,,,,3.8870571627475248,3.293297493811881,4.453598777846534,0.9108910891089109,511.970297029703
hidden_lattice,hidden_target_logit_effect,strict,25,corrupt,visual+answer,shifted_mask,1.0,,101,101,,,,1.6064356435643565,1.1531559405940595,2.077970297029703,0.693069306930693,28.603960396039604
hidden_lattice,hidden_target_logit_effect,strict,25,corrupt,visual+answer,shuffled_mask,1.0,,101,101,,,,1.4415222772277227,0.9597772277227723,1.9139851485148516,0.6534653465346535,28.396039603960396
hidden_lattice,hidden_target_logit_effect,strict,25,corrupt,visual+answer,union_mask,1.0,,101,101,,,,3.622795482673267,3.030940594059406,4.182162747524752,0.9207920792079208,275.3069306930693
hidden_lattice,hidden_target_logit_effect,strict,25,corrupt,visual_span,answer_mask,1.0,,101,101,,,,0.24133663366336633,0.13304455445544555,0.36695544554455445,0.6435643564356436,0.5148514851485149
hidden_lattice,hidden_target_logit_effect,strict,25,corrupt,visual_span,shifted_mask,1.0,,101,101,,,,0.12933168316831684,0.021658415841584157,0.2524752475247525,0.46534653465346537,0.42574257425742573
hidden_lattice,hidden_target_logit_effect,strict,25,corrupt,visual_span,shuffled_mask,1.0,,101,101,,,,0.1373762376237624,0.028465346534653466,0.26423267326732675,0.5247524752475248,0.37623762376237624
hidden_lattice,hidden_target_logit_effect,strict,25,corrupt,visual_span,union_mask,1.0,,101,101,,,,0.25742574257425743,0.13923267326732675,0.38923267326732675,0.6237623762376238,0.46534653465346537
hidden_lattice,hidden_target_logit_effect,strict,25,restore,answer_adjacent,answer_mask,1.0,,101,101,,,,3.871480507425743,3.169477103960396,4.518138923267327,0.9108910891089109,862.6435643564356
hidden_lattice,hidden_target_logit_effect,strict,25,restore,answer_adjacent,shifted_mask,1.0,,101,101,,,,1.5720915841584158,1.0974628712871286,2.042079207920792,0.6831683168316832,38.32673267326733
hidden_lattice,hidden_target_logit_effect,strict,25,restore,answer_adjacent,shuffled_mask,1.0,,101,101,,,,1.2979579207920793,0.8273514851485149,1.7883663366336633,0.6534653465346535,37.26732673267327
hidden_lattice,hidden_target_logit_effect,strict,25,restore,answer_adjacent,union_mask,1.0,,101,101,,,,3.6293606899752477,2.9829826732673266,4.231832069925742,0.900990099009901,547.7326732673267
hidden_lattice,hidden_target_logit_effect,strict,25,restore,top_hidden_delta,answer_mask,1.0,,101,101,,,,0.3808400371287129,0.1534266707920792,0.6421333539603961,0.5544554455445545,124.86138613861387
hidden_lattice,hidden_target_logit_effect,strict,25,restore,top_hidden_delta,shifted_mask,1.0,,101,101,,,,0.17543316831683167,0.0525990099009901,0.3060024752475248,0.504950495049505,25.554455445544555
hidden_lattice,hidden_target_logit_effect,strict,25,restore,top_hidden_delta,shuffled_mask,1.0,,101,101,,,,0.09777227722772278,-0.005878712871287129,0.21844059405940594,0.4158415841584158,26.306930693069308
hidden_lattice,hidden_target_logit_effect,strict,25,restore,top_hidden_delta,union_mask,1.0,,101,101,,,,0.44963451423267325,0.20009862314356436,0.7116143254950495,0.5742574257425742,120.67326732673267
hidden_lattice,hidden_target_logit_effect,strict,25,restore,visual+answer,answer_mask,1.0,,101,101,,,,4.128287438118812,3.4286045792079207,4.788443688118812,0.8910891089108911,863.1782178217821
hidden_lattice,hidden_target_logit_effect,strict,25,restore,visual+answer,shifted_mask,1.0,,101,101,,,,1.7063737623762376,1.2060643564356435,2.192450495049505,0.693069306930693,38.81188118811881
hidden_lattice,hidden_target_logit_effect,strict,25,restore,visual+answer,shuffled_mask,1.0,,101,101,,,,1.4904084158415842,0.9579207920792079,2.015779702970297,0.6534653465346535,37.86138613861386
hidden_lattice,hidden_target_logit_effect,strict,25,restore,visual+answer,union_mask,1.0,,101,101,,,,3.861415145420792,3.2116336633663365,4.463209699876238,0.900990099009901,548.3663366336634
hidden_lattice,hidden_target_logit_effect,strict,25,restore,visual_span,answer_mask,1.0,,101,101,,,,0.7439085705445545,0.5191444925742574,1.0149481745049505,0.7326732673267327,247.24752475247524
hidden_lattice,hidden_target_logit_effect,strict,25,restore,visual_span,shifted_mask,1.0,,101,101,,,,0.25433168316831684,0.10334158415841584,0.4130569306930693,0.5247524752475248,31.287128712871286
hidden_lattice,hidden_target_logit_effect,strict,25,restore,visual_span,shuffled_mask,1.0,,101,101,,,,0.27320544554455445,0.10117574257425743,0.45544554455445546,0.5544554455445545,32.26732673267327
hidden_lattice,hidden_target_logit_effect,strict,25,restore,visual_span,union_mask,1.0,,101,101,,,,0.7537902227722773,0.5225189511138614,1.0302927753712872,0.7227722772277227,202.7029702970297
hidden_lattice,hidden_target_logit_effect,strict,26,corrupt,answer_adjacent,answer_mask,1.0,,101,101,,,,3.911084467821782,3.276144801980198,4.521232982673268,0.9207920792079208,701.5148514851485
hidden_lattice,hidden_target_logit_effect,strict,26,corrupt,answer_adjacent,shifted_mask,1.0,,101,101,,,,1.5708539603960396,1.1027227722772277,2.035272277227723,0.693069306930693,19.138613861386137
hidden_lattice,hidden_target_logit_effect,strict,26,corrupt,answer_adjacent,shuffled_mask,1.0,,101,101,,,,1.3932549504950495,0.8982054455445545,1.8613861386138615,0.7029702970297029,12.96039603960396
hidden_lattice,hidden_target_logit_effect,strict,26,corrupt,answer_adjacent,union_mask,1.0,,101,101,,,,3.639058632425743,3.0390625,4.220664449257426,0.9207920792079208,441.5049504950495
hidden_lattice,hidden_target_logit_effect,strict,26,corrupt,top_hidden_delta,answer_mask,1.0,,101,101,,,,0.14603960396039603,-0.02103960396039604,0.35798267326732675,0.26732673267326734,51.89108910891089
hidden_lattice,hidden_target_logit_effect,strict,26,corrupt,top_hidden_delta,shifted_mask,1.0,,101,101,,,,0.014232673267326733,-0.0024752475247524753,0.034653465346534656,0.2079207920792079,0.12871287128712872
hidden_lattice,hidden_target_logit_effect,strict,26,corrupt,top_hidden_delta,shuffled_mask,1.0,,101,101,,,,0.006188118811881188,-0.006806930693069307,0.02042079207920792,0.18811881188118812,0.019801980198019802
hidden_lattice,hidden_target_logit_effect,strict,26,corrupt,top_hidden_delta,union_mask,1.0,,101,101,,,,0.08771658415841584,-0.054455445544554455,0.2721225247524752,0.24752475247524752,36.43564356435643
hidden_lattice,hidden_target_logit_effect,strict,26,corrupt,visual+answer,answer_mask,1.0,,101,101,,,,4.262685643564357,3.5693069306930694,4.914449257425742,0.9207920792079208,840.4257425742575
hidden_lattice,hidden_target_logit_effect,strict,26,corrupt,visual+answer,shifted_mask,1.0,,101,101,,,,1.7524752475247525,1.2568069306930694,2.2472153465346536,0.7029702970297029,37.97029702970297
hidden_lattice,hidden_target_logit_effect,strict,26,corrupt,visual+answer,shuffled_mask,1.0,,101,101,,,,1.5751856435643565,1.0646658415841583,2.0844678217821784,0.7029702970297029,36.663366336633665
hidden_lattice,hidden_target_logit_effect,strict,26,corrupt,visual+answer,union_mask,1.0,,101,101,,,,4.037496132425742,3.376489016089109,4.661625928217822,0.9306930693069307,559.6633663366337
hidden_lattice,hidden_target_logit_effect,strict,26,corrupt,visual_span,answer_mask,1.0,,101,101,,,,0.10148514851485149,0.06373762376237624,0.13861386138613863,0.504950495049505,0.31683168316831684
hidden_lattice,hidden_target_logit_effect,strict,26,corrupt,visual_span,shifted_mask,1.0,,101,101,,,,0.053836633663366336,0.021658415841584157,0.08787128712871287,0.37623762376237624,0.1485148514851485
hidden_lattice,hidden_target_logit_effect,strict,26,corrupt,visual_span,shuffled_mask,1.0,,101,101,,,,0.055074257425742575,0.02599009900990099,0.08601485148514851,0.40594059405940597,0.1188118811881188
hidden_lattice,hidden_target_logit_effect,strict,26,corrupt,visual_span,union_mask,1.0,,101,101,,,,0.11262376237623763,0.07549504950495049,0.15099009900990099,0.5841584158415841,0.26732673267326734
hidden_lattice,hidden_target_logit_effect,strict,26,restore,answer_adjacent,answer_mask,1.0,,101,101,,,,4.122099319306931,3.4296875,4.7806698638613865,0.9207920792079208,863.0990099009902
hidden_lattice,hidden_target_logit_effect,strict,26,restore,answer_adjacent,shifted_mask,1.0,,101,101,,,,1.660581683168317,1.1871905940594059,2.145730198019802,0.693069306930693,38.693069306930695
hidden_lattice,hidden_target_logit_effect,strict,26,restore,answer_adjacent,shuffled_mask,1.0,,101,101,,,,1.474319306930693,0.9616336633663366,1.974009900990099,0.6732673267326733,37.71287128712871
hidden_lattice,hidden_target_logit_effect,strict,26,restore,answer_adjacent,union_mask,1.0,,101,101,,,,3.928865640470297,3.2744430693069306,4.54646890470297,0.9207920792079208,548.2574257425742
hidden_lattice,hidden_target_logit_effect,strict,26,restore,top_hidden_delta,answer_mask,1.0,,101,101,,,,0.24156868811881188,0.055693069306930694,0.46248452970297027,0.46534653465346537,97.84158415841584
hidden_lattice,hidden_target_logit_effect,strict,26,restore,top_hidden_delta,shifted_mask,1.0,,101,101,,,,0.09251237623762376,0.03341584158415842,0.16027227722772278,0.26732673267326734,16.782178217821784
hidden_lattice,hidden_target_logit_effect,strict,26,restore,top_hidden_delta,shuffled_mask,1.0,,101,101,,,,0.07301980198019802,0.013613861386138614,0.15068069306930693,0.2079207920792079,20.455445544554454
hidden_lattice,hidden_target_logit_effect,strict,26,restore,top_hidden_delta,union_mask,1.0,,101,101,,,,0.23230101330445543,0.06305596379950495,0.4223391089108911,0.44554455445544555,88.32673267326733
hidden_lattice,hidden_target_logit_effect,strict,26,restore,visual+answer,answer_mask,1.0,,101,101,,,,4.240292388613861,3.5383663366336635,4.910465655940594,0.9207920792079208,863.3663366336634
hidden_lattice,hidden_target_logit_effect,strict,26,restore,visual+answer,shifted_mask,1.0,,101,101,,,,1.7199876237623761,1.2323638613861385,2.218440594059406,0.693069306930693,38.82178217821782
hidden_lattice,hidden_target_logit_effect,strict,26,restore,visual+answer,shuffled_mask,1.0,,101,101,,,,1.546720297029703,1.0337252475247525,2.0482673267326734,0.6831683168316832,37.91089108910891
hidden_lattice,hidden_target_logit_effect,strict,26,restore,visual+answer,union_mask,1.0,,101,101,,,,4.050771581064357,3.3743811881188117,4.687838412747524,0.9306930693069307,548.4851485148515
hidden_lattice,hidden_target_logit_effect,strict,26,restore,visual_span,answer_mask,1.0,,101,101,,,,0.3541924504950495,0.2244740099009901,0.4985303217821782,0.6633663366336634,141.14851485148515
hidden_lattice,hidden_target_logit_effect,strict,26,restore,visual_span,shifted_mask,1.0,,101,101,,,,0.16120049504950495,0.07456683168316831,0.2555693069306931,0.3564356435643564,20.465346534653467
hidden_lattice,hidden_target_logit_effect,strict,26,restore,visual_span,shuffled_mask,1.0,,101,101,,,,0.19956683168316833,0.10581683168316831,0.30754950495049505,0.5148514851485149,24.84158415841584
hidden_lattice,hidden_target_logit_effect,strict,26,restore,visual_span,union_mask,1.0,,101,101,,,,0.40457727413366334,0.2602297339108911,0.559280244430693,0.6534653465346535,119.43564356435644
hidden_lattice,hidden_target_logit_effect,strict,27,corrupt,answer_adjacent,answer_mask,1.0,,101,101,,,,1.068069306930693,0.7908415841584159,1.327970297029703,0.7623762376237624,5.326732673267327
hidden_lattice,hidden_target_logit_effect,strict,27,corrupt,answer_adjacent,shifted_mask,1.0,,101,101,,,,0.3849009900990099,0.20668316831683167,0.5649752475247525,0.5544554455445545,1.316831683168317
hidden_lattice,hidden_target_logit_effect,strict,27,corrupt,answer_adjacent,shuffled_mask,1.0,,101,101,,,,0.3087871287128713,0.12685643564356436,0.4938118811881188,0.5841584158415841,1.0198019801980198
hidden_lattice,hidden_target_logit_effect,strict,27,corrupt,answer_adjacent,union_mask,1.0,,101,101,,,,0.9913366336633663,0.7079207920792079,1.2568069306930694,0.7425742574257426,4.574257425742574
hidden_lattice,hidden_target_logit_effect,strict,27,corrupt,top_hidden_delta,answer_mask,1.0,,101,101,,,,0.0,0.0,0.0,0.0,0.0
hidden_lattice,hidden_target_logit_effect,strict,27,corrupt,top_hidden_delta,shifted_mask,1.0,,101,101,,,,0.0,0.0,0.0,0.0,0.0
hidden_lattice,hidden_target_logit_effect,strict,27,corrupt,top_hidden_delta,shuffled_mask,1.0,,101,101,,,,0.0,0.0,0.0,0.0,0.0
hidden_lattice,hidden_target_logit_effect,strict,27,corrupt,top_hidden_delta,union_mask,1.0,,101,101,,,,0.0,0.0,0.0,0.0,0.0
hidden_lattice,hidden_target_logit_effect,strict,27,corrupt,visual+answer,answer_mask,1.0,,101,101,,,,1.068069306930693,0.7908415841584159,1.327970297029703,0.7623762376237624,5.326732673267327
hidden_lattice,hidden_target_logit_effect,strict,27,corrupt,visual+answer,shifted_mask,1.0,,101,101,,,,0.3849009900990099,0.20668316831683167,0.5649752475247525,0.5544554455445545,1.316831683168317
hidden_lattice,hidden_target_logit_effect,strict,27,corrupt,visual+answer,shuffled_mask,1.0,,101,101,,,,0.3087871287128713,0.12685643564356436,0.4938118811881188,0.5841584158415841,1.0198019801980198
hidden_lattice,hidden_target_logit_effect,strict,27,corrupt,visual+answer,union_mask,1.0,,101,101,,,,0.9913366336633663,0.7079207920792079,1.2568069306930694,0.7425742574257426,4.574257425742574
hidden_lattice,hidden_target_logit_effect,strict,27,corrupt,visual_span,answer_mask,1.0,,101,101,,,,0.0,0.0,0.0,0.0,0.0
hidden_lattice,hidden_target_logit_effect,strict,27,corrupt,visual_span,shifted_mask,1.0,,101,101,,,,0.0,0.0,0.0,0.0,0.0
hidden_lattice,hidden_target_logit_effect,strict,27,corrupt,visual_span,shuffled_mask,1.0,,101,101,,,,0.0,0.0,0.0,0.0,0.0
hidden_lattice,hidden_target_logit_effect,strict,27,corrupt,visual_span,union_mask,1.0,,101,101,,,,0.0,0.0,0.0,0.0,0.0
hidden_lattice,hidden_target_logit_effect,strict,27,restore,answer_adjacent,answer_mask,1.0,,101,101,,,,2.2932008044554455,1.954633353960396,2.615679146039604,0.9504950495049505,844.0891089108911
hidden_lattice,hidden_target_logit_effect,strict,27,restore,answer_adjacent,shifted_mask,1.0,,101,101,,,,1.0092821782178218,0.744430693069307,1.2843440594059405,0.7128712871287128,35.722772277227726
hidden_lattice,hidden_target_logit_effect,strict,27,restore,answer_adjacent,shuffled_mask,1.0,,101,101,,,,0.9136757425742574,0.635519801980198,1.2004950495049505,0.7326732673267327,34.742574257425744
hidden_lattice,hidden_target_logit_effect,strict,27,restore,answer_adjacent,union_mask,1.0,,101,101,,,,2.1958829672029703,1.8654374226485149,2.5121538521039604,0.9405940594059405,533.6633663366337
hidden_lattice,hidden_target_logit_effect,strict,27,restore,top_hidden_delta,answer_mask,1.0,,101,101,,,,0.0,0.0,0.0,0.0,0.0
hidden_lattice,hidden_target_logit_effect,strict,27,restore,top_hidden_delta,shifted_mask,1.0,,101,101,,,,0.0,0.0,0.0,0.0,0.0
hidden_lattice,hidden_target_logit_effect,strict,27,restore,top_hidden_delta,shuffled_mask,1.0,,101,101,,,,0.0,0.0,0.0,0.0,0.0
hidden_lattice,hidden_target_logit_effect,strict,27,restore,top_hidden_delta,union_mask,1.0,,101,101,,,,0.0,0.0,0.0,0.0,0.0
hidden_lattice,hidden_target_logit_effect,strict,27,restore,visual+answer,answer_mask,1.0,,101,101,,,,2.2932008044554455,1.954633353960396,2.615679146039604,0.9504950495049505,844.0891089108911
hidden_lattice,hidden_target_logit_effect,strict,27,restore,visual+answer,shifted_mask,1.0,,101,101,,,,1.0092821782178218,0.744430693069307,1.2843440594059405,0.7128712871287128,35.722772277227726
hidden_lattice,hidden_target_logit_effect,strict,27,restore,visual+answer,shuffled_mask,1.0,,101,101,,,,0.9136757425742574,0.635519801980198,1.2004950495049505,0.7326732673267327,34.742574257425744
hidden_lattice,hidden_target_logit_effect,strict,27,restore,visual+answer,union_mask,1.0,,101,101,,,,2.1958829672029703,1.8654374226485149,2.5121538521039604,0.9405940594059405,533.6633663366337
hidden_lattice,hidden_target_logit_effect,strict,27,restore,visual_span,answer_mask,1.0,,101,101,,,,0.0,0.0,0.0,0.0,0.0
hidden_lattice,hidden_target_logit_effect,strict,27,restore,visual_span,shifted_mask,1.0,,101,101,,,,0.0,0.0,0.0,0.0,0.0
hidden_lattice,hidden_target_logit_effect,strict,27,restore,visual_span,shuffled_mask,1.0,,101,101,,,,0.0,0.0,0.0,0.0,0.0
hidden_lattice,hidden_target_logit_effect,strict,27,restore,visual_span,union_mask,1.0,,101,101,,,,0.0,0.0,0.0,0.0,0.0
hidden_lattice,hidden_target_logit_effect,strict,3,corrupt,answer_adjacent,answer_mask,1.0,,101,101,,,,0.026608910891089108,-0.0655940594059406,0.11943069306930693,0.45544554455445546,0.10891089108910891
hidden_lattice,hidden_target_logit_effect,strict,3,corrupt,answer_adjacent,shifted_mask,1.0,,101,101,,,,0.0426980198019802,-0.055074257425742575,0.15594059405940594,0.44554455445544555,-0.009900990099009901
hidden_lattice,hidden_target_logit_effect,strict,3,corrupt,answer_adjacent,shuffled_mask,1.0,,101,101,,,,-0.029084158415841586,-0.13366336633663367,0.07425742574257425,0.4752475247524752,0.0297029702970297
hidden_lattice,hidden_target_logit_effect,strict,3,corrupt,answer_adjacent,union_mask,1.0,,101,101,,,,0.018564356435643563,-0.07054455445544554,0.11324257425742575,0.45544554455445546,0.06930693069306931
hidden_lattice,hidden_target_logit_effect,strict,3,corrupt,top_hidden_delta,answer_mask,1.0,,101,101,,,,0.0426980198019802,-0.09962871287128713,0.19245049504950495,0.43564356435643564,0.8316831683168316
hidden_lattice,hidden_target_logit_effect,strict,3,corrupt,top_hidden_delta,shifted_mask,1.0,,101,101,,,,-0.06373762376237624,-0.18378712871287128,0.06311881188118812,0.43564356435643564,-0.039603960396039604
hidden_lattice,hidden_target_logit_effect,strict,3,corrupt,top_hidden_delta,shuffled_mask,1.0,,101,101,,,,-0.08972772277227722,-0.21163366336633663,0.04826732673267327,0.33663366336633666,0.13861386138613863
hidden_lattice,hidden_target_logit_effect,strict,3,corrupt,top_hidden_delta,union_mask,1.0,,101,101,,,,-0.02103960396039604,-0.15717821782178218,0.10952970297029703,0.44554455445544555,0.10891089108910891
hidden_lattice,hidden_target_logit_effect,strict,3,corrupt,visual+answer,answer_mask,1.0,,101,101,,,,4.223188041460396,3.556834003712871,4.841893564356436,0.9108910891089109,858.049504950495
hidden_lattice,hidden_target_logit_effect,strict,3,corrupt,visual+answer,shifted_mask,1.0,,101,101,,,,1.6865717821782178,1.229269801980198,2.164913366336634,0.7326732673267327,43.198019801980195
hidden_lattice,hidden_target_logit_effect,strict,3,corrupt,visual+answer,shuffled_mask,1.0,,101,101,,,,1.5461014851485149,1.0649752475247525,2.0340346534653464,0.7029702970297029,37.15841584158416
hidden_lattice,hidden_target_logit_effect,strict,3,corrupt,visual+answer,union_mask,1.0,,101,101,,,,4.112159653465347,3.4684019183168315,4.724125928217822,0.9405940594059405,522.7821782178218
hidden_lattice,hidden_target_logit_effect,strict,3,corrupt,visual_span,answer_mask,1.0,,101,101,,,,4.177831064356436,3.5073097153465347,4.803101794554456,0.9207920792079208,778.6930693069307
hidden_lattice,hidden_target_logit_effect,strict,3,corrupt,visual_span,shifted_mask,1.0,,101,101,,,,1.6516089108910892,1.1806930693069306,2.1367574257425743,0.7029702970297029,42.59405940594059
hidden_lattice,hidden_target_logit_effect,strict,3,corrupt,visual_span,shuffled_mask,1.0,,101,101,,,,1.4981435643564356,1.0018564356435644,1.9935024752475248,0.7227722772277227,38.97029702970297
hidden_lattice,hidden_target_logit_effect,strict,3,corrupt,visual_span,union_mask,1.0,,101,101,,,,4.040213103341584,3.3978283570544554,4.660755724009901,0.9306930693069307,528.2376237623762
hidden_lattice,hidden_target_logit_effect,strict,3,restore,answer_adjacent,answer_mask,1.0,,101,101,,,,-0.005840037128712871,-0.08493193069306931,0.07247834158415842,0.43564356435643564,-2.5445544554455446
hidden_lattice,hidden_target_logit_effect,strict,3,restore,answer_adjacent,shifted_mask,1.0,,101,101,,,,0.04795792079207921,-0.04579207920792079,0.1432549504950495,0.504950495049505,-0.26732673267326734
hidden_lattice,hidden_target_logit_effect,strict,3,restore,answer_adjacent,shuffled_mask,1.0,,101,101,,,,0.03248762376237624,-0.04702970297029703,0.11478960396039604,0.49504950495049505,-0.6633663366336634
hidden_lattice,hidden_target_logit_effect,strict,3,restore,answer_adjacent,union_mask,1.0,,101,101,,,,0.033686571782178217,-0.04811262376237624,0.10639696782178218,0.5148514851485149,39.53465346534654
hidden_lattice,hidden_target_logit_effect,strict,3,restore,top_hidden_delta,answer_mask,1.0,,101,101,,,,3.6969755569306932,3.041615099009901,4.308129641089109,0.9108910891089109,862.0891089108911
hidden_lattice,hidden_target_logit_effect,strict,3,restore,top_hidden_delta,shifted_mask,1.0,,101,101,,,,1.1488242574257426,0.7564975247524752,1.5798267326732673,0.6435643564356436,37.445544554455445
hidden_lattice,hidden_target_logit_effect,strict,3,restore,top_hidden_delta,shuffled_mask,1.0,,101,101,,,,1.089418316831683,0.7206064356435643,1.5030940594059405,0.693069306930693,36.62376237623762
hidden_lattice,hidden_target_logit_effect,strict,3,restore,top_hidden_delta,union_mask,1.0,,101,101,,,,3.370697323638614,2.7478341584158414,3.971563660272277,0.9108910891089109,546.1485148514852
hidden_lattice,hidden_target_logit_effect,strict,3,restore,visual+answer,answer_mask,1.0,,101,101,,,,4.272470606435643,3.5762685643564356,4.934947400990099,0.900990099009901,863.2376237623762
hidden_lattice,hidden_target_logit_effect,strict,3,restore,visual+answer,shifted_mask,1.0,,101,101,,,,1.7558787128712872,1.2484529702970297,2.2747524752475248,0.6732673267326733,38.81188118811881
hidden_lattice,hidden_target_logit_effect,strict,3,restore,visual+answer,shuffled_mask,1.0,,101,101,,,,1.6067450495049505,1.0959158415841583,2.1104579207920793,0.693069306930693,37.722772277227726
hidden_lattice,hidden_target_logit_effect,strict,3,restore,visual+answer,union_mask,1.0,,101,101,,,,4.093469600866337,3.4124671256188117,4.719088412747524,0.9207920792079208,548.5445544554456
hidden_lattice,hidden_target_logit_effect,strict,3,restore,visual_span,answer_mask,1.0,,101,101,,,,4.227916150990099,3.526763613861386,4.892558787128713,0.9108910891089109,863.2772277227723
hidden_lattice,hidden_target_logit_effect,strict,3,restore,visual_span,shifted_mask,1.0,,101,101,,,,1.6933787128712872,1.1939975247524752,2.180074257425743,0.6534653465346535,38.772277227722775
hidden_lattice,hidden_target_logit_effect,strict,3,restore,visual_span,shuffled_mask,1.0,,101,101,,,,1.593131188118812,1.0560024752475248,2.116336633663366,0.6732673267326733,37.75247524752475
hidden_lattice,hidden_target_logit_effect,strict,3,restore,visual_span,union_mask,1.0,,101,101,,,,4.0662418780940595,3.385519801980198,4.693378712871287,0.9306930693069307,548.4554455445544
hidden_lattice,hidden_target_logit_effect,strict,4,corrupt,answer_adjacent,answer_mask,1.0,,101,101,,,,-0.03589108910891089,-0.1478960396039604,0.09962871287128713,0.43564356435643564,0.0297029702970297
hidden_lattice,hidden_target_logit_effect,strict,4,corrupt,answer_adjacent,shifted_mask,1.0,,101,101,,,,-0.01485148514851485,-0.11386138613861387,0.09715346534653466,0.45544554455445546,-0.0297029702970297
hidden_lattice,hidden_target_logit_effect,strict,4,corrupt,answer_adjacent,shuffled_mask,1.0,,101,101,,,,-0.03341584158415842,-0.14232673267326731,0.07920792079207921,0.46534653465346537,0.009900990099009901
hidden_lattice,hidden_target_logit_effect,strict,4,corrupt,answer_adjacent,union_mask,1.0,,101,101,,,,-0.012995049504950494,-0.13304455445544555,0.11943069306930693,0.43564356435643564,0.0891089108910891
hidden_lattice,hidden_target_logit_effect,strict,4,corrupt,top_hidden_delta,answer_mask,1.0,,101,101,,,,0.08106435643564357,-0.0625,0.2376237623762376,0.44554455445544555,0.9504950495049505
hidden_lattice,hidden_target_logit_effect,strict,4,corrupt,top_hidden_delta,shifted_mask,1.0,,101,101,,,,-0.0952970297029703,-0.21658415841584158,0.03094059405940594,0.40594059405940597,-0.04950495049504951
hidden_lattice,hidden_target_logit_effect,strict,4,corrupt,top_hidden_delta,shuffled_mask,1.0,,101,101,,,,-0.014232673267326733,-0.12871287128712872,0.10024752475247525,0.42574257425742573,0.039603960396039604
hidden_lattice,hidden_target_logit_effect,strict,4,corrupt,top_hidden_delta,union_mask,1.0,,101,101,,,,-0.04702970297029703,-0.17388613861386137,0.08106435643564357,0.39603960396039606,0.25742574257425743
hidden_lattice,hidden_target_logit_effect,strict,4,corrupt,visual+answer,answer_mask,1.0,,101,101,,,,4.201732673267327,3.5396813118811883,4.837329826732673,0.9306930693069307,830.6237623762377
hidden_lattice,hidden_target_logit_effect,strict,4,corrupt,visual+answer,shifted_mask,1.0,,101,101,,,,1.6296410891089108,1.1596534653465347,2.119740099009901,0.693069306930693,48.2970297029703
hidden_lattice,hidden_target_logit_effect,strict,4,corrupt,visual+answer,shuffled_mask,1.0,,101,101,,,,1.510210396039604,1.0123762376237624,2.0018564356435644,0.6831683168316832,39.277227722772274
hidden_lattice,hidden_target_logit_effect,strict,4,corrupt,visual+answer,union_mask,1.0,,101,101,,,,4.087929300742574,3.437964108910891,4.702390160891089,0.9108910891089109,512.2178217821782
hidden_lattice,hidden_target_logit_effect,strict,4,corrupt,visual_span,answer_mask,1.0,,101,101,,,,4.255221225247524,3.5956451113861387,4.8872988861386135,0.9207920792079208,832.0297029702971
hidden_lattice,hidden_target_logit_effect,strict,4,corrupt,visual_span,shifted_mask,1.0,,101,101,,,,1.6280940594059405,1.150061881188119,2.1181930693069306,0.6534653465346535,48.92079207920792
hidden_lattice,hidden_target_logit_effect,strict,4,corrupt,visual_span,shuffled_mask,1.0,,101,101,,,,1.4656559405940595,0.9672029702970297,1.9656559405940595,0.6534653465346535,39.23762376237624
hidden_lattice,hidden_target_logit_effect,strict,4,corrupt,visual_span,union_mask,1.0,,101,101,,,,4.064143719059406,3.411857982673267,4.6834777227722775,0.9207920792079208,530.6336633663366
hidden_lattice,hidden_target_logit_effect,strict,4,restore,answer_adjacent,answer_mask,1.0,,101,101,,,,0.006671565594059406,-0.0821666150990099,0.09141011757425743,0.45544554455445546,-36.16831683168317
hidden_lattice,hidden_target_logit_effect,strict,4,restore,answer_adjacent,shifted_mask,1.0,,101,101,,,,0.019492574257425743,-0.050742574257425746,0.08663366336633663,0.4752475247524752,-1.0297029702970297
hidden_lattice,hidden_target_logit_effect,strict,4,restore,answer_adjacent,shuffled_mask,1.0,,101,101,,,,-0.019801980198019802,-0.09746287128712872,0.053836633663366336,0.49504950495049505,0.32673267326732675
hidden_lattice,hidden_target_logit_effect,strict,4,restore,answer_adjacent,union_mask,1.0,,101,101,,,,0.00841197400990099,-0.06914255878712872,0.08370397586633663,0.4752475247524752,28.88118811881188
hidden_lattice,hidden_target_logit_effect,strict,4,restore,top_hidden_delta,answer_mask,1.0,,101,101,,,,3.728534962871287,3.106048886138614,4.332340655940594,0.9207920792079208,862.0990099009902
hidden_lattice,hidden_target_logit_effect,strict,4,restore,top_hidden_delta,shifted_mask,1.0,,101,101,,,,1.1810024752475248,0.7973391089108911,1.6287128712871286,0.6831683168316832,36.84158415841584
hidden_lattice,hidden_target_logit_effect,strict,4,restore,top_hidden_delta,shuffled_mask,1.0,,101,101,,,,1.114789603960396,0.724319306930693,1.5600247524752475,0.6534653465346535,36.20792079207921
hidden_lattice,hidden_target_logit_effect,strict,4,restore,top_hidden_delta,union_mask,1.0,,101,101,,,,3.4523804919554455,2.8307549504950495,4.059715346534653,0.9504950495049505,546.980198019802
hidden_lattice,hidden_target_logit_effect,strict,4,restore,visual+answer,answer_mask,1.0,,101,101,,,,4.310836943069307,3.6057008044554455,4.99764077970297,0.9108910891089109,863.2178217821782
hidden_lattice,hidden_target_logit_effect,strict,4,restore,visual+answer,shifted_mask,1.0,,101,101,,,,1.7527846534653466,1.2305074257425743,2.2790841584158414,0.6732673267326733,38.81188118811881
hidden_lattice,hidden_target_logit_effect,strict,4,restore,visual+answer,shuffled_mask,1.0,,101,101,,,,1.5918935643564356,1.0640470297029703,2.129950495049505,0.6831683168316832,37.59405940594059
hidden_lattice,hidden_target_logit_effect,strict,4,restore,visual+answer,union_mask,1.0,,101,101,,,,4.100895343440594,3.395730198019802,4.740128016707921,0.9306930693069307,548.4554455445544
hidden_lattice,hidden_target_logit_effect,strict,4,restore,visual_span,answer_mask,1.0,,101,101,,,,4.333732982673268,3.6237237004950495,5.001353650990099,0.9108910891089109,863.019801980198
hidden_lattice,hidden_target_logit_effect,strict,4,restore,visual_span,shifted_mask,1.0,,101,101,,,,1.7453589108910892,1.2425742574257426,2.2682549504950495,0.6831683168316832,38.86138613861386
hidden_lattice,hidden_target_logit_effect,strict,4,restore,visual_span,shuffled_mask,1.0,,101,101,,,,1.64634900990099,1.1191212871287128,2.1519183168316833,0.6534653465346535,37.633663366336634
hidden_lattice,hidden_target_logit_effect,strict,4,restore,visual_span,union_mask,1.0,,101,101,,,,4.146687422648514,3.448638613861386,4.764542079207921,0.9405940594059405,548.3861386138614
hidden_lattice,hidden_target_logit_effect,strict,5,corrupt,answer_adjacent,answer_mask,1.0,,101,101,,,,-0.022896039603960396,-0.11695544554455446,0.06992574257425743,0.44554455445544555,0.009900990099009901
hidden_lattice,hidden_target_logit_effect,strict,5,corrupt,answer_adjacent,shifted_mask,1.0,,101,101,,,,0.0297029702970297,-0.07797029702970297,0.14232673267326731,0.49504950495049505,0.0891089108910891
hidden_lattice,hidden_target_logit_effect,strict,5,corrupt,answer_adjacent,shuffled_mask,1.0,,101,101,,,,0.024133663366336634,-0.09034653465346534,0.14665841584158415,0.48514851485148514,0.0594059405940594
hidden_lattice,hidden_target_logit_effect,strict,5,corrupt,answer_adjacent,union_mask,1.0,,101,101,,,,0.04641089108910891,-0.05754950495049505,0.1478960396039604,0.5346534653465347,0.1188118811881188
hidden_lattice,hidden_target_logit_effect,strict,5,corrupt,top_hidden_delta,answer_mask,1.0,,101,101,,,,0.0983910891089109,-0.0686881188118812,0.27042079207920794,0.49504950495049505,0.8613861386138614
hidden_lattice,hidden_target_logit_effect,strict,5,corrupt,top_hidden_delta,shifted_mask,1.0,,101,101,,,,-0.09158415841584158,-0.2141089108910891,0.03712871287128713,0.4158415841584158,-0.07920792079207921
hidden_lattice,hidden_target_logit_effect,strict,5,corrupt,top_hidden_delta,shuffled_mask,1.0,,101,101,,,,-0.01547029702970297,-0.12747524752475248,0.11757425742574257,0.42574257425742573,-0.039603960396039604
hidden_lattice,hidden_target_logit_effect,strict,5,corrupt,top_hidden_delta,union_mask,1.0,,101,101,,,,-0.10767326732673267,-0.2438118811881188,0.03527227722772277,0.38613861386138615,0.0594059405940594
hidden_lattice,hidden_target_logit_effect,strict,5,corrupt,visual+answer,answer_mask,1.0,,101,101,,,,4.298654084158416,3.6363706683168315,4.938698948019802,0.9405940594059405,813.1287128712871
hidden_lattice,hidden_target_logit_effect,strict,5,corrupt,visual+answer,shifted_mask,1.0,,101,101,,,,1.703589108910891,1.2271039603960396,2.188428217821782,0.693069306930693,47.91089108910891
hidden_lattice,hidden_target_logit_effect,strict,5,corrupt,visual+answer,shuffled_mask,1.0,,101,101,,,,1.5597153465346534,1.0532178217821782,2.068688118811881,0.693069306930693,38.7029702970297
hidden_lattice,hidden_target_logit_effect,strict,5,corrupt,visual+answer,union_mask,1.0,,101,101,,,,4.1166073638613865,3.478206219059406,4.734046256188119,0.9405940594059405,549.3267326732673
hidden_lattice,hidden_target_logit_effect,strict,5,corrupt,visual_span,answer_mask,1.0,,101,101,,,,4.2223081683168315,3.5569306930693068,4.857518564356436,0.9405940594059405,797.6732673267327
hidden_lattice,hidden_target_logit_effect,strict,5,corrupt,visual_span,shifted_mask,1.0,,101,101,,,,1.6287128712871286,1.14634900990099,2.125928217821782,0.6633663366336634,47.04950495049505
hidden_lattice,hidden_target_logit_effect,strict,5,corrupt,visual_span,shuffled_mask,1.0,,101,101,,,,1.536200495049505,1.0235148514851484,2.0290841584158414,0.6534653465346535,37.772277227722775
hidden_lattice,hidden_target_logit_effect,strict,5,corrupt,visual_span,union_mask,1.0,,101,101,,,,4.076394260519802,3.4381188118811883,4.697594368811881,0.9405940594059405,477.0990099009901
hidden_lattice,hidden_target_logit_effect,strict,5,restore,answer_adjacent,answer_mask,1.0,,101,101,,,,0.0739480198019802,-0.01624381188118812,0.16564820544554457,0.5742574257425742,34.584158415841586
hidden_lattice,hidden_target_logit_effect,strict,5,restore,answer_adjacent,shifted_mask,1.0,,101,101,,,,0.04455445544554455,-0.026608910891089108,0.12097772277227722,0.49504950495049505,1.891089108910891
hidden_lattice,hidden_target_logit_effect,strict,5,restore,answer_adjacent,shuffled_mask,1.0,,101,101,,,,0.019183168316831683,-0.06219059405940594,0.10272277227722772,0.48514851485148514,0.7425742574257426
hidden_lattice,hidden_target_logit_effect,strict,5,restore,answer_adjacent,union_mask,1.0,,101,101,,,,0.07241065903465346,-0.01511254641089109,0.1601272431930693,0.5346534653465347,51.89108910891089
hidden_lattice,hidden_target_logit_effect,strict,5,restore,top_hidden_delta,answer_mask,1.0,,101,101,,,,3.6320003094059405,2.9994585396039604,4.2432317450495045,0.900990099009901,861.3663366336634
hidden_lattice,hidden_target_logit_effect,strict,5,restore,top_hidden_delta,shifted_mask,1.0,,101,101,,,,1.0823019801980198,0.6998762376237624,1.5148514851485149,0.6336633663366337,36.366336633663366
hidden_lattice,hidden_target_logit_effect,strict,5,restore,top_hidden_delta,shuffled_mask,1.0,,101,101,,,,1.0331064356435644,0.6516089108910891,1.4709158415841583,0.594059405940594,36.24752475247525
hidden_lattice,hidden_target_logit_effect,strict,5,restore,top_hidden_delta,union_mask,1.0,,101,101,,,,3.3784324721534653,2.757425742574257,3.998762376237624,0.9306930693069307,545.4158415841584
hidden_lattice,hidden_target_logit_effect,strict,5,restore,visual+answer,answer_mask,1.0,,101,101,,,,4.363435952970297,3.671875,5.035929764851486,0.9108910891089109,863.3069306930693
hidden_lattice,hidden_target_logit_effect,strict,5,restore,visual+answer,shifted_mask,1.0,,101,101,,,,1.8047648514851484,1.2988861386138615,2.3258044554455446,0.693069306930693,38.84158415841584
hidden_lattice,hidden_target_logit_effect,strict,5,restore,visual+answer,shuffled_mask,1.0,,101,101,,,,1.6055074257425743,1.0699257425742574,2.129022277227723,0.6435643564356436,37.495049504950494
hidden_lattice,hidden_target_logit_effect,strict,5,restore,visual+answer,union_mask,1.0,,101,101,,,,4.1367864325495045,3.462871287128713,4.776048112623762,0.9207920792079208,548.4653465346535
hidden_lattice,hidden_target_logit_effect,strict,5,restore,visual_span,answer_mask,1.0,,101,101,,,,4.3597230816831685,3.6546642945544554,5.031984839108911,0.900990099009901,863.059405940594
hidden_lattice,hidden_target_logit_effect,strict,5,restore,visual_span,shifted_mask,1.0,,101,101,,,,1.7329826732673268,1.2314356435643565,2.2379331683168315,0.7029702970297029,38.67326732673267
hidden_lattice,hidden_target_logit_effect,strict,5,restore,visual_span,shuffled_mask,1.0,,101,101,,,,1.5968440594059405,1.0714727722772277,2.1157178217821784,0.6831683168316832,37.386138613861384
hidden_lattice,hidden_target_logit_effect,strict,5,restore,visual_span,union_mask,1.0,,101,101,,,,4.190623066212871,3.5145420792079207,4.814694848391089,0.9405940594059405,548.3267326732673
hidden_lattice,hidden_target_logit_effect,strict,6,corrupt,answer_adjacent,answer_mask,1.0,,101,101,,,,-0.008044554455445545,-0.11138613861386139,0.08972772277227722,0.42574257425742573,0.0297029702970297
hidden_lattice,hidden_target_logit_effect,strict,6,corrupt,answer_adjacent,shifted_mask,1.0,,101,101,,,,0.013613861386138614,-0.08044554455445545,0.10952970297029703,0.46534653465346537,0.0297029702970297
hidden_lattice,hidden_target_logit_effect,strict,6,corrupt,answer_adjacent,shuffled_mask,1.0,,101,101,,,,0.0006188118811881188,-0.10148514851485149,0.10581683168316831,0.42574257425742573,-0.0297029702970297
hidden_lattice,hidden_target_logit_effect,strict,6,corrupt,answer_adjacent,union_mask,1.0,,101,101,,,,-0.04393564356435643,-0.14418316831683167,0.055693069306930694,0.4752475247524752,0.0
hidden_lattice,hidden_target_logit_effect,strict,6,corrupt,top_hidden_delta,answer_mask,1.0,,101,101,,,,0.0426980198019802,-0.10334158415841584,0.20544554455445543,0.44554455445544555,0.5841584158415841
hidden_lattice,hidden_target_logit_effect,strict,6,corrupt,top_hidden_delta,shifted_mask,1.0,,101,101,,,,-0.0024752475247524753,-0.1150990099009901,0.12004950495049505,0.44554455445544555,-0.06930693069306931
hidden_lattice,hidden_target_logit_effect,strict,6,corrupt,top_hidden_delta,shuffled_mask,1.0,,101,101,,,,-0.009900990099009901,-0.1454207920792079,0.1379950495049505,0.46534653465346537,-0.009900990099009901
hidden_lattice,hidden_target_logit_effect,strict,6,corrupt,top_hidden_delta,union_mask,1.0,,101,101,,,,-0.11324257425742575,-0.25,0.027846534653465347,0.36633663366336633,-0.07920792079207921
hidden_lattice,hidden_target_logit_effect,strict,6,corrupt,visual+answer,answer_mask,1.0,,101,101,,,,4.222346844059406,3.551361386138614,4.855855507425742,0.9108910891089109,808.8712871287129
hidden_lattice,hidden_target_logit_effect,strict,6,corrupt,visual+answer,shifted_mask,1.0,,101,101,,,,1.7110148514851484,1.2487623762376239,2.187809405940594,0.693069306930693,45.495049504950494
hidden_lattice,hidden_target_logit_effect,strict,6,corrupt,visual+answer,shuffled_mask,1.0,,101,101,,,,1.566831683168317,1.0767326732673268,2.055074257425743,0.7128712871287128,34.40594059405941
hidden_lattice,hidden_target_logit_effect,strict,6,corrupt,visual+answer,union_mask,1.0,,101,101,,,,4.092357673267327,3.4585009282178216,4.7071472772277225,0.9108910891089109,474.64356435643566
hidden_lattice,hidden_target_logit_effect,strict,6,corrupt,visual_span,answer_mask,1.0,,101,101,,,,4.18386448019802,3.51771349009901,4.812654702970297,0.9207920792079208,772.5643564356436
hidden_lattice,hidden_target_logit_effect,strict,6,corrupt,visual_span,shifted_mask,1.0,,101,101,,,,1.7351485148514851,1.2698019801980198,2.214727722772277,0.7128712871287128,43.62376237623762
hidden_lattice,hidden_target_logit_effect,strict,6,corrupt,visual_span,shuffled_mask,1.0,,101,101,,,,1.4232673267326732,0.9229579207920792,1.9099628712871286,0.6534653465346535,34.772277227722775
hidden_lattice,hidden_target_logit_effect,strict,6,corrupt,visual_span,union_mask,1.0,,101,101,,,,4.052521658415841,3.3978186881188117,4.669554455445544,0.9108910891089109,459.58415841584156
hidden_lattice,hidden_target_logit_effect,strict,6,restore,answer_adjacent,answer_mask,1.0,,101,101,,,,0.12737855816831684,0.048325340346534656,0.2100479579207921,0.5742574257425742,65.86138613861387
hidden_lattice,hidden_target_logit_effect,strict,6,restore,answer_adjacent,shifted_mask,1.0,,101,101,,,,0.10643564356435643,0.03248762376237624,0.18347772277227722,0.5148514851485149,1.6732673267326732
hidden_lattice,hidden_target_logit_effect,strict,6,restore,answer_adjacent,shuffled_mask,1.0,,101,101,,,,0.0213490099009901,-0.04950495049504951,0.09375,0.48514851485148514,-1.188118811881188
hidden_lattice,hidden_target_logit_effect,strict,6,restore,answer_adjacent,union_mask,1.0,,101,101,,,,0.09729849938118812,0.015615331064356437,0.1811475092821782,0.5445544554455446,22.940594059405942
hidden_lattice,hidden_target_logit_effect,strict,6,restore,top_hidden_delta,answer_mask,1.0,,101,101,,,,3.560527537128713,2.937035891089109,4.1747370049504955,0.8712871287128713,860.1188118811881
hidden_lattice,hidden_target_logit_effect,strict,6,restore,top_hidden_delta,shifted_mask,1.0,,101,101,,,,1.0343440594059405,0.6413985148514851,1.47865099009901,0.6633663366336634,32.10891089108911
hidden_lattice,hidden_target_logit_effect,strict,6,restore,top_hidden_delta,shuffled_mask,1.0,,101,101,,,,0.9956683168316832,0.629950495049505,1.4195544554455446,0.6534653465346535,35.34653465346535
hidden_lattice,hidden_target_logit_effect,strict,6,restore,top_hidden_delta,union_mask,1.0,,101,101,,,,3.14328395730198,2.5284653465346536,3.781027614480198,0.8613861386138614,517.5742574257425
hidden_lattice,hidden_target_logit_effect,strict,6,restore,visual+answer,answer_mask,1.0,,101,101,,,,4.219252784653466,3.5237855816831685,4.887608292079208,0.8910891089108911,863.2475247524752
hidden_lattice,hidden_target_logit_effect,strict,6,restore,visual+answer,shifted_mask,1.0,,101,101,,,,1.724319306930693,1.2271039603960396,2.2181311881188117,0.693069306930693,38.73267326732673
hidden_lattice,hidden_target_logit_effect,strict,6,restore,visual+answer,shuffled_mask,1.0,,101,101,,,,1.6358292079207921,1.1110767326732673,2.152227722772277,0.6831683168316832,37.495049504950494
hidden_lattice,hidden_target_logit_effect,strict,6,restore,visual+answer,union_mask,1.0,,101,101,,,,4.061910194925742,3.3930035581683167,4.6817083075495045,0.9108910891089109,548.3663366336634
hidden_lattice,hidden_target_logit_effect,strict,6,restore,visual_span,answer_mask,1.0,,101,101,,,,4.300935952970297,3.582185952970297,4.986772896039604,0.9108910891089109,863.2970297029703
hidden_lattice,hidden_target_logit_effect,strict,6,restore,visual_span,shifted_mask,1.0,,101,101,,,,1.7682549504950495,1.2642326732673268,2.2827970297029703,0.7128712871287128,38.603960396039604
hidden_lattice,hidden_target_logit_effect,strict,6,restore,visual_span,shuffled_mask,1.0,,101,101,,,,1.630259900990099,1.1120049504950495,2.1482054455445545,0.6534653465346535,37.37623762376238
hidden_lattice,hidden_target_logit_effect,strict,6,restore,visual_span,union_mask,1.0,,101,101,,,,4.107083462252476,3.4350247524752477,4.729018409653466,0.9207920792079208,548.3762376237623
hidden_lattice,hidden_target_logit_effect,strict,7,corrupt,answer_adjacent,answer_mask,1.0,,101,101,,,,-0.4405940594059406,-0.5798267326732673,-0.30507425742574257,0.21782178217821782,-0.19801980198019803
hidden_lattice,hidden_target_logit_effect,strict,7,corrupt,answer_adjacent,shifted_mask,1.0,,101,101,,,,-0.452970297029703,-0.6206683168316832,-0.29146039603960394,0.19801980198019803,-0.2376237623762376
hidden_lattice,hidden_target_logit_effect,strict,7,corrupt,answer_adjacent,shuffled_mask,1.0,,101,101,,,,-0.46101485148514854,-0.6008663366336634,-0.3316831683168317,0.2376237623762376,-0.3069306930693069
hidden_lattice,hidden_target_logit_effect,strict,7,corrupt,answer_adjacent,union_mask,1.0,,101,101,,,,-0.505569306930693,-0.6608910891089109,-0.3626237623762376,0.24752475247524752,-0.31683168316831684
hidden_lattice,hidden_target_logit_effect,strict,7,corrupt,top_hidden_delta,answer_mask,1.0,,101,101,,,,0.15222772277227722,0.014232673267326733,0.30507425742574257,0.4752475247524752,0.7425742574257426
hidden_lattice,hidden_target_logit_effect,strict,7,corrupt,top_hidden_delta,shifted_mask,1.0,,101,101,,,,0.01485148514851485,-0.08787128712871287,0.12561881188118812,0.49504950495049505,-0.0594059405940594
hidden_lattice,hidden_target_logit_effect,strict,7,corrupt,top_hidden_delta,shuffled_mask,1.0,,101,101,,,,0.0426980198019802,-0.07611386138613861,0.17264851485148514,0.49504950495049505,0.019801980198019802
hidden_lattice,hidden_target_logit_effect,strict,7,corrupt,top_hidden_delta,union_mask,1.0,,101,101,,,,0.011757425742574257,-0.09467821782178218,0.12685643564356436,0.44554455445544555,-0.0297029702970297
hidden_lattice,hidden_target_logit_effect,strict,7,corrupt,visual+answer,answer_mask,1.0,,101,101,,,,4.125734839108911,3.4632967202970297,4.7652769183168315,0.9306930693069307,907.3663366336634
hidden_lattice,hidden_target_logit_effect,strict,7,corrupt,visual+answer,shifted_mask,1.0,,101,101,,,,1.463490099009901,0.9851485148514851,1.9560643564356435,0.6435643564356436,37.0990099009901
hidden_lattice,hidden_target_logit_effect,strict,7,corrupt,visual+answer,shuffled_mask,1.0,,101,101,,,,1.395730198019802,0.9090346534653465,1.8929455445544554,0.6633663366336634,34.336633663366335
hidden_lattice,hidden_target_logit_effect,strict,7,corrupt,visual+answer,union_mask,1.0,,101,101,,,,3.971012530940594,3.317759900990099,4.609065594059406,0.8910891089108911,638.7227722772277
hidden_lattice,hidden_target_logit_effect,strict,7,corrupt,visual_span,answer_mask,1.0,,101,101,,,,4.454053217821782,3.7817914603960396,5.089186262376238,0.9405940594059405,962.8910891089109
hidden_lattice,hidden_target_logit_effect,strict,7,corrupt,visual_span,shifted_mask,1.0,,101,101,,,,1.9371905940594059,1.4622524752475248,2.42605198019802,0.7524752475247525,45.26732673267327
hidden_lattice,hidden_target_logit_effect,strict,7,corrupt,visual_span,shuffled_mask,1.0,,101,101,,,,1.765470297029703,1.2744430693069306,2.2469059405940595,0.7227722772277227,40.21782178217822
hidden_lattice,hidden_target_logit_effect,strict,7,corrupt,visual_span,union_mask,1.0,,101,101,,,,4.303759282178218,3.6466584158415842,4.936610457920792,0.9306930693069307,699.3366336633663
hidden_lattice,hidden_target_logit_effect,strict,7,restore,answer_adjacent,answer_mask,1.0,,101,101,,,,-0.25611076732673266,-0.3811881188118812,-0.13559715346534654,0.37623762376237624,-58.54455445544554
hidden_lattice,hidden_target_logit_effect,strict,7,restore,answer_adjacent,shifted_mask,1.0,,101,101,,,,-0.40717821782178215,-0.5182549504950495,-0.2843440594059406,0.18811881188118812,-8.089108910891088
hidden_lattice,hidden_target_logit_effect,strict,7,restore,answer_adjacent,shuffled_mask,1.0,,101,101,,,,-0.3839727722772277,-0.49876237623762376,-0.2667079207920792,0.1782178217821782,-3.00990099009901
hidden_lattice,hidden_target_logit_effect,strict,7,restore,answer_adjacent,union_mask,1.0,,101,101,,,,-0.3429184715346535,-0.4810102103960396,-0.2023128094059406,0.27722772277227725,-108.56435643564356
hidden_lattice,hidden_target_logit_effect,strict,7,restore,top_hidden_delta,answer_mask,1.0,,101,101,,,,3.4581141707920793,2.872602103960396,4.040261448019802,0.900990099009901,860.2376237623762
hidden_lattice,hidden_target_logit_effect,strict,7,restore,top_hidden_delta,shifted_mask,1.0,,101,101,,,,1.083230198019802,0.7014232673267327,1.504331683168317,0.7128712871287128,35.46534653465346
hidden_lattice,hidden_target_logit_effect,strict,7,restore,top_hidden_delta,shuffled_mask,1.0,,101,101,,,,0.9916460396039604,0.6051980198019802,1.4232673267326732,0.6534653465346535,34.633663366336634
hidden_lattice,hidden_target_logit_effect,strict,7,restore,top_hidden_delta,union_mask,1.0,,101,101,,,,2.927009204826733,2.315313660272277,3.561571782178218,0.8613861386138614,509.9009900990099
hidden_lattice,hidden_target_logit_effect,strict,7,restore,visual+answer,answer_mask,1.0,,101,101,,,,4.209970606435643,3.5125309405940595,4.875154702970297,0.9207920792079208,863.2574257425742
hidden_lattice,hidden_target_logit_effect,strict,7,restore,visual+answer,shifted_mask,1.0,,101,101,,,,1.645730198019802,1.1646039603960396,2.1256188118811883,0.7029702970297029,38.56435643564357
hidden_lattice,hidden_target_logit_effect,strict,7,restore,visual+answer,shuffled_mask,1.0,,101,101,,,,1.4495668316831682,0.9508044554455446,1.9566831683168318,0.6336633663366337,37.386138613861384
hidden_lattice,hidden_target_logit_effect,strict,7,restore,visual+answer,union_mask,1.0,,101,101,,,,3.9251527691831685,3.249410194925743,4.558226330445544,0.9207920792079208,548.1584158415842
hidden_lattice,hidden_target_logit_effect,strict,7,restore,visual_span,answer_mask,1.0,,101,101,,,,4.617148824257426,3.9238861386138613,5.259707611386139,0.9504950495049505,863.2772277227723
hidden_lattice,hidden_target_logit_effect,strict,7,restore,visual_span,shifted_mask,1.0,,101,101,,,,2.0745668316831685,1.6157178217821782,2.5606435643564356,0.8118811881188119,38.722772277227726
hidden_lattice,hidden_target_logit_effect,strict,7,restore,visual_span,shuffled_mask,1.0,,101,101,,,,1.9557549504950495,1.4699876237623761,2.4566831683168315,0.7524752475247525,37.722772277227726
hidden_lattice,hidden_target_logit_effect,strict,7,restore,visual_span,union_mask,1.0,,101,101,,,,4.422677521658416,3.7543316831683167,5.058816135519802,0.9603960396039604,548.3267326732673
hidden_lattice,hidden_target_logit_effect,strict,8,corrupt,answer_adjacent,answer_mask,1.0,,101,101,,,,-0.400990099009901,-0.5402227722772277,-0.24938118811881188,0.26732673267326734,-0.2079207920792079
hidden_lattice,hidden_target_logit_effect,strict,8,corrupt,answer_adjacent,shifted_mask,1.0,,101,101,,,,-0.4573019801980198,-0.6014851485148515,-0.3087871287128713,0.2376237623762376,-0.25742574257425743
hidden_lattice,hidden_target_logit_effect,strict,8,corrupt,answer_adjacent,shuffled_mask,1.0,,101,101,,,,-0.4405940594059406,-0.5965346534653465,-0.2877475247524752,0.22772277227722773,-0.26732673267326734
hidden_lattice,hidden_target_logit_effect,strict,8,corrupt,answer_adjacent,union_mask,1.0,,101,101,,,,-0.46905940594059403,-0.6262376237623762,-0.30074257425742573,0.22772277227722773,-0.32673267326732675
hidden_lattice,hidden_target_logit_effect,strict,8,corrupt,top_hidden_delta,answer_mask,1.0,,101,101,,,,0.07982673267326733,-0.05012376237623763,0.2103960396039604,0.4752475247524752,0.1782178217821782
hidden_lattice,hidden_target_logit_effect,strict,8,corrupt,top_hidden_delta,shifted_mask,1.0,,101,101,,,,0.017945544554455444,-0.07982673267326733,0.11571782178217822,0.45544554455445546,-0.06930693069306931
hidden_lattice,hidden_target_logit_effect,strict,8,corrupt,top_hidden_delta,shuffled_mask,1.0,,101,101,,,,0.012376237623762377,-0.10272277227722772,0.13985148514851486,0.46534653465346537,0.04950495049504951
hidden_lattice,hidden_target_logit_effect,strict,8,corrupt,top_hidden_delta,union_mask,1.0,,101,101,,,,0.02042079207920792,-0.0952970297029703,0.1379950495049505,0.49504950495049505,0.009900990099009901
hidden_lattice,hidden_target_logit_effect,strict,8,corrupt,visual+answer,answer_mask,1.0,,101,101,,,,4.1492496905940595,3.4718440594059405,4.788907797029703,0.9207920792079208,984.8415841584158
hidden_lattice,hidden_target_logit_effect,strict,8,corrupt,visual+answer,shifted_mask,1.0,,101,101,,,,1.5863242574257426,1.1017945544554455,2.0993193069306932,0.6435643564356436,36.99009900990099
hidden_lattice,hidden_target_logit_effect,strict,8,corrupt,visual+answer,shuffled_mask,1.0,,101,101,,,,1.4724628712871286,0.96875,1.974009900990099,0.6336633663366337,36.76237623762376
hidden_lattice,hidden_target_logit_effect,strict,8,corrupt,visual+answer,union_mask,1.0,,101,101,,,,4.001875773514851,3.343150525990099,4.6295830754950495,0.9207920792079208,736.0693069306931
hidden_lattice,hidden_target_logit_effect,strict,8,corrupt,visual_span,answer_mask,1.0,,101,101,,,,4.441638304455446,3.7642326732673266,5.072091584158416,0.9405940594059405,1132.7524752475247
hidden_lattice,hidden_target_logit_effect,strict,8,corrupt,visual_span,shifted_mask,1.0,,101,101,,,,1.9665841584158417,1.493811881188119,2.453589108910891,0.7326732673267327,44.46534653465346
hidden_lattice,hidden_target_logit_effect,strict,8,corrupt,visual_span,shuffled_mask,1.0,,101,101,,,,1.8329207920792079,1.3570544554455446,2.3103341584158414,0.7425742574257426,38.28712871287129
hidden_lattice,hidden_target_logit_effect,strict,8,corrupt,visual_span,union_mask,1.0,,101,101,,,,4.332882116336633,3.636912128712871,4.9661200495049505,0.9405940594059405,857.4851485148515
hidden_lattice,hidden_target_logit_effect,strict,8,restore,answer_adjacent,answer_mask,1.0,,101,101,,,,-0.2314743193069307,-0.3417388613861386,-0.12120977722772278,0.32673267326732675,-41.78217821782178
hidden_lattice,hidden_target_logit_effect,strict,8,restore,answer_adjacent,shifted_mask,1.0,,101,101,,,,-0.3774752475247525,-0.48669554455445546,-0.26021039603960394,0.22772277227722773,-6.3861386138613865
hidden_lattice,hidden_target_logit_effect,strict,8,restore,answer_adjacent,shuffled_mask,1.0,,101,101,,,,-0.34777227722772275,-0.46998762376237624,-0.2156559405940594,0.2376237623762376,-4.217821782178218
hidden_lattice,hidden_target_logit_effect,strict,8,restore,answer_adjacent,union_mask,1.0,,101,101,,,,-0.2808970838490099,-0.41730159344059403,-0.15238242574257427,0.27722772277227725,-137.78217821782178
hidden_lattice,hidden_target_logit_effect,strict,8,restore,top_hidden_delta,answer_mask,1.0,,101,101,,,,3.2195621905940595,2.6239170792079207,3.7940516707920793,0.8811881188118812,856.8316831683169
hidden_lattice,hidden_target_logit_effect,strict,8,restore,top_hidden_delta,shifted_mask,1.0,,101,101,,,,1.0340346534653466,0.6537747524752475,1.453589108910891,0.6336633663366337,29.356435643564357
hidden_lattice,hidden_target_logit_effect,strict,8,restore,top_hidden_delta,shuffled_mask,1.0,,101,101,,,,0.9641089108910891,0.5965346534653465,1.379331683168317,0.6633663366336634,27.306930693069308
hidden_lattice,hidden_target_logit_effect,strict,8,restore,top_hidden_delta,union_mask,1.0,,101,101,,,,2.7849918780940595,2.2280321782178216,3.3462542543316833,0.900990099009901,523.7920792079208
hidden_lattice,hidden_target_logit_effect,strict,8,restore,visual+answer,answer_mask,1.0,,101,101,,,,4.162322091584159,3.4615563118811883,4.819693688118812,0.9306930693069307,863.3069306930693
hidden_lattice,hidden_target_logit_effect,strict,8,restore,visual+answer,shifted_mask,1.0,,101,101,,,,1.6055074257425743,1.1284034653465347,2.0819925742574257,0.7029702970297029,38.65346534653465
hidden_lattice,hidden_target_logit_effect,strict,8,restore,visual+answer,shuffled_mask,1.0,,101,101,,,,1.6017945544554455,1.0918935643564356,2.1129331683168315,0.6831683168316832,37.75247524752475
hidden_lattice,hidden_target_logit_effect,strict,8,restore,visual+answer,union_mask,1.0,,101,101,,,,3.955474551361386,3.277256729579208,4.591893564356436,0.9306930693069307,548.2376237623762
hidden_lattice,hidden_target_logit_effect,strict,8,restore,visual_span,answer_mask,1.0,,101,101,,,,4.623336943069307,3.9302289603960396,5.267790841584159,0.9306930693069307,863.3168316831683
hidden_lattice,hidden_target_logit_effect,strict,8,restore,visual_span,shifted_mask,1.0,,101,101,,,,2.1030321782178216,1.6386138613861385,2.572710396039604,0.7722772277227723,38.89108910891089
hidden_lattice,hidden_target_logit_effect,strict,8,restore,visual_span,shuffled_mask,1.0,,101,101,,,,1.900680693069307,1.3938737623762376,2.3969678217821784,0.7623762376237624,37.81188118811881
hidden_lattice,hidden_target_logit_effect,strict,8,restore,visual_span,union_mask,1.0,,101,101,,,,4.402875541460396,3.746287128712871,5.030940594059406,0.9405940594059405,548.3762376237623
hidden_lattice,hidden_target_logit_effect,strict,9,corrupt,answer_adjacent,answer_mask,1.0,,101,101,,,,-0.3725247524752475,-0.5111386138613861,-0.23391089108910892,0.24752475247524752,-0.2079207920792079
hidden_lattice,hidden_target_logit_effect,strict,9,corrupt,answer_adjacent,shifted_mask,1.0,,101,101,,,,-0.4900990099009901,-0.6373762376237624,-0.33292079207920794,0.21782178217821782,-0.26732673267326734
hidden_lattice,hidden_target_logit_effect,strict,9,corrupt,answer_adjacent,shuffled_mask,1.0,,101,101,,,,-0.3873762376237624,-0.5247524752475248,-0.2524752475247525,0.2376237623762376,-0.27722772277227725
hidden_lattice,hidden_target_logit_effect,strict,9,corrupt,answer_adjacent,union_mask,1.0,,101,101,,,,-0.4876237623762376,-0.6522277227722773,-0.32735148514851486,0.19801980198019803,-0.26732673267326734
hidden_lattice,hidden_target_logit_effect,strict,9,corrupt,top_hidden_delta,answer_mask,1.0,,101,101,,,,0.10086633663366337,-0.01670792079207921,0.22215346534653466,0.5148514851485149,0.27722772277227725
hidden_lattice,hidden_target_logit_effect,strict,9,corrupt,top_hidden_delta,shifted_mask,1.0,,101,101,,,,0.021658415841584157,-0.08292079207920793,0.1318069306930693,0.44554455445544555,0.009900990099009901
hidden_lattice,hidden_target_logit_effect,strict,9,corrupt,top_hidden_delta,shuffled_mask,1.0,,101,101,,,,0.04764851485148515,-0.06064356435643564,0.1608910891089109,0.48514851485148514,0.0
hidden_lattice,hidden_target_logit_effect,strict,9,corrupt,top_hidden_delta,union_mask,1.0,,101,101,,,,0.09467821782178218,-0.013613861386138614,0.20668316831683167,0.5247524752475248,0.039603960396039604
hidden_lattice,hidden_target_logit_effect,strict,9,corrupt,visual+answer,answer_mask,1.0,,101,101,,,,3.714650371287129,3.069925742574257,4.3629331683168315,0.900990099009901,924.4950495049505
hidden_lattice,hidden_target_logit_effect,strict,9,corrupt,visual+answer,shifted_mask,1.0,,101,101,,,,1.3607673267326732,0.8824257425742574,1.8570544554455446,0.5742574257425742,35.663366336633665
hidden_lattice,hidden_target_logit_effect,strict,9,corrupt,visual+answer,shuffled_mask,1.0,,101,101,,,,1.3545792079207921,0.8666460396039604,1.85365099009901,0.6336633663366337,26.366336633663366
hidden_lattice,hidden_target_logit_effect,strict,9,corrupt,visual+answer,union_mask,1.0,,101,101,,,,3.443030631188119,2.820157797029703,4.077428836633663,0.8910891089108911,603.2673267326733
hidden_lattice,hidden_target_logit_effect,strict,9,corrupt,visual_span,answer_mask,1.0,,101,101,,,,3.9685179455445545,3.330522896039604,4.60310952970297,0.9108910891089109,915.5346534653465
hidden_lattice,hidden_target_logit_effect,strict,9,corrupt,visual_span,shifted_mask,1.0,,101,101,,,,1.8066212871287128,1.3319925742574257,2.288675742574257,0.7326732673267327,40.15841584158416
hidden_lattice,hidden_target_logit_effect,strict,9,corrupt,visual_span,shuffled_mask,1.0,,101,101,,,,1.6537747524752475,1.1735767326732673,2.1345915841584158,0.7227722772277227,30.366336633663366
hidden_lattice,hidden_target_logit_effect,strict,9,corrupt,visual_span,union_mask,1.0,,101,101,,,,3.815120281559406,3.163201964727723,4.439559483292079,0.9207920792079208,693.8811881188119
hidden_lattice,hidden_target_logit_effect,strict,9,restore,answer_adjacent,answer_mask,1.0,,101,101,,,,-0.18672648514851486,-0.30399133663366334,-0.06605816831683169,0.3564356435643564,-60.35643564356435
hidden_lattice,hidden_target_logit_effect,strict,9,restore,answer_adjacent,shifted_mask,1.0,,101,101,,,,-0.37345297029702973,-0.49288366336633666,-0.255259900990099,0.25742574257425743,-3.801980198019802
hidden_lattice,hidden_target_logit_effect,strict,9,restore,answer_adjacent,shuffled_mask,1.0,,101,101,,,,-0.32332920792079206,-0.4275990099009901,-0.2103960396039604,0.22772277227722773,-2.99009900990099
hidden_lattice,hidden_target_logit_effect,strict,9,restore,answer_adjacent,union_mask,1.0,,101,101,,,,-0.2853012840346535,-0.4188002784653465,-0.14186262376237624,0.297029702970297,-136.15841584158414
hidden_lattice,hidden_target_logit_effect,strict,9,restore,top_hidden_delta,answer_mask,1.0,,101,101,,,,3.0995126856435644,2.4994972153465347,3.7059096534653464,0.8910891089108911,853.1188118811881
hidden_lattice,hidden_target_logit_effect,strict,9,restore,top_hidden_delta,shifted_mask,1.0,,101,101,,,,0.9817450495049505,0.6055074257425742,1.3889232673267327,0.6138613861386139,34.65346534653465
hidden_lattice,hidden_target_logit_effect,strict,9,restore,top_hidden_delta,shuffled_mask,1.0,,101,101,,,,0.8907797029702971,0.5399133663366337,1.2849628712871286,0.6633663366336634,35.613861386138616
hidden_lattice,hidden_target_logit_effect,strict,9,restore,top_hidden_delta,union_mask,1.0,,101,101,,,,2.6333829672029703,2.104888613861386,3.200862469059406,0.8712871287128713,512.3564356435644
hidden_lattice,hidden_target_logit_effect,strict,9,restore,visual+answer,answer_mask,1.0,,101,101,,,,4.050935952970297,3.3780940594059405,4.702892945544554,0.900990099009901,862.7722772277227
hidden_lattice,hidden_target_logit_effect,strict,9,restore,visual+answer,shifted_mask,1.0,,101,101,,,,1.5436262376237624,1.0693069306930694,2.035272277227723,0.6336633663366337,38.21782178217822
hidden_lattice,hidden_target_logit_effect,strict,9,restore,visual+answer,shuffled_mask,1.0,,101,101,,,,1.4891707920792079,0.973700495049505,1.995668316831683,0.6831683168316832,37.34653465346535
hidden_lattice,hidden_target_logit_effect,strict,9,restore,visual+answer,union_mask,1.0,,101,101,,,,3.731464650371287,3.0727394028465347,4.342879795792079,0.8712871287128713,547.6633663366337
hidden_lattice,hidden_target_logit_effect,strict,9,restore,visual_span,answer_mask,1.0,,101,101,,,,4.377049814356436,3.6895498143564356,5.027189047029703,0.900990099009901,862.8019801980198
hidden_lattice,hidden_target_logit_effect,strict,9,restore,visual_span,shifted_mask,1.0,,101,101,,,,1.9433787128712872,1.4925742574257426,2.400371287128713,0.7920792079207921,38.62376237623762
hidden_lattice,hidden_target_logit_effect,strict,9,restore,visual_span,shuffled_mask,1.0,,101,101,,,,1.8703589108910892,1.3969678217821782,2.3514851485148514,0.7623762376237624,37.57425742574257
hidden_lattice,hidden_target_logit_effect,strict,9,restore,visual_span,union_mask,1.0,,101,101,,,,4.195573561262377,3.538675742574257,4.834806234529703,0.9306930693069307,547.8316831683169
plt_layer_sweep,plt_candidate_manifest,primary,12,,,,,,384,96,192,7680,18432,0.7136302846236967,,,,
plt_layer_sweep,plt_candidate_manifest,primary,22,,,,,,384,96,192,7680,18432,2.2740002086389617,,,,
plt_layer_sweep,plt_candidate_manifest,primary,24,,,,,,384,96,192,7680,18432,2.3846098479200495,,,,
plt_layer_sweep,plt_candidate_manifest,primary,26,,,,,,384,96,192,7680,18432,3.559287523591049,,,,
